data,lat,lon,morti,feriti,zona,ora
2013-01-01,40.34761,18.17225,,1,LECCE,17:45
2013-01-02,40.36433,18.18515,,3,LECCE,02:00
2013-01-02,40.33963,18.1787,,1,LECCE,12:50
2013-01-02,40.36233,18.1766,,,LECCE,16:00
2013-01-02,40.34299,18.17798,,2,LECCE,16:30
2013-01-02,40.34269,18.17346,,1,LECCE,21:05
2013-01-03,40.36075,18.15661,,,LECCE,15:30
2013-01-03,40.36075,18.15661,,1,LECCE,17:00
2013-01-04,40.32957,18.15907,,3,LECCE,08:30
2013-01-04,40.35731,18.17762,,,LECCE,18:20
2013-01-04,40.35731,18.17762,,1,LECCE,19:45
2013-01-06,40.34924,18.15996,,,LECCE,09:20
2013-01-06,40.33826,18.20592,,1,LECCE,17:20
2013-01-07,40.34426,18.17342,,,LECCE,14:00
2013-01-08,40.33833,18.17077,,,LECCE,14:30
2013-01-08,40.36951,18.13523,,2,LECCE,20:30
2013-01-09,40.35382,18.17922,,2,LECCE,11:50
2013-01-09,40.35397,18.1815,,,LECCE,18:00
2013-01-09,40.35924,18.18403,,2,LECCE,19:15
2013-01-10,40.3528,18.18931,,,LECCE,13:15
2013-01-10,40.36215,18.17196,,1,LECCE,14:35
2013-01-10,40.38323,18.28037,,,LECCE,16:20
2013-01-11,40.36711,18.22133,,1,LECCE,08:00
2013-01-12,40.37238,18.23896,,,LECCE,14:00
2013-01-12,40.34297,18.178,,1,LECCE,20:30
2013-01-13,40.3396,18.1787,,2,LECCE,15:00
2013-01-15,40.35833,18.18311,,,LECCE,19:30
2013-01-16,40.34316,18.1779,,,LECCE,00:15
2013-01-18,40.35403,18.18203,,,LECCE,18:10
2013-01-19,40.35509,18.17384,,1,LECCE,11:00
2013-01-19,40.34582,18.18726,,1,LECCE,13:15
2013-01-19,40.33489,18.19312,,1,LECCE,18:20
2013-01-20,40.34458,18.15719,,,LECCE,19:55
2013-01-21,40.34604,18.16749,,1,LECCE,14:10
2013-01-21,40.33987,18.15527,,,LECCE,15:50
2013-01-22,40.32872,18.15798,,,LECCE,09:40
2013-01-22,40.34473,18.12535,,2,LECCE,17:45
2013-01-23,40.34989,18.15102,,2,LECCE,14:26
2013-01-23,40.34684,18.18411,,,LECCE,23:00
2013-01-25,40.33552,18.16746,,3,LECCE,11:50
2013-01-26,40.35284,18.1811,,,LECCE,02:05
2013-01-26,40.3509,18.16413,,1,LECCE,23:00
2013-01-27,40.32302,18.18395,,2,LECCE,09:00
2013-01-27,40.32304,18.18768,,,LECCE,09:10
2013-01-27,40.323,18.18763,,,LECCE,09:12
2013-01-27,40.36556,18.17485,,,LECCE,22:00
2013-01-27,40.34495,18.14709,,1,LECCE,22:30
2013-01-28,40.34208,18.17387,,3,LECCE,14:50
2013-01-28,40.34902,18.17283,,1,LECCE,15:15
2013-01-29,40.34535,18.18674,,1,LECCE,08:15
2013-01-30,40.36106,18.17017,,,LECCE,19:55
2013-01-30,40.36586,18.19988,,1,LECCE,21:00
2013-01-31,40.35869,18.19149,,1,LECCE,12:50
2013-01-31,40.33776,18.17769,,1,LECCE,20:30
2013-02-01,40.36257,18.17246,,2,LECCE,08:20
2013-02-01,40.35313,18.17768,,,LECCE,18:45
2013-02-01,40.35631,18.18861,,2,LECCE,19:50
2013-02-01,40.34621,18.17077,,2,LECCE,22:20
2013-02-02,40.35722,18.1371,,1,LECCE,07:15
2013-02-02,40.35001,18.18385,,1,LECCE,12:00
2013-02-04,40.34288,18.17227,,,LECCE,00:10
2013-02-04,40.35631,18.17653,,1,LECCE,11:35
2013-02-05,40.33896,18.17734,,1,LECCE,10:50
2013-02-05,40.35631,18.17652,,,LECCE,14:20
2013-02-06,40.35444,18.18766,,,LECCE,11:20
2013-02-06,40.36065,18.16973,,,LECCE,18:15
2013-02-06,40.36228,18.17207,,2,LECCE,23:53
2013-02-07,40.35969,18.17213,,,LECCE,14:30
2013-02-09,40.35346,18.15044,,,LECCE,08:05
2013-02-09,40.34617,18.19013,,2,LECCE,14:15
2013-02-09,40.35379,18.19105,,,LECCE,18:10
2013-02-10,40.34635,18.18943,,,LECCE,09:45
2013-02-10,40.35908,18.17804,,,LECCE,11:50
2013-02-11,40.35127,18.16127,,,LECCE,13:05
2013-02-12,40.35668,18.18759,,,LECCE,15:25
2013-02-13,40.36246,18.15792,,2,LECCE,18:18
2013-02-14,40.34734,18.17181,,1,LECCE,11:00
2013-02-14,40.35594,18.19466,,1,LECCE,15:30
2013-02-15,40.35374,18.18553,,,LECCE,12:28
2013-02-15,40.34751,18.17154,,1,LECCE,12:45
2013-02-15,40.36642,18.16908,,1,LECCE,20:30
2013-02-18,40.36195,18.18868,,,LECCE,04:30
2013-02-19,40.36892,18.1685,,1,LECCE,12:30
2013-02-20,40.36615,18.17383,,1,LECCE,13:10
2013-02-20,40.33963,18.17871,,,LECCE,15:30
2013-02-20,40.35262,18.17652,,1,LECCE,23:30
2013-02-21,40.36235,18.16726,,1,LECCE,18:45
2013-02-21,40.35653,18.18396,,,LECCE,21:00
2013-02-22,40.355,18.15967,,1,LECCE,01:50
2013-02-23,40.35438,18.17644,,1,LECCE,19:05
2013-02-24,40.34818,18.16769,,,LECCE,01:35
2013-02-25,40.34741,18.17903,,,LECCE,04:20
2013-02-25,40.3487,18.16454,,1,LECCE,08:25
2013-02-25,40.37324,18.14791,,1,LECCE,09:15
2013-02-26,40.3542,18.15878,,2,LECCE,16:00
2013-02-26,40.37263,18.17905,,,LECCE,19:05
2013-02-27,40.35064,18.16346,,3,LECCE,10:30
2013-02-27,40.34449,18.15712,,3,LECCE,13:40
2013-02-27,40.3527,18.17982,,,LECCE,20:00
2013-02-28,40.338,18.15639,,2,LECCE,12:50
2013-03-01,40.35196,18.16061,,1,LECCE,15:30
2013-03-02,40.36131,18.17622,,,LECCE,10:55
2013-03-03,40.33952,18.15722,,1,LECCE,01:50
2013-03-03,40.35367,18.17896,,1,LECCE,11:25
2013-03-05,40.34395,18.17491,,1,LECCE,18:30
2013-03-06,40.35718,18.15763,,,LECCE,18:30
2013-03-07,40.35027,18.15198,,2,LECCE,07:40
2013-03-07,40.35106,18.1772,,1,LECCE,12:43
2013-03-07,40.34858,18.17371,,,LECCE,19:07
2013-03-07,40.3329,18.19522,,4,LECCE,21:00
2013-03-08,40.34846,18.15754,,1,LECCE,08:30
2013-03-08,40.357,18.1672,,1,LECCE,23:50
2013-03-09,40.35627,18.15676,,2,LECCE,09:30
2013-03-10,40.36576,18.21436,,1,LECCE,03:15
2013-03-10,40.3475,18.17149,,3,LECCE,11:30
2013-03-10,40.33972,18.17695,,1,LECCE,21:10
2013-03-11,40.35719,18.16749,,1,LECCE,18:30
2013-03-13,40.36006,18.1694,,1,LECCE,13:30
2013-03-14,40.35391,18.1746,,,LECCE,09:30
2013-03-14,40.34659,18.18383,,1,LECCE,14:15
2013-03-14,40.36165,18.18522,,2,LECCE,16:30
2013-03-15,40.36086,18.17749,,1,LECCE,10:20
2013-03-15,40.33778,18.16803,,,LECCE,16:00
2013-03-15,40.35058,18.19136,,3,LECCE,16:20
2013-03-15,40.34864,18.17364,,,LECCE,16:55
2013-03-16,40.35889,18.15557,,1,LECCE,09:10
2013-03-17,40.33884,18.1256,,,LECCE,23:15
2013-03-18,40.36027,18.18142,,,LECCE,12:00
2013-03-18,40.35105,18.17643,,,LECCE,14:45
2013-03-19,40.21086,18.09767,,2,LECCE,09:45
2013-03-20,40.3624,18.16921,,3,LECCE,10:20
2013-03-22,40.35642,18.13032,,2,LECCE,07:40
2013-03-23,40.3557,18.19005,,,LECCE,09:00
2013-03-23,40.34654,18.18391,,1,LECCE,13:50
2013-03-23,40.36612,18.20635,,2,LECCE,15:45
2013-03-23,40.38046,18.20469,,,LECCE,16:20
2013-03-24,40.3771,18.18216,,,LECCE,04:30
2013-03-24,40.35714,18.18602,,1,LECCE,13:10
2013-03-25,40.33965,18.17872,,1,LECCE,09:20
2013-03-25,40.35553,18.1524,,1,LECCE,13:00
2013-03-26,40.34777,18.1602,,,LECCE,10:15
2013-03-26,40.34907,18.18054,,,LECCE,11:45
2013-03-26,40.34557,18.15533,,2,LECCE,12:30
2013-03-26,40.35515,18.185,,2,LECCE,13:45
2013-03-27,40.34926,18.15249,,1,LECCE,07:50
2013-03-27,40.35926,18.19362,,,LECCE,20:15
2013-03-28,40.34695,18.15395,,,LECCE,08:30
2013-03-28,40.34269,18.21103,,1,LECCE,16:30
2013-03-29,40.32599,18.14977,,,LECCE,10:00
2013-03-30,40.36554,18.14259,,3,LECCE,09:00
2013-03-30,40.34855,18.15776,,1,LECCE,23:08
2013-03-31,40.35178,18.17766,,,LECCE,17:15
2013-04-01,40.34391,18.15786,,,LECCE,01:20
2013-04-01,40.34535,18.19794,,4,LECCE,13:50
2013-04-01,40.35065,18.16351,,3,LECCE,19:55
2013-04-02,40.35213,18.15057,,,LECCE,12:20
2013-04-02,40.34614,18.17604,,1,LECCE,16:30
2013-04-03,40.35573,18.19127,,,LECCE,09:08
2013-04-03,40.35014,18.1519,,,LECCE,20:50
2013-04-04,40.36088,18.17027,,,LECCE,08:00
2013-04-05,40.34663,18.18124,,,LECCE,08:45
2013-04-05,40.35458,18.18085,,1,LECCE,14:30
2013-04-05,40.35964,18.17224,,,LECCE,16:10
2013-04-06,40.35186,18.18137,,2,LECCE,15:40
2013-04-07,40.34789,18.17762,,,LECCE,12:10
2013-04-07,40.34317,18.20252,,,LECCE,15:30
2013-04-08,40.34547,18.14863,,2,LECCE,13:10
2013-04-09,40.37039,18.23328,,1,LECCE,00:30
2013-04-09,40.35726,18.16753,,2,LECCE,10:00
2013-04-10,40.36163,18.18818,,1,LECCE,13:15
2013-04-10,40.34623,18.17061,,1,LECCE,18:30
2013-04-11,40.35774,18.19126,,2,LECCE,22:00
2013-04-12,40.34758,18.17855,,,LECCE,07:50
2013-04-12,40.36267,18.16721,,1,LECCE,08:05
2013-04-12,40.358,18.15478,,1,LECCE,13:20
2013-04-12,40.35209,18.17667,,,LECCE,17:20
2013-04-13,40.35287,18.1798,,2,LECCE,17:30
2013-04-13,40.34789,18.17766,,1,LECCE,20:20
2013-04-13,40.351825,18.170068,,,LECCE,22:20
2013-04-14,40.36897,18.16863,,,LECCE,10:00
2013-04-14,40.3635,18.172,,,LECCE,16:35
2013-04-15,40.33862,18.09028,,,LECCE,05:00
2013-04-15,40.34319,18.15919,,1,LECCE,15:40
2013-04-15,40.35393,18.18448,,1,LECCE,20:20
2013-04-16,40.35509,18.17383,,1,LECCE,13:00
2013-04-16,40.35616,18.19873,,1,LECCE,14:15
2013-04-18,40.353,18.1717,,1,LECCE,14:40
2013-04-18,40.3462,18.18338,,,LECCE,19:05
2013-04-19,40.3313,18.16081,,1,LECCE,12:50
2013-04-19,40.35687,18.17428,,1,LECCE,18:10
2013-04-20,40.38148,18.21886,,4,LECCE,17:25
2013-04-22,40.34289,18.17784,,1,LECCE,09:47
2013-04-23,40.34629,18.20494,,2,LECCE,13:15
2013-04-23,40.34629,18.20494,,1,LECCE,16:15
2013-04-23,40.36215,18.17194,,,LECCE,17:20
2013-04-23,40.35527,18.17617,,1,LECCE,19:05
2013-04-24,40.35569,18.16483,,,LECCE,08:30
2013-04-24,40.34471,18.17222,,,LECCE,10:10
2013-04-24,40.34046,18.16344,,1,LECCE,10:55
2013-04-24,40.33502,18.16791,,2,LECCE,19:00
2013-04-24,40.36112,18.18005,,1,LECCE,20:27
2013-04-24,40.35529,18.17631,,2,LECCE,21:00
2013-04-25,40.34819,18.18084,,,LECCE,00:00
2013-04-26,40.34409,18.17255,,,LECCE,15:40
2013-04-26,40.35981,18.17209,,,LECCE,18:45
2013-04-26,40.362,18.17826,,,LECCE,20:50
2013-04-27,40.34413,18.14467,,1,LECCE,14:50
2013-04-28,40.35701,18.16752,,,LECCE,00:40
2013-04-28,40.35545,18.17824,,1,LECCE,11:15
2013-04-29,40.33733,18.16914,,1,LECCE,12:30
2013-04-29,40.3623,18.17718,,3,LECCE,12:45
2013-04-29,40.36126,18.17298,,,LECCE,14:50
2013-04-30,40.36066,18.16991,,,LECCE,20:20
2013-04-30,40.36271,18.17516,,,LECCE,22:00
2013-05-01,40.35245,18.17406,,,LECCE,14:30
2013-05-02,40.3583,18.16825,,1,LECCE,08:30
2013-05-02,40.35705,18.186,,1,LECCE,19:30
2013-05-03,40.34604,18.18352,,,LECCE,13:10
2013-05-04,40.36063,18.18658,,1,LECCE,13:00
2013-05-04,40.36012,18.17577,,1,LECCE,20:40
2013-05-05,40.34777,18.16015,,2,LECCE,13:48
2013-05-06,40.36007,18.10514,,2,LECCE,21:50
2013-05-08,40.35643,18.18654,,,LECCE,10:30
2013-05-09,40.36809,18.16956,,1,LECCE,16:10
2013-05-09,40.35357,18.18209,,1,LECCE,19:00
2013-05-09,40.34751,18.16865,,1,LECCE,19:00
2013-05-10,40.34954,18.16541,,,LECCE,10:30
2013-05-10,40.34775,18.16018,,1,LECCE,13:10
2013-05-10,40.35919,18.16647,,,LECCE,15:45
2013-05-10,40.4126,18.2024,,1,LECCE,18:10
2013-05-11,40.35443,18.16547,,,LECCE,10:10
2013-05-11,40.35905,18.19259,,1,LECCE,13:15
2013-05-11,40.36681,18.22035,,1,LECCE,19:15
2013-05-12,40.34801,18.18475,,,LECCE,11:20
2013-05-13,40.34328,18.19378,,1,LECCE,17:40
2013-05-14,40.36245,18.17662,,2,LECCE,08:00
2013-05-15,40.42848,18.21117,,1,LECCE,01:15
2013-05-15,40.345586,18.15821,,,LECCE,21:50
2013-05-16,40.36271,18.17289,,,LECCE,03:30
2013-05-16,40.35681,18.127642,,,LECCE,09:15
2013-05-17,40.45855,18.15312,,2,LECCE,17:10
2013-05-18,40.36593,18.20407,,,LECCE,04:00
2013-05-18,40.33444,18.16726,,,LECCE,09:30
2013-05-18,40.35291,18.18576,,2,LECCE,19:10
2013-05-19,40.34057,18.17475,,1,LECCE,12:15
2013-05-20,40.3297,18.16357,,,LECCE,09:40
2013-05-20,40.35189,18.21089,,1,LECCE,12:45
2013-05-20,40.33681,18.17056,,1,LECCE,17:45
2013-05-20,40.34551,18.17444,,1,LECCE,21:05
2013-05-21,40.3428,18.17679,,1,LECCE,11:00
2013-05-21,40.35371,18.18565,,,LECCE,14:10
2013-05-22,40.35715,18.19965,,,LECCE,07:45
2013-05-22,40.35069,18.16345,,,LECCE,12:20
2013-05-24,40.34195,18.17188,,,LECCE,13:20
2013-05-25,40.36117,18.17034,,,LECCE,17:40
2013-05-25,40.34496,18.14687,,,LECCE,20:45
2013-05-26,40.36003,18.18335,,,LECCE,03:45
2013-05-27,40.35971,18.19439,,2,LECCE,10:15
2013-05-27,40.35581,18.19466,,2,LECCE,11:45
2013-05-28,40.35986,18.16907,,1,LECCE,08:50
2013-05-28,40.36372,18.1678,,2,LECCE,14:46
2013-05-28,40.34736,18.16085,,1,LECCE,21:00
2013-05-29,40.37448,18.13987,,1,LECCE,08:30
2013-05-31,40.36492,18.07268,,1,LECCE,16:20
2013-06-01,40.3562,18.17643,,2,LECCE,12:30
2013-06-03,40.35654,18.15336,,1,LECCE,07:50
2013-06-03,40.34788,18.17762,,1,LECCE,11:40
2013-06-03,40.35487,18.19123,,1,LECCE,13:52
2013-06-03,40.34567,18.1519,,1,LECCE,14:30
2013-06-04,40.34321,18.17318,,1,LECCE,19:45
2013-06-05,40.35233,18.19026,,,LECCE,13:00
2013-06-06,40.36468,18.15912,,,LECCE,07:40
2013-06-06,40.35968,18.17208,,1,LECCE,08:45
2013-06-06,40.32965,18.16356,,,LECCE,13:50
2013-06-06,40.36109,18.17997,,1,LECCE,16:55
2013-06-06,40.35784,18.19156,,1,LECCE,19:30
2013-06-07,40.36244,18.16747,,1,LECCE,03:30
2013-06-07,40.34806,18.15968,,1,LECCE,18:45
2013-06-08,40.37161,18.17752,,1,LECCE,09:50
2013-06-09,40.34788,18.17761,,1,LECCE,18:07
2013-06-10,40.35817,18.1548,,,LECCE,00:30
2013-06-10,40.34735,18.18655,,2,LECCE,02:40
2013-06-10,40.33133,18.16623,,1,LECCE,12:25
2013-06-11,40.34749,18.20418,,1,LECCE,16:45
2013-06-11,40.36686,18.1769,,,LECCE,19:00
2013-06-13,40.34862,18.17361,,1,LECCE,08:50
2013-06-13,40.35565,18.18997,,,LECCE,15:10
2013-06-14,40.35991,18.17321,,1,LECCE,09:45
2013-06-14,40.35248,18.18641,,,LECCE,12:10
2013-06-14,40.36058,18.19302,,,LECCE,18:00
2013-06-15,40.34822,18.18872,,4,LECCE,15:20
2013-06-15,40.35917,18.18277,,1,LECCE,18:45
2013-06-15,40.3609,18.19295,,1,LECCE,23:30
2013-06-16,40.36581,18.2,,2,LECCE,17:15
2013-06-16,40.35351,18.16515,,2,LECCE,21:05
2013-06-17,40.36005,18.18159,,,LECCE,09:05
2013-06-17,40.35703,18.16446,,1,LECCE,09:40
2013-06-17,40.35728,18.18654,,2,LECCE,16:25
2013-06-18,40.36047,18.17495,,3,LECCE,12:00
2013-06-18,40.35431,18.16561,,2,LECCE,14:30
2013-06-18,40.36213,18.17205,,1,LECCE,14:50
2013-06-18,40.34268,18.17556,,2,LECCE,16:25
2013-06-19,40.35256,18.19056,,1,LECCE,07:40
2013-06-19,40.35158,18.15135,,,LECCE,15:00
2013-06-19,40.34727,18.17377,,1,LECCE,19:30
2013-06-20,40.359025,18.183007,,,LECCE,18:00
2013-06-21,40.37411,18.17308,,,LECCE,18:20
2013-06-21,40.35008,18.17564,,1,LECCE,23:15
2013-06-22,40.36437,18.18507,,1,LECCE,00:00
2013-06-22,40.3484,18.15938,,1,LECCE,08:30
2013-06-22,40.33487,18.19318,,,LECCE,12:25
2013-06-22,40.358882,18.183287,,,LECCE,18:20
2013-06-24,40.34757,18.18594,,2,LECCE,07:50
2013-06-24,40.3573,18.17396,,,LECCE,11:20
2013-06-26,40.33679,18.17052,,1,LECCE,20:40
2013-06-27,40.35744,18.18383,,3,LECCE,09:25
2013-06-28,40.3692,18.15716,,,LECCE,09:10
2013-06-28,40.3691,18.15716,,1,LECCE,15:15
2013-06-28,40.3779,18.2604,,1,LECCE,20:15
2013-06-28,40.426188,18.239576,,,LECCE,23:45
2013-06-29,40.33832,18.15659,,1,LECCE,11:15
2013-06-30,40.36565,18.19984,,1,LECCE,02:00
2013-06-30,40.34431,18.18007,,1,LECCE,05:00
2013-07-01,40.34308,18.16974,,1,LECCE,17:50
2013-07-02,40.3611,18.17994,,1,LECCE,15:05
2013-07-02,40.34515,18.17713,,,LECCE,16:05
2013-07-03,40.34974,18.19172,,1,LECCE,08:55
2013-07-03,40.34672,18.18398,,2,LECCE,10:50
2013-07-03,40.35126,18.17666,,,LECCE,17:15
2013-07-04,40.352716,18.155344,,,LECCE,13:00
2013-07-04,40.35183,18.17404,,,LECCE,19:00
2013-07-04,40.3518,18.17426,,1,LECCE,19:30
2013-07-05,40.343561,18.172952,,,LECCE,16:50
2013-07-05,40.36002,18.17172,,1,LECCE,18:20
2013-07-06,40.356054,18.175647,,,LECCE,12:15
2013-07-06,40.37827,18.26189,,2,LECCE,14:10
2013-07-07,40.3526,18.17858,,1,LECCE,19:20
2013-07-08,40.34689,18.1529,,1,LECCE,11:20
2013-07-09,40.34098,18.17635,,1,LECCE,19:10
2013-07-09,40.35524,18.17631,,2,LECCE,20:00
2013-07-09,40.36807,18.17694,,1,LECCE,20:25
2013-07-10,40.34552,18.1488,,3,LECCE,13:25
2013-07-12,40.35295,18.1831,,1,LECCE,20:20
2013-07-13,40.35418,18.17394,,2,LECCE,10:45
2013-07-14,40.3475,18.17149,,,LECCE,01:20
2013-07-14,40.3524,18.17654,,1,LECCE,15:10
2013-07-14,40.36386,18.1874,,1,LECCE,19:50
2013-07-15,40.36273,18.17519,,,LECCE,10:00
2013-07-15,40.36012,18.17808,,,LECCE,10:55
2013-07-16,40.35594,18.19595,,1,LECCE,09:00
2013-07-16,40.34144,18.16205,,,LECCE,10:50
2013-07-16,40.36368,18.1678,,2,LECCE,20:00
2013-07-16,40.35394,18.14727,,,LECCE,20:54
2013-07-17,40.36077,18.18671,,,LECCE,10:15
2013-07-17,40.34615,18.19021,,1,LECCE,14:37
2013-07-18,40.34519,18.19364,,1,LECCE,09:15
2013-07-18,40.46636,18.19152,,1,LECCE,13:00
2013-07-19,40.34589,18.16068,,,LECCE,04:30
2013-07-19,40.35287,18.18575,,2,LECCE,12:40
2013-07-20,40.35062,18.16342,,2,LECCE,08:00
2013-07-20,40.46764,18.19191,,2,LECCE,11:00
2013-07-20,40.35939,18.19391,,,LECCE,12:40
2013-07-20,40.37552,18.21404,,2,LECCE,19:40
2013-07-21,40.45849,18.15315,,3,LECCE,12:20
2013-07-21,40.41258,18.20239,,,LECCE,14:00
2013-07-21,40.33375,18.15419,,,LECCE,20:50
2013-07-24,40.34787,18.17762,,1,LECCE,08:00
2013-07-24,40.3619,18.17849,,1,LECCE,17:15
2013-07-25,40.34783,18.18508,,1,LECCE,10:00
2013-07-26,40.36246,18.19407,,,LECCE,08:20
2013-07-26,40.35618,18.17469,,1,LECCE,17:30
2013-07-27,40.36314,18.1862,,2,LECCE,11:30
2013-07-27,40.34909,18.17404,,3,LECCE,18:10
2013-07-28,40.3782,18.26122,,,LECCE,18:30
2013-07-29,40.36023,18.17146,,1,LECCE,07:50
2013-07-29,40.32966,18.16354,,,LECCE,18:10
2013-07-30,40.35514,18.18508,,,LECCE,12:30
2013-07-30,40.3457,18.17735,,,LECCE,14:10
2013-07-31,40.37027,18.17774,,2,LECCE,17:45
2013-08-01,40.35175,18.2675,,2,LECCE,06:35
2013-08-01,40.33951,18.15723,,2,LECCE,16:45
2013-08-02,40.3453,18.15906,,3,LECCE,02:50
2013-08-03,40.35379,18.19221,,1,LECCE,00:30
2013-08-03,40.34901,18.16627,,1,LECCE,09:40
2013-08-03,40.36222,18.18936,,,LECCE,17:40
2013-08-03,40.358712,18.191581,,,LECCE,20:00
2013-08-04,40.41258,18.20242,,6,LECCE,18:30
2013-08-05,40.35437,18.17664,,,LECCE,10:15
2013-08-05,40.36266,18.15806,,1,LECCE,16:00
2013-08-06,40.3383,18.17747,,,LECCE,02:00
2013-08-06,40.35969,18.20261,,,LECCE,20:30
2013-08-07,40.41265,18.20243,,1,LECCE,10:40
2013-08-07,40.35431,18.16559,,1,LECCE,12:20
2013-08-07,40.36621,18.20567,,2,LECCE,19:45
2013-08-09,40.36413,18.18124,,,LECCE,10:00
2013-08-10,40.35591,18.17612,,1,LECCE,18:00
2013-08-11,40.41263,18.20243,,,LECCE,00:20
2013-08-12,40.36182,18.17881,1,,LECCE,18:18
2013-08-12,40.35124,18.18063,,3,LECCE,20:50
2013-08-13,40.34877,18.16218,,1,LECCE,10:20
2013-08-13,40.36182,18.18561,,2,LECCE,10:50
2013-08-13,40.3472,18.20568,,,LECCE,17:55
2013-08-14,40.35329,18.16499,,,LECCE,10:00
2013-08-15,40.35344,18.16507,,1,LECCE,10:00
2013-08-15,40.34398,18.15782,,2,LECCE,17:00
2013-08-16,40.3479,18.18478,,2,LECCE,14:25
2013-08-19,40.33121,18.14684,,1,LECCE,13:10
2013-08-20,40.34871,18.1623,,1,LECCE,09:49
2013-08-21,40.35181,18.17684,,1,LECCE,19:00
2013-08-21,40.36575,18.16555,,1,LECCE,20:00
2013-08-22,40.35273,18.17984,,1,LECCE,09:03
2013-08-22,40.35284,18.17648,,1,LECCE,11:20
2013-08-22,40.34896,18.17281,,1,LECCE,20:00
2013-08-24,40.35645,18.16711,,1,LECCE,09:30
2013-08-24,40.360987,18.170198,,,LECCE,20:15
2013-08-25,40.37375,18.17924,,,LECCE,14:00
2013-08-26,40.35152,18.17502,,2,LECCE,08:20
2013-08-28,40.36097,18.19056,,1,LECCE,10:45
2013-08-30,40.34526,18.19665,,1,LECCE,12:56
2013-08-30,40.35343,18.18575,,1,LECCE,16:20
2013-09-02,40.36279,18.17518,,1,LECCE,15:25
2013-09-03,40.35566,18.18973,,1,LECCE,15:15
2013-09-03,40.34859,18.17364,,1,LECCE,18:40
2013-09-04,40.35061,18.16354,,1,LECCE,09:50
2013-09-04,40.3682,18.18345,,1,LECCE,11:48
2013-09-04,40.35463,18.17995,,,LECCE,12:30
2013-09-04,40.35987,18.19231,,,LECCE,16:50
2013-09-04,40.33818,18.12012,,,LECCE,20:45
2013-09-06,40.34634,18.18347,,2,LECCE,10:00
2013-09-06,40.34209,18.18379,,2,LECCE,17:00
2013-09-07,40.36958,18.14601,,1,LECCE,19:00
2013-09-07,40.38743,18.30407,,,LECCE,19:30
2013-09-08,40.3521,18.17669,,2,LECCE,03:10
2013-09-09,40.35255,18.24273,1,1,LECCE,10:46
2013-09-09,40.34869,18.16233,,1,LECCE,16:59
2013-09-10,40.34381,18.18385,,2,LECCE,11:30
2013-09-10,40.36577,18.18675,,1,LECCE,21:25
2013-09-11,40.36656,18.2007,,1,LECCE,08:45
2013-09-11,40.34665,18.1885,,2,LECCE,17:40
2013-09-12,40.3688,18.17214,,2,LECCE,07:45
2013-09-12,40.34524,18.19331,,1,LECCE,12:40
2013-09-12,40.34726,18.17961,,1,LECCE,13:00
2013-09-12,40.35403,18.18222,,1,LECCE,13:15
2013-09-12,40.33711,18.18829,,,LECCE,16:30
2013-09-12,40.36002,18.18148,,1,LECCE,17:45
2013-09-13,40.34409,18.17255,,1,LECCE,11:10
2013-09-13,40.35242,18.1777,,,LECCE,16:40
2013-09-14,40.35069,18.16345,,,LECCE,12:30
2013-09-14,40.36107,18.18442,,,LECCE,17:00
2013-09-15,40.35513,18.18508,,1,LECCE,10:00
2013-09-16,40.35661,18.17441,,1,LECCE,17:35
2013-09-17,40.35041,18.1757,,1,LECCE,10:25
2013-09-19,40.34068,18.17089,,1,LECCE,12:00
2013-09-21,40.34635,18.18237,,,LECCE,04:00
2013-09-21,40.35886,18.17549,,1,LECCE,09:00
2013-09-21,40.35064,18.16357,,2,LECCE,13:20
2013-09-23,40.34772,18.16002,,1,LECCE,05:07
2013-09-23,40.34933,18.17319,,,LECCE,08:50
2013-09-23,40.35719,18.17799,,1,LECCE,16:05
2013-09-23,40.33829,18.15901,,,LECCE,18:00
2013-09-24,40.34904,18.17413,,1,LECCE,14:10
2013-09-24,40.34927,18.17348,,1,LECCE,15:30
2013-09-24,40.34526,18.17534,,,LECCE,17:15
2013-09-25,40.35231,18.15857,,2,LECCE,20:15
2013-09-25,40.35631,18.1614,,1,LECCE,22:15
2013-09-26,40.33963,18.16501,,1,LECCE,12:20
2013-09-27,40.35848,18.16277,,1,LECCE,12:04
2013-09-27,40.34754,18.17359,,2,LECCE,16:15
2013-10-01,40.33656,18.17036,,1,LECCE,08:40
2013-10-01,40.3597,18.15944,,,LECCE,11:30
2013-10-01,40.34906,18.1663,,1,LECCE,20:45
2013-10-02,40.36004,18.16952,,1,LECCE,08:10
2013-10-02,40.35517,18.1851,,1,LECCE,10:30
2013-10-02,40.34612,18.18326,,2,LECCE,19:50
2013-10-04,40.34308,18.17789,,2,LECCE,17:10
2013-10-05,40.35061,18.16361,,2,LECCE,11:00
2013-10-06,40.357,18.16449,,1,LECCE,02:15
2013-10-07,40.34599,18.18313,,,LECCE,17:20
2013-10-07,40.38991,18.2908,,,LECCE,23:50
2013-10-08,40.35822,18.15478,,1,LECCE,09:45
2013-10-08,40.3624,18.16912,,,LECCE,10:45
2013-10-09,40.36494,18.14354,,,LECCE,19:00
2013-10-10,40.34394,18.17508,,1,LECCE,18:40
2013-10-11,40.352337,18.174085,,,LECCE,10:15
2013-10-11,40.35666,18.17371,,,LECCE,12:00
2013-10-12,40.352849,18.184485,,,LECCE,10:00
2013-10-13,40.3505,18.20413,,3,LECCE,15:40
2013-10-14,40.35215,18.18226,,1,LECCE,11:15
2013-10-14,40.35428,18.18879,,3,LECCE,12:00
2013-10-14,40.3413,18.16199,,4,LECCE,19:30
2013-10-15,40.35328,18.18763,,1,LECCE,10:20
2013-10-15,40.35677,18.16732,,,LECCE,15:52
2013-10-15,40.39005,18.3056,,1,LECCE,17:50
2013-10-15,40.35363,18.17649,,1,LECCE,18:00
2013-10-16,40.42487,18.23942,,1,LECCE,15:45
2013-10-17,40.35722,18.18004,,1,LECCE,15:30
2013-10-18,40.36589,18.15994,,1,LECCE,15:00
2013-10-18,40.35389,18.18062,,1,LECCE,20:35
2013-10-19,40.35833,18.17721,,,LECCE,11:30
2013-10-19,40.36431,18.14631,,1,LECCE,14:45
2013-10-21,40.33472,18.16732,,1,LECCE,11:55
2013-10-21,40.39533,18.13501,,2,LECCE,14:40
2013-10-21,40.34578,18.1606,,,LECCE,15:00
2013-10-21,40.34265,18.16005,,1,LECCE,18:15
2013-10-22,40.36772,18.19062,,2,LECCE,11:45
2013-10-22,40.34156,18.17609,,1,LECCE,13:20
2013-10-22,40.3478,18.17756,,1,LECCE,18:20
2013-10-22,40.36063,18.19839,,1,LECCE,20:15
2013-10-23,40.35787,18.17961,,1,LECCE,11:55
2013-10-23,40.33759,18.17773,,2,LECCE,20:30
2013-10-24,40.35072,18.18231,,1,LECCE,07:55
2013-10-24,40.34317,18.15911,,2,LECCE,17:50
2013-10-24,40.35482,18.28471,,,LECCE,18:30
2013-10-27,40.35653,18.16752,,2,LECCE,01:00
2013-10-29,40.34617,18.17609,,,LECCE,12:00
2013-10-30,40.34788,18.16039,,,LECCE,01:15
2013-10-30,40.36106,18.16965,,,LECCE,10:25
2013-10-30,40.35575,18.17384,,1,LECCE,16:30
2013-10-30,40.3664,18.21955,,1,LECCE,23:45
2013-10-31,40.34823,18.183,,2,LECCE,15:00
2013-11-01,40.35359,18.17403,,,LECCE,17:15
2013-11-01,40.35873,18.16838,,3,LECCE,23:30
2013-11-02,40.35418,18.17394,,1,LECCE,20:20
2013-11-03,40.35542,18.17821,,2,LECCE,02:20
2013-11-03,40.3384,18.17745,,2,LECCE,17:00
2013-11-04,40.35584,18.19474,,2,LECCE,12:35
2013-11-04,40.35058,18.18102,,1,LECCE,15:00
2013-11-06,40.343711,18.172804,,1,LECCE,11:20
2013-11-06,40.33573,18.13694,,2,LECCE,16:12
2013-11-06,40.35013,18.17566,,1,LECCE,21:50
2013-11-08,40.32867,18.16288,,6,LECCE,08:40
2013-11-08,40.34027,18.17582,,1,LECCE,11:40
2013-11-08,40.34913,18.17287,,1,LECCE,22:15
2013-11-10,40.3517,18.1721,,1,LECCE,02:30
2013-11-10,40.34523,18.18251,,1,LECCE,22:20
2013-11-11,40.35848,18.1628,,2,LECCE,09:30
2013-11-11,40.41266,18.20242,,2,LECCE,15:00
2013-11-12,40.37187,18.1503,,1,LECCE,15:20
2013-11-12,40.35542,18.17388,,1,LECCE,20:10
2013-11-13,40.35919,18.18248,,1,LECCE,08:15
2013-11-13,40.34434,18.18019,,1,LECCE,11:40
2013-11-13,40.35368,18.18556,,,LECCE,21:00
2013-11-14,40.35861,18.18294,,4,LECCE,02:25
2013-11-14,40.35975,18.17197,,,LECCE,08:20
2013-11-15,40.34734,18.16078,,1,LECCE,07:45
2013-11-15,40.36909,18.15717,,1,LECCE,20:45
2013-11-16,40.35555,18.13652,,4,LECCE,16:40
2013-11-17,40.36058,18.19845,,,LECCE,00:30
2013-11-18,40.35374,18.18553,,,LECCE,16:00
2013-11-18,40.33652,18.17472,,1,LECCE,16:20
2013-11-18,40.34538,18.18264,,2,LECCE,20:30
2013-11-19,40.36171,18.17119,,1,LECCE,18:10
2013-11-20,40.36329,18.16696,,1,LECCE,10:30
2013-11-21,40.34611,18.17103,,1,LECCE,08:00
2013-11-21,40.34773,18.16624,,1,LECCE,08:15
2013-11-21,40.36334,18.18692,,1,LECCE,11:40
2013-11-21,40.35095,18.18577,,2,LECCE,21:15
2013-11-22,40.35678,18.16743,,1,LECCE,21:10
2013-11-23,40.36241,18.17656,,,LECCE,08:30
2013-11-24,40.35026,18.15204,,1,LECCE,00:00
2013-11-24,40.35298,18.15684,,2,LECCE,21:10
2013-11-25,40.35608,18.19774,,1,LECCE,07:25
2013-11-25,40.35285,18.18115,,1,LECCE,10:30
2013-11-25,40.35365,18.17659,,1,LECCE,23:25
2013-11-26,40.33979,18.16516,,,LECCE,11:00
2013-11-26,40.32553,18.1829,,,LECCE,17:50
2013-11-28,40.36282,18.17192,,1,LECCE,18:50
2013-11-29,40.36098,18.18712,,1,LECCE,12:30
2013-11-29,40.41263,18.20243,,3,LECCE,15:15
2013-11-30,40.35151,18.16415,,1,LECCE,12:45
2013-11-30,40.35745,18.16575,,,LECCE,20:15
2013-12-01,40.359548,18.193765,,,LECCE,00:00
2013-12-01,40.35369,18.17845,,,LECCE,00:20
2013-12-01,40.34286,18.1326,,,LECCE,12:40
2013-12-02,40.34967,18.16529,,1,LECCE,11:50
2013-12-02,40.36561,18.14298,,,LECCE,16:50
2013-12-02,40.3515,18.16389,,2,LECCE,17:05
2013-12-03,40.34359,18.16766,,2,LECCE,07:50
2013-12-04,40.32853,18.18168,,1,LECCE,18:00
2013-12-05,40.37881,18.12789,,,LECCE,02:10
2013-12-06,40.34692,18.18422,,,LECCE,08:50
2013-12-06,40.35273,18.17979,,,LECCE,10:40
2013-12-06,40.33712,18.17791,,,LECCE,12:35
2013-12-06,40.34123,18.1554,,1,LECCE,17:40
2013-12-07,40.37424,18.15012,,,LECCE,08:45
2013-12-07,40.40603,18.19874,,1,LECCE,12:15
2013-12-07,40.35016,18.18924,,1,LECCE,18:20
2013-12-08,40.35182,18.17673,,,LECCE,03:00
2013-12-08,40.357,18.17219,,1,LECCE,11:50
2013-12-10,40.3615,18.09574,,1,LECCE,11:40
2013-12-11,40.34336,18.18855,,2,LECCE,10:15
2013-12-11,40.36743,18.16217,,1,LECCE,19:00
2013-12-12,40.34766,18.1601,,,LECCE,08:05
2013-12-12,40.34408,18.17255,,2,LECCE,10:30
2013-12-14,40.37032,18.22158,,1,LECCE,20:15
2013-12-15,40.34865,18.18507,,5,LECCE,20:30
2013-12-16,40.35152,18.17502,,1,LECCE,07:55
2013-12-16,40.35631,18.17654,,2,LECCE,09:30
2013-12-16,40.36009,18.17574,,1,LECCE,18:05
2013-12-16,40.361269,18.170519,,,LECCE,23:00
2013-12-17,40.344948,18.182069,,,LECCE,08:30
2013-12-17,40.34134,18.15814,,,LECCE,11:40
2013-12-18,40.35226,18.17235,,,LECCE,07:50
2013-12-18,40.35392,18.19112,,1,LECCE,09:25
2013-12-18,40.34559,18.17043,,,LECCE,20:45
2013-12-19,40.35154,18.16346,,1,LECCE,12:30
2013-12-19,40.36113,18.1801,,,LECCE,15:15
2013-12-19,40.37888,18.15849,,1,LECCE,15:15
2013-12-20,40.3448,18.1466,,,LECCE,04:00
2013-12-20,40.35263,18.17857,,2,LECCE,07:50
2013-12-20,40.35904,18.16121,,,LECCE,21:00
2013-12-23,40.35659,18.18418,,,LECCE,13:20
2013-12-24,40.34894,18.15905,,,LECCE,13:45
2013-12-24,40.35661,18.1654,,1,LECCE,17:00
2013-12-27,40.35168,18.17279,,,LECCE,19:15
2013-12-31,40.42523,18.24498,,1,LECCE,09:35
2014-01-01,40.36233,18.16787,,,LECCE,18:10
2014-01-02,40.35332,18.16861,,,LECCE,07:15
2014-01-02,40.34751,18.1722,,2,LECCE,08:25
2014-01-02,40.46372,18.05854,,2,LECCE,18:20
2014-01-03,40.38321,18.15636,,,LECCE,17:05
2014-01-03,40.35435,18.17646,,,LECCE,19:45
2014-01-04,40.36104,18.16996,,1,LECCE,17:55
2014-01-05,40.34257,18.17591,,1,LECCE,11:40
2014-01-06,40.3597,18.182,,1,LECCE,19:05
2014-01-07,40.37586,18.11379,,1,LECCE,13:30
2014-01-07,40.3365,18.17479,,1,LECCE,19:15
2014-01-07,40.35465,18.17827,,1,LECCE,21:30
2014-01-11,40.34664,18.16644,,1,LECCE,13:30
2014-01-11,40.35246,18.17667,,1,LECCE,20:15
2014-01-12,40.35569,18.17633,,6,LECCE,02:10
2014-01-12,40.35346,18.15043,,1,LECCE,06:30
2014-01-12,40.365,18.17339,,1,LECCE,11:30
2014-01-13,40.34261,18.17564,,1,LECCE,21:55
2014-01-14,40.35937,18.1822,,1,LECCE,17:15
2014-01-16,40.38078,18.19631,,,LECCE,06:00
2014-01-16,40.3556,18.16628,,,LECCE,12:10
2014-01-16,40.35827,18.16351,,1,LECCE,21:00
2014-01-17,40.35628,18.16154,,1,LECCE,03:00
2014-01-17,40.35289,18.1893,,1,LECCE,13:25
2014-01-17,40.34551,18.17443,,1,LECCE,15:40
2014-01-18,40.36321,18.180413,,,LECCE,17:15
2014-01-19,40.35431,18.16562,,,LECCE,14:52
2014-01-21,40.34898,18.16633,,1,LECCE,08:25
2014-01-21,40.35954,18.17559,,1,LECCE,10:50
2014-01-22,40.35843,18.17336,,,LECCE,10:45
2014-01-22,40.34766,18.1601,,3,LECCE,14:15
2014-01-23,40.35434,18.16557,,1,LECCE,08:55
2014-01-23,40.34282,18.15962,,1,LECCE,19:00
2014-01-23,40.35309,18.17704,,,LECCE,20:00
2014-01-23,40.35668,18.16726,,,LECCE,22:45
2014-01-24,40.33184,18.15829,,,LECCE,08:30
2014-01-26,40.35596,18.17572,,,LECCE,01:45
2014-01-26,40.35808,18.16804,,,LECCE,04:30
2014-01-26,40.35348,18.17416,,,LECCE,10:10
2014-01-26,40.34789,18.17762,,1,LECCE,21:30
2014-01-27,40.35731,18.16742,,1,LECCE,11:15
2014-01-27,40.33083,18.16105,,1,LECCE,17:30
2014-01-28,40.36262,18.17515,,,LECCE,10:30
2014-01-29,40.36133,18.17624,,2,LECCE,07:50
2014-01-29,40.33757,18.1753,,1,LECCE,13:25
2014-01-29,40.35069,18.1635,,,LECCE,17:30
2014-01-29,40.35664,18.16847,,,LECCE,22:40
2014-01-30,40.34644,18.18948,,,LECCE,13:00
2014-01-31,40.3454,18.15551,,,LECCE,03:01
2014-01-31,40.35856,18.17324,,1,LECCE,15:15
2014-01-31,40.35126,18.15127,,1,LECCE,15:30
2014-02-01,40.34275,18.17414,,1,LECCE,12:20
2014-02-01,40.36075,18.16977,,,LECCE,18:10
2014-02-04,40.35446,18.19488,,2,LECCE,11:10
2014-02-04,40.35067,18.16349,,2,LECCE,16:30
2014-02-06,40.35122,18.16399,,1,LECCE,10:45
2014-02-06,40.3486,18.194,,4,LECCE,18:25
2014-02-07,40.36709,18.17581,,2,LECCE,08:10
2014-02-07,40.35309,18.17704,,1,LECCE,17:45
2014-02-08,40.3716,18.17756,,1,LECCE,11:40
2014-02-09,40.34212,18.13989,,1,LECCE,01:30
2014-02-10,40.3637,18.16605,,2,LECCE,00:10
2014-02-10,40.34729,18.20569,,,LECCE,17:30
2014-02-10,40.3611,18.1704,,1,LECCE,19:55
2014-02-12,40.34864,18.17361,,,LECCE,13:50
2014-02-13,40.34254,18.17569,,,LECCE,10:56
2014-02-13,40.33159,18.16037,,1,LECCE,15:17
2014-02-14,40.32477,18.18648,,1,LECCE,08:05
2014-02-14,40.41271,18.20248,,2,LECCE,11:05
2014-02-15,40.35813,18.15972,,,LECCE,08:40
2014-02-15,40.35183,18.16162,,,LECCE,16:15
2014-02-16,40.475,18.17194,,7,LECCE,12:15
2014-02-16,40.35071,18.16345,,3,LECCE,15:37
2014-02-17,40.35899,18.19263,,1,LECCE,13:00
2014-02-18,40.35151,18.19631,,,LECCE,12:15
2014-02-18,40.351436,18.195974,,,LECCE,12:15
2014-02-19,40.35081,18.16339,,,LECCE,09:00
2014-02-19,40.34823,18.16766,,1,LECCE,13:10
2014-02-19,40.35098,18.18311,,,LECCE,20:00
2014-02-21,40.355946,18.176031,,,LECCE,22:30
2014-02-22,40.35281,18.1771,,1,LECCE,00:40
2014-02-22,40.36126,18.17984,,2,LECCE,14:15
2014-02-22,40.33926,18.17787,,1,LECCE,19:20
2014-02-24,40.34592,18.19503,,1,LECCE,07:50
2014-02-24,40.37288,18.17525,,,LECCE,12:30
2014-02-25,40.34915,18.17423,,,LECCE,13:50
2014-02-26,40.34722,18.17373,,1,LECCE,07:40
2014-02-26,40.343,18.17795,,1,LECCE,08:15
2014-02-26,40.36206,18.15281,,1,LECCE,15:30
2014-02-27,40.35518,18.17625,,,LECCE,18:10
2014-02-27,40.35346,18.14244,,2,LECCE,18:30
2014-02-28,40.3653,18.18848,,1,LECCE,12:40
2014-02-28,40.35068,18.16345,,,LECCE,17:30
2014-03-01,40.36282,18.17287,,6,LECCE,00:40
2014-03-01,40.35638,18.15678,,2,LECCE,16:10
2014-03-02,40.35614,18.18236,,4,LECCE,14:20
2014-03-03,40.34442,18.1801,,,LECCE,10:35
2014-03-05,40.3481,18.16787,,1,LECCE,07:50
2014-03-05,40.36389,18.20002,,2,LECCE,11:45
2014-03-06,40.36057,18.19838,,3,LECCE,11:45
2014-03-06,40.34311,18.17791,,1,LECCE,14:05
2014-03-06,40.34985,18.17214,,,LECCE,19:00
2014-03-08,40.35428,18.18878,,1,LECCE,09:15
2014-03-10,40.36159,18.17126,,,LECCE,08:45
2014-03-10,40.35454,18.16611,,1,LECCE,12:45
2014-03-12,40.363,18.17651,,1,LECCE,12:15
2014-03-12,40.34734,18.1726,,3,LECCE,19:05
2014-03-13,40.32982,18.16359,,,LECCE,10:45
2014-03-14,40.354228,18.173959,,,LECCE,16:45
2014-03-14,40.34537,18.17697,,1,LECCE,20:00
2014-03-15,40.36093,18.1705,,,LECCE,04:25
2014-03-16,40.33858,18.16689,,,LECCE,18:50
2014-03-17,40.35602,18.19706,,,LECCE,09:45
2014-03-17,40.34788,18.15586,,2,LECCE,16:15
2014-03-17,40.3569,18.15373,,3,LECCE,19:10
2014-03-19,40.34658,18.1522,,4,LECCE,09:30
2014-03-20,40.36219,18.1894,,,LECCE,23:00
2014-03-21,40.35323,18.18565,,1,LECCE,09:45
2014-03-21,40.35533,18.17624,,1,LECCE,14:15
2014-03-21,40.34265,18.17798,,3,LECCE,16:35
2014-03-21,40.34633,18.18337,,4,LECCE,22:10
2014-03-22,40.35116,18.17665,,,LECCE,18:20
2014-03-23,40.45511,18.19233,,,LECCE,14:50
2014-03-24,40.35997,18.17171,,1,LECCE,13:20
2014-03-26,40.36245,18.17661,,1,LECCE,08:05
2014-03-27,40.36009,18.17571,,1,LECCE,07:30
2014-03-27,40.34706,18.18019,,2,LECCE,17:40
2014-03-28,40.34817,18.17686,,,LECCE,14:45
2014-03-29,40.35905,18.19266,,1,LECCE,09:50
2014-03-29,40.34804,18.16788,,1,LECCE,13:15
2014-03-29,40.348,18.19415,,1,LECCE,15:50
2014-03-30,40.35695,18.16457,,4,LECCE,01:30
2014-03-31,40.34819,18.16771,,2,LECCE,22:45
2014-04-01,40.36133,18.17624,,,LECCE,14:00
2014-04-02,40.34595,18.18307,,2,LECCE,17:40
2014-04-02,40.35249,18.17662,,2,LECCE,19:55
2014-04-04,40.35939,18.20225,,,LECCE,11:15
2014-04-05,40.33719,18.17786,,1,LECCE,01:05
2014-04-05,40.36081,18.17026,,4,LECCE,18:45
2014-04-05,40.36277,18.17525,,5,LECCE,23:18
2014-04-06,40.34861,18.17546,,,LECCE,01:00
2014-04-06,40.33855,18.1568,,2,LECCE,06:10
2014-04-06,40.33966,18.17873,,3,LECCE,09:15
2014-04-07,40.35247,18.18221,,1,LECCE,09:35
2014-04-08,40.36246,18.15793,,3,LECCE,11:20
2014-04-08,40.36622,18.16924,,3,LECCE,11:20
2014-04-08,40.35578,18.17373,,,LECCE,11:35
2014-04-08,40.36078,18.19404,,1,LECCE,14:05
2014-04-08,40.35427,18.17834,,1,LECCE,18:20
2014-04-09,40.35116,18.16134,,1,LECCE,13:45
2014-04-09,40.35532,18.17636,,1,LECCE,16:35
2014-04-09,40.35661,18.16541,,1,LECCE,20:00
2014-04-10,40.36092,18.17374,,1,LECCE,09:30
2014-04-10,40.34811,18.177,,1,LECCE,12:00
2014-04-12,40.35478,18.17384,,2,LECCE,16:35
2014-04-14,40.36093,18.17021,,1,LECCE,13:10
2014-04-15,40.32944,18.16564,,1,LECCE,01:15
2014-04-15,40.36648,18.1452,,,LECCE,09:35
2014-04-15,40.37225,18.19411,,2,LECCE,13:15
2014-04-15,40.35534,18.18783,,1,LECCE,17:20
2014-04-16,40.3562,18.16652,,1,LECCE,20:30
2014-04-17,40.36079,18.17027,,,LECCE,02:00
2014-04-17,40.32335,18.18718,,1,LECCE,07:15
2014-04-17,40.32343,18.18724,,5,LECCE,07:17
2014-04-17,40.36801,18.16064,,1,LECCE,08:40
2014-04-17,40.35465,18.17827,,3,LECCE,15:45
2014-04-17,40.36033,18.19209,,,LECCE,20:10
2014-04-18,40.34322,18.17804,,1,LECCE,10:25
2014-04-18,40.40384,18.16961,,1,LECCE,12:20
2014-04-18,40.351854,18.178652,,1,LECCE,15:30
2014-04-19,40.36106,18.17999,,,LECCE,09:00
2014-04-20,40.34369,18.2073,,5,LECCE,18:50
2014-04-23,40.33732,18.17779,,1,LECCE,13:50
2014-04-24,40.34929,18.18539,,2,LECCE,10:00
2014-04-24,40.35004,18.17201,,,LECCE,19:20
2014-04-25,40.34552,18.17444,,1,LECCE,22:30
2014-04-25,40.35197,18.18601,,5,LECCE,23:50
2014-04-26,40.36258,18.17613,,,LECCE,20:45
2014-04-28,40.34775,18.18488,,1,LECCE,10:15
2014-04-28,40.36823,18.18348,,1,LECCE,12:40
2014-04-28,40.3689,18.16855,,1,LECCE,12:40
2014-04-30,40.34695,18.15359,,1,LECCE,06:45
2014-04-30,40.34702,18.15334,,,LECCE,18:00
2014-05-01,40.35304,18.18584,,2,LECCE,18:10
2014-05-02,40.35191,18.16107,,,LECCE,00:30
2014-05-02,40.36072,18.17043,,,LECCE,08:15
2014-05-02,40.33953,18.15723,,2,LECCE,08:20
2014-05-03,40.35323,18.18565,,2,LECCE,09:05
2014-05-03,40.35443,18.16524,,2,LECCE,12:30
2014-05-03,40.35757,18.16732,,,LECCE,15:50
2014-05-04,40.3756,18.16945,,2,LECCE,04:20
2014-05-07,40.34614,18.14582,,2,LECCE,09:45
2014-05-07,40.36577,18.16931,,2,LECCE,13:40
2014-05-07,40.35688,18.18201,,1,LECCE,18:20
2014-05-08,40.34973,18.19166,,,LECCE,16:50
2014-05-08,40.35397,18.18132,,,LECCE,18:40
2014-05-09,40.32625,18.14922,,5,LECCE,08:50
2014-05-10,40.3408,18.17317,,3,LECCE,09:50
2014-05-10,40.37651,18.21312,,1,LECCE,11:00
2014-05-10,40.38652,18.16865,,2,LECCE,15:10
2014-05-11,40.34877,18.1622,,1,LECCE,18:00
2014-05-12,40.36246,18.1766,,,LECCE,19:50
2014-05-13,40.36249,18.17659,,3,LECCE,21:05
2014-05-16,40.35723,18.17999,,1,LECCE,08:20
2014-05-16,40.35214,18.18217,,,LECCE,08:55
2014-05-16,40.42193,18.17594,,3,LECCE,19:00
2014-05-18,40.36289,18.16738,,1,LECCE,16:10
2014-05-19,40.35596,18.19134,,1,LECCE,00:50
2014-05-19,40.36518,18.14363,,,LECCE,12:15
2014-05-19,40.34819,18.16539,,2,LECCE,21:15
2014-05-20,40.36027,18.18369,1,,LECCE,17:15
2014-05-21,40.3533,18.16602,,1,LECCE,16:00
2014-05-23,40.35757,18.15604,,1,LECCE,14:20
2014-05-25,40.36664,18.20081,,2,LECCE,11:10
2014-05-25,40.38932,18.30028,,,LECCE,14:20
2014-05-25,40.37016,18.2317,,1,LECCE,14:30
2014-05-25,40.38154,18.21886,,6,LECCE,18:43
2014-05-27,40.36234,18.16842,,1,LECCE,10:07
2014-05-27,40.36817,18.19131,1,,LECCE,18:50
2014-05-30,40.35557,18.16763,,1,LECCE,12:55
2014-05-31,40.34784,18.16072,,1,LECCE,08:20
2014-05-31,40.37553,18.20784,,1,LECCE,10:40
2014-05-31,40.34623,18.17072,,2,LECCE,15:00
2014-05-31,40.34629,18.20494,,,LECCE,16:10
2014-05-31,40.3487,18.16454,,4,LECCE,18:00
2014-06-01,40.35431,18.16561,,1,LECCE,10:00
2014-06-02,40.34504,18.18216,,1,LECCE,11:20
2014-06-06,40.3613,18.19277,,1,LECCE,11:20
2014-06-06,40.35585,18.17617,,,LECCE,12:15
2014-06-06,40.37482,18.13933,,6,LECCE,20:15
2014-06-06,40.35289,18.18584,,1,LECCE,21:30
2014-06-07,40.3451,18.14771,,,LECCE,07:20
2014-06-07,40.37454,18.24759,,,LECCE,18:05
2014-06-08,40.34049,18.17176,,1,LECCE,19:45
2014-06-09,40.34867,18.16685,,1,LECCE,09:30
2014-06-09,40.36499,18.22061,,,LECCE,14:15
2014-06-09,40.34788,18.18478,,1,LECCE,17:43
2014-06-09,40.34706,18.18038,,1,LECCE,18:40
2014-06-10,40.35982,18.17922,,,LECCE,07:50
2014-06-10,40.34786,18.17045,,1,LECCE,21:00
2014-06-11,40.35577,18.18128,,1,LECCE,11:30
2014-06-12,40.33819,18.19003,,2,LECCE,05:00
2014-06-12,40.45207,18.21959,,1,LECCE,20:20
2014-06-13,40.36931,18.21936,,,LECCE,16:45
2014-06-14,40.36971,18.16861,,1,LECCE,23:30
2014-06-17,40.36197,18.17398,,2,LECCE,08:12
2014-06-17,40.35458,18.17961,,2,LECCE,15:38
2014-06-19,40.35854,18.19093,,1,LECCE,11:00
2014-06-19,40.33978,18.17389,,1,LECCE,17:00
2014-06-20,40.34822,18.16772,,3,LECCE,08:25
2014-06-21,40.35433,18.16559,,,LECCE,16:10
2014-06-23,40.34817,18.16771,,2,LECCE,08:10
2014-06-23,40.35409,18.183,,,LECCE,11:10
2014-06-23,40.34681,18.18077,,1,LECCE,14:45
2014-06-23,40.33446,18.16718,,1,LECCE,17:15
2014-06-30,40.36629,18.17588,,,LECCE,13:00
2014-07-01,40.36228,18.17201,,2,LECCE,11:45
2014-07-01,40.3552,18.18634,,1,LECCE,15:20
2014-07-02,40.35599,18.19139,,2,LECCE,08:45
2014-07-02,40.3588,18.16857,,2,LECCE,13:50
2014-07-02,40.32997,18.14059,,2,LECCE,23:55
2014-07-03,40.35892,18.16852,,2,LECCE,21:05
2014-07-04,40.34384,18.20683,,,LECCE,00:30
2014-07-04,40.35279,18.18594,,1,LECCE,08:55
2014-07-04,40.34875,18.16227,,1,LECCE,11:00
2014-07-04,40.33292,18.13267,,4,LECCE,17:55
2014-07-04,40.34784,18.18483,,2,LECCE,18:55
2014-07-05,40.36326,18.16813,,3,LECCE,19:40
2014-07-07,40.34712,18.15361,,,LECCE,00:30
2014-07-08,40.34802,18.16794,,1,LECCE,09:30
2014-07-09,40.36133,18.17624,,,LECCE,19:15
2014-07-10,40.37469,18.1803,,1,LECCE,13:10
2014-07-10,40.36556,18.19571,,,LECCE,17:40
2014-07-13,40.35528,18.17631,,3,LECCE,09:30
2014-07-13,40.36068,18.17017,,2,LECCE,19:30
2014-07-14,40.34867,18.16233,,1,LECCE,12:50
2014-07-15,40.35022,18.17557,,,LECCE,12:30
2014-07-15,40.34788,18.17763,,,LECCE,18:55
2014-07-15,40.355129,18.173795,,,LECCE,23:15
2014-07-16,40.3456,18.16958,,,LECCE,07:20
2014-07-16,40.35572,18.15256,,1,LECCE,19:15
2014-07-17,40.35666,18.18415,,,LECCE,11:40
2014-07-17,40.46612,18.20367,,,LECCE,16:50
2014-07-17,40.35604,18.17431,,1,LECCE,20:20
2014-07-20,40.36134,18.17948,,4,LECCE,21:00
2014-07-22,40.34023,18.17569,,,LECCE,21:00
2014-07-23,40.35578,18.17378,,1,LECCE,10:45
2014-07-23,40.34308,18.15918,,2,LECCE,14:00
2014-07-24,40.36103,18.1802,,2,LECCE,09:30
2014-07-24,40.35494,18.16432,,1,LECCE,20:00
2014-07-25,40.35121,18.17673,,1,LECCE,12:50
2014-07-25,40.352974,18.171723,,,LECCE,20:40
2014-07-26,40.36515,18.07765,,1,LECCE,08:00
2014-07-26,40.35063,18.16351,,,LECCE,11:05
2014-07-27,40.36224,18.17208,,1,LECCE,17:45
2014-07-28,40.34747,18.18458,,,LECCE,11:30
2014-07-28,40.34594,18.1831,,,LECCE,16:00
2014-07-29,40.37348,18.16289,,,LECCE,15:00
2014-07-30,40.35059,18.16354,,1,LECCE,19:50
2014-07-31,40.32625,18.15038,,,LECCE,10:50
2014-07-31,40.35443,18.17625,,,LECCE,17:25
2014-07-31,40.35311,18.21324,,3,LECCE,19:30
2014-08-01,40.35975,18.10773,,2,LECCE,10:30
2014-08-01,40.3652,18.1639,,,LECCE,10:35
2014-08-02,40.36032,18.19208,,,LECCE,07:35
2014-08-02,40.35732,18.16766,,1,LECCE,15:00
2014-08-02,40.33923,18.12916,,2,LECCE,17:00
2014-08-02,40.35091,18.18593,,1,LECCE,19:10
2014-08-03,40.34637,18.17097,,1,LECCE,18:00
2014-08-03,40.47908,18.1509,,2,LECCE,22:00
2014-08-04,40.36794,18.20242,,2,LECCE,08:45
2014-08-04,40.36108,18.17999,,1,LECCE,14:10
2014-08-06,40.36917,18.15562,,3,LECCE,12:45
2014-08-06,40.35363,18.17644,,,LECCE,19:45
2014-08-06,40.338978,18.161902,,,LECCE,20:30
2014-08-07,40.3418,18.21456,,1,LECCE,18:45
2014-08-08,40.47084,18.17594,,1,LECCE,17:14
2014-08-09,40.3597,18.18181,,2,LECCE,11:55
2014-08-09,40.34306,18.17792,,3,LECCE,13:50
2014-08-09,40.34904,18.17413,,1,LECCE,15:00
2014-08-09,40.35365,18.17637,,5,LECCE,15:25
2014-08-10,40.34755,18.16162,,,LECCE,00:00
2014-08-10,40.38271,18.15519,,1,LECCE,02:10
2014-08-11,40.34394,18.17265,,1,LECCE,08:40
2014-08-11,40.36545,18.17561,,1,LECCE,13:00
2014-08-12,40.35431,18.16554,,1,LECCE,18:50
2014-08-13,40.36509,18.22056,,,LECCE,13:10
2014-08-14,40.35073,18.1823,,2,LECCE,01:30
2014-08-14,40.36396,18.21332,,2,LECCE,15:45
2014-08-14,40.34912,18.17287,,1,LECCE,19:49
2014-08-16,40.36676,18.16096,,4,LECCE,04:30
2014-08-16,40.48018,18.156,,2,LECCE,14:00
2014-08-16,40.35363,18.17648,,1,LECCE,18:15
2014-08-17,40.34317,18.15918,,7,LECCE,23:10
2014-08-18,40.36503,18.14355,,1,LECCE,18:25
2014-08-18,40.34671,18.16862,,1,LECCE,20:05
2014-08-19,40.34631,18.18972,,1,LECCE,08:50
2014-08-19,40.35175,18.19534,,4,LECCE,13:50
2014-08-20,40.34442,18.17234,,1,LECCE,10:20
2014-08-20,40.33258,18.15349,,1,LECCE,11:30
2014-08-20,40.36009,18.17165,,,LECCE,16:40
2014-08-20,40.36408,18.18126,,1,LECCE,20:05
2014-08-21,40.43195,18.17793,,3,LECCE,13:20
2014-08-21,40.34871,18.16454,,1,LECCE,19:50
2014-08-22,40.34904,18.17596,,,LECCE,16:20
2014-08-22,40.34165,18.17691,,,LECCE,22:15
2014-08-23,40.36409,18.08245,,,LECCE,10:30
2014-08-23,40.34319,18.17803,,1,LECCE,20:30
2014-08-24,40.35873,18.17542,,2,LECCE,00:45
2014-08-24,40.3656,18.06891,,,LECCE,19:00
2014-08-25,40.47767,18.11926,,,LECCE,10:30
2014-08-26,40.35976,18.20265,,2,LECCE,18:30
2014-08-27,40.354,18.16534,,,LECCE,14:00
2014-08-28,40.34667,18.1664,,1,LECCE,07:10
2014-08-29,40.34612,18.17613,,1,LECCE,11:45
2014-08-29,40.35152,18.17502,,1,LECCE,18:00
2014-08-30,40.3551,18.17636,,1,LECCE,11:00
2014-08-30,40.35212,18.17666,,1,LECCE,21:30
2014-09-01,40.3486,18.16695,,1,LECCE,11:40
2014-09-01,40.38623,18.29178,,1,LECCE,18:45
2014-09-02,40.36518,18.14363,,1,LECCE,08:10
2014-09-02,40.35273,18.17982,,1,LECCE,09:45
2014-09-03,40.36745,18.14415,,1,LECCE,08:00
2014-09-03,40.35614,18.17552,,1,LECCE,16:50
2014-09-04,40.34901,18.16627,,,LECCE,16:55
2014-09-05,40.34124,18.15832,,2,LECCE,14:10
2014-09-06,40.36669,18.14472,,1,LECCE,12:40
2014-09-07,40.41921,18.22061,,,LECCE,00:50
2014-09-08,40.34262,18.17572,,1,LECCE,11:20
2014-09-08,40.38716,18.18921,,,LECCE,17:00
2014-09-09,40.34966,18.16288,,4,LECCE,10:30
2014-09-10,40.34731,18.1867,,1,LECCE,18:30
2014-09-11,40.35092,18.18588,,2,LECCE,10:30
2014-09-12,40.352693,18.210446,,,LECCE,12:20
2014-09-13,40.36105,18.17346,,3,LECCE,16:15
2014-09-15,40.34374,18.17283,,,LECCE,14:45
2014-09-16,40.34461,18.17655,,1,LECCE,10:00
2014-09-16,40.36072,18.1702,,1,LECCE,13:00
2014-09-16,40.37984,18.15191,,1,LECCE,23:00
2014-09-17,40.35141,18.16423,,1,LECCE,14:00
2014-09-17,40.35192,18.16411,,1,LECCE,18:30
2014-09-17,40.38293,18.27884,,2,LECCE,20:15
2014-09-18,40.34323,18.17797,,,LECCE,20:10
2014-09-19,40.35283,18.18111,,2,LECCE,00:15
2014-09-19,40.40874,18.20108,,3,LECCE,09:50
2014-09-19,40.33499,18.15476,,3,LECCE,16:30
2014-09-20,40.34098,18.17636,,1,LECCE,12:20
2014-09-20,40.3586,18.17537,,,LECCE,18:00
2014-09-22,40.33745,18.15621,,1,LECCE,14:00
2014-09-22,40.34658,18.17104,,1,LECCE,22:20
2014-09-23,40.35502,18.1851,,1,LECCE,13:38
2014-09-24,40.36406,18.17638,,,LECCE,09:45
2014-09-24,40.36567,18.17682,,1,LECCE,15:00
2014-09-25,40.36066,18.16991,,,LECCE,11:15
2014-09-25,40.34758,18.16011,,1,LECCE,16:30
2014-09-25,40.36107,18.18002,,1,LECCE,19:10
2014-09-26,40.35702,18.13692,,3,LECCE,08:15
2014-09-26,40.34608,18.18326,,1,LECCE,08:15
2014-09-26,40.333242,18.166775,,,LECCE,13:15
2014-09-26,40.35745,18.18701,,,LECCE,20:00
2014-09-27,40.34819,18.17291,,2,LECCE,09:50
2014-09-27,40.35113,18.18576,,,LECCE,16:55
2014-09-29,40.34008,18.17505,,1,LECCE,09:05
2014-09-29,40.36004,18.18157,,2,LECCE,10:18
2014-09-29,40.34755,18.18595,,2,LECCE,11:15
2014-09-29,40.32633,18.1509,,,LECCE,16:00
2014-09-30,40.35481,18.18194,,1,LECCE,08:05
2014-09-30,40.34763,18.17224,,1,LECCE,12:50
2014-09-30,40.3453,18.16815,,1,LECCE,14:15
2014-10-01,40.35631,18.17654,,,LECCE,11:00
2014-10-01,40.35359,18.17464,,,LECCE,13:20
2014-10-01,40.36129,18.17946,,1,LECCE,14:10
2014-10-01,40.35677,18.18484,,1,LECCE,14:20
2014-10-01,40.34257,18.14072,,3,LECCE,20:00
2014-10-03,40.34536,18.17696,,1,LECCE,11:47
2014-10-03,40.36235,18.17692,,,LECCE,14:00
2014-10-04,40.36433,18.18515,,5,LECCE,21:57
2014-10-06,40.43315,18.04854,,1,LECCE,02:00
2014-10-06,40.36127,18.20451,,2,LECCE,08:00
2014-10-06,40.35862,18.19731,,1,LECCE,12:40
2014-10-06,40.35583,18.19468,,1,LECCE,21:15
2014-10-07,40.35349,18.18588,,,LECCE,18:45
2014-10-08,40.36194,18.15319,,2,LECCE,11:35
2014-10-09,40.36136,18.14174,,,LECCE,01:00
2014-10-09,40.34454,18.18267,,,LECCE,09:50
2014-10-09,40.351079,18.174522,,,LECCE,10:08
2014-10-09,40.34904,18.17413,,5,LECCE,19:10
2014-10-10,40.38311,18.15604,,1,LECCE,13:00
2014-10-10,40.349,18.16624,,1,LECCE,20:15
2014-10-13,40.34679,18.17547,,3,LECCE,09:15
2014-10-13,40.35741,18.18698,,,LECCE,13:15
2014-10-14,40.34906,18.17285,,1,LECCE,18:50
2014-10-14,40.36099,18.16979,,,LECCE,21:40
2014-10-15,40.35619,18.16637,,,LECCE,17:33
2014-10-16,40.34346,18.17296,,1,LECCE,21:10
2014-10-17,40.3537,18.1857,,,LECCE,19:35
2014-10-18,40.36877,18.20338,,1,LECCE,10:05
2014-10-18,40.35291,18.18913,,2,LECCE,12:30
2014-10-18,40.34601,18.19014,,,LECCE,16:00
2014-10-19,40.35769,18.158865,,,LECCE,17:00
2014-10-20,40.34178,18.16147,,,LECCE,10:35
2014-10-21,40.36802,18.16878,,1,LECCE,12:10
2014-10-21,40.35544,18.19103,,1,LECCE,14:50
2014-10-22,40.33474,18.19783,,1,LECCE,18:30
2014-10-23,40.3548,18.18522,,2,LECCE,08:20
2014-10-23,40.35632,18.16141,,,LECCE,13:25
2014-10-23,40.34763,18.16013,,2,LECCE,14:52
2014-10-23,40.3579,18.18356,,,LECCE,16:50
2014-10-24,40.35219,18.15054,,1,LECCE,09:05
2014-10-24,40.36444,18.22059,,2,LECCE,12:25
2014-10-25,40.34789,18.14449,,,LECCE,16:25
2014-10-25,40.36334,18.19508,,1,LECCE,22:45
2014-10-27,40.35493,18.18314,,,LECCE,09:45
2014-10-27,40.36003,18.18152,,1,LECCE,18:00
2014-10-27,40.34271,18.16971,,,LECCE,23:25
2014-10-28,40.38583,18.10348,,1,LECCE,18:00
2014-10-29,40.35584,18.19474,,1,LECCE,18:20
2014-10-30,40.35784,18.16245,,1,LECCE,13:25
2014-10-30,40.36001,18.16931,,,LECCE,16:30
2014-10-31,40.40149,18.10811,,2,LECCE,07:20
2014-10-31,40.36034,18.16945,,1,LECCE,21:30
2014-11-02,40.36247,18.17663,,1,LECCE,08:55
2014-11-02,40.36009,18.1963,,1,LECCE,11:20
2014-11-03,40.3815,18.21888,,3,LECCE,07:00
2014-11-03,40.34695,18.18785,,2,LECCE,11:40
2014-11-04,40.36416,18.20364,,1,LECCE,09:10
2014-11-04,40.3524,18.18586,,,LECCE,22:00
2014-11-05,40.35971,18.18303,,1,LECCE,20:40
2014-11-07,40.36267,18.18644,,,LECCE,08:10
2014-11-07,40.35318,18.1859,,1,LECCE,08:20
2014-11-08,40.34955,18.17316,,1,LECCE,14:05
2014-11-08,40.35951,18.2024,,1,LECCE,18:30
2014-11-10,40.35585,18.18471,,,LECCE,12:30
2014-11-12,40.35526,18.17634,,,LECCE,08:55
2014-11-12,40.347853,18.184849,,,LECCE,09:55
2014-11-12,40.34316,18.15918,,1,LECCE,14:40
2014-11-13,40.34787,18.18473,,1,LECCE,20:30
2014-11-14,40.35076,18.18224,,1,LECCE,23:00
2014-11-15,40.35428,18.18879,,1,LECCE,13:30
2014-11-15,40.36549,18.16703,,1,LECCE,20:15
2014-11-16,40.35891,18.17301,,,LECCE,10:20
2014-11-18,40.35549,18.1827,,1,LECCE,08:35
2014-11-18,40.351,18.17447,,1,LECCE,17:15
2014-11-19,40.35097,18.1831,,1,LECCE,08:50
2014-11-19,40.34594,18.1833,,,LECCE,17:00
2014-11-20,40.34497,18.18299,,4,LECCE,16:00
2014-11-21,40.3497,18.16122,,1,LECCE,15:15
2014-11-23,40.34011,18.13589,,,LECCE,03:20
2014-11-23,40.32633,18.18502,,2,LECCE,19:25
2014-11-23,40.34256,18.17568,,2,LECCE,23:35
2014-11-24,40.37214,18.16892,,1,LECCE,11:30
2014-11-25,40.35201,18.18899,,1,LECCE,13:20
2014-11-25,40.35129,18.16387,,2,LECCE,18:15
2014-11-25,40.3444,18.14441,,3,LECCE,20:45
2014-11-26,40.35253,18.17664,,1,LECCE,10:10
2014-11-26,40.35527,18.17617,,1,LECCE,16:10
2014-11-26,40.385859,18.103456,,,LECCE,22:45
2014-11-28,40.3551,18.18507,,1,LECCE,12:45
2014-11-29,40.35899,18.18324,,1,LECCE,17:00
2014-11-29,40.35295,18.18079,,1,LECCE,18:30
2014-11-30,40.34522,18.15903,,1,LECCE,09:30
2014-11-30,40.34316,18.17319,,1,LECCE,17:55
2014-12-01,40.34863,18.17545,,2,LECCE,14:55
2014-12-01,40.35372,18.18571,,1,LECCE,17:21
2014-12-01,40.35089,18.17932,,,LECCE,18:30
2014-12-03,40.33999,18.13603,,1,LECCE,06:20
2014-12-03,40.352143,18.150553,,,LECCE,11:10
2014-12-03,40.3524,18.15065,,2,LECCE,11:22
2014-12-03,40.34323,18.17831,,1,LECCE,19:45
2014-12-03,40.35447,18.18442,,,LECCE,20:30
2014-12-04,40.35357,18.17983,,,LECCE,08:30
2014-12-04,40.35061,18.16352,,1,LECCE,16:53
2014-12-05,40.36282,18.2047,,1,LECCE,05:00
2014-12-05,40.34752,18.18461,,,LECCE,08:50
2014-12-05,40.357,18.16449,,2,LECCE,13:35
2014-12-06,40.37124,18.17821,,3,LECCE,06:35
2014-12-06,40.345514,18.174435,,,LECCE,17:10
2014-12-07,40.36275,18.17521,,2,LECCE,13:15
2014-12-10,40.34853,18.17568,,1,LECCE,08:15
2014-12-10,40.36226,18.17212,,1,LECCE,17:10
2014-12-11,40.43977,18.22407,,1,LECCE,12:00
2014-12-11,40.35486,18.17638,,5,LECCE,12:10
2014-12-11,40.35194,18.17989,,1,LECCE,13:15
2014-12-11,40.35655,18.18398,,2,LECCE,17:10
2014-12-12,40.3628,18.19955,,1,LECCE,10:15
2014-12-12,40.33954,18.15716,,2,LECCE,20:45
2014-12-13,40.35019,18.15199,,1,LECCE,10:00
2014-12-14,40.36244,18.17662,,2,LECCE,17:30
2014-12-15,40.35013,18.17743,,,LECCE,11:50
2014-12-16,40.35062,18.16352,,1,LECCE,07:40
2014-12-16,40.34789,18.17763,,2,LECCE,09:00
2014-12-16,40.34729,18.17907,,1,LECCE,18:10
2014-12-16,40.34398,18.15787,,2,LECCE,22:45
2014-12-17,40.3545,18.16531,,1,LECCE,08:15
2014-12-17,40.36247,18.17656,,1,LECCE,08:35
2014-12-17,40.34519,18.18237,,1,LECCE,18:25
2014-12-18,40.35865,18.18307,,3,LECCE,03:00
2014-12-18,40.35696,18.1619,,1,LECCE,09:40
2014-12-18,40.34694,18.16054,,,LECCE,18:45
2014-12-18,40.35631,18.16138,,,LECCE,19:00
2014-12-19,40.35632,18.1745,,,LECCE,16:25
2014-12-20,40.35994,18.10654,,1,LECCE,09:15
2014-12-21,40.34528,18.20443,,,LECCE,04:45
2014-12-21,40.38507,18.18735,,2,LECCE,17:30
2014-12-22,40.35173,18.12824,,2,LECCE,07:15
2014-12-22,40.34056,18.16332,,2,LECCE,07:30
2014-12-22,40.34867,18.15921,,2,LECCE,08:45
2014-12-22,40.3572,18.18002,,1,LECCE,17:00
2014-12-22,40.36739,18.204175,,,LECCE,21:45
2014-12-23,40.33997,18.17851,,1,LECCE,11:40
2014-12-23,40.35582,18.18471,,,LECCE,17:35
2014-12-23,40.34894,18.15905,,,LECCE,19:20
2014-12-24,40.36313,18.17819,,1,LECCE,07:30
2014-12-24,40.34654,18.17026,,1,LECCE,11:20
2014-12-24,40.33641,18.17149,,,LECCE,18:35
2014-12-25,40.360598,18.180791,,,LECCE,18:40
2014-12-25,40.33383,18.12474,,1,LECCE,19:30
2014-12-26,40.35106,18.17663,,,LECCE,03:15
2014-12-27,40.34596,18.16069,,1,LECCE,10:30
2014-12-27,40.41261,18.20243,,4,LECCE,13:50
2014-12-27,40.34268,18.176591,,,LECCE,14:40
2014-12-29,40.33183,18.1583,,1,LECCE,22:00
2014-12-30,40.36735,18.16126,,,LECCE,00:00
2014-12-31,40.36518,18.14363,,1,LECCE,10:00
2014-12-31,40.35187,18.16112,,,LECCE,11:40
2014-12-31,40.35738,18.16595,,1,LECCE,17:00
2015-01-01,40.36063,18.19822,,,LECCE,05:00
2015-01-01,40.35593,18.18464,,1,LECCE,12:20
2015-01-01,40.34763,18.15516,,1,LECCE,21:25
2015-01-02,40.34819,18.16768,,1,LECCE,06:29
2015-01-02,40.35247,18.15705,,,LECCE,10:10
2015-01-02,40.35462,18.17641,,1,LECCE,14:45
2015-01-03,40.35075,18.17625,,,LECCE,00:00
2015-01-03,40.3482,18.16768,,,LECCE,21:15
2015-01-03,40.35578,18.18144,,1,LECCE,23:40
2015-01-06,40.34262,18.17563,,,LECCE,02:25
2015-01-07,40.34894,18.16634,,1,LECCE,07:50
2015-01-07,40.35089,18.15165,,1,LECCE,15:10
2015-01-08,40.36198,18.19033,,1,LECCE,08:20
2015-01-09,40.35511,18.18492,,2,LECCE,14:20
2015-01-10,40.32275,18.13781,,,LECCE,20:20
2015-01-11,40.36133,18.17624,,4,LECCE,14:30
2015-01-11,40.36463,18.16955,,1,LECCE,23:10
2015-01-12,40.33323,18.1668,,,LECCE,09:20
2015-01-12,40.3639,18.17666,,3,LECCE,12:10
2015-01-12,40.34319,18.1592,,1,LECCE,13:45
2015-01-12,40.37121,18.17825,,2,LECCE,18:00
2015-01-14,40.34792,18.18472,,,LECCE,08:45
2015-01-14,40.35125,18.18062,,2,LECCE,10:30
2015-01-14,40.4165,18.17366,,2,LECCE,20:00
2015-01-15,40.34641,18.18226,,1,LECCE,08:10
2015-01-15,40.34554,18.17044,,4,LECCE,12:45
2015-01-16,40.36353,18.17005,,,LECCE,00:00
2015-01-16,40.3529,18.18578,,,LECCE,08:30
2015-01-16,40.13052,18.00372,,4,LECCE,16:00
2015-01-17,40.41091,18.22563,,,LECCE,01:10
2015-01-19,40.36219,18.17205,,,LECCE,10:45
2015-01-20,40.36298,18.17389,,1,LECCE,13:15
2015-01-20,40.36569,18.21612,,1,LECCE,16:20
2015-01-21,40.307112,18.190856,,2,LECCE,11:15
2015-01-22,40.34515,18.1252,,1,LECCE,03:35
2015-01-22,40.33803,18.15745,,5,LECCE,15:40
2015-01-22,40.34657,18.16657,,2,LECCE,22:05
2015-01-23,40.35562,18.16287,,,LECCE,18:05
2015-01-23,40.34146,18.17614,,2,LECCE,18:45
2015-01-24,40.34573,18.18271,,1,LECCE,07:50
2015-01-24,40.32367,18.18466,,1,LECCE,08:30
2015-01-25,40.34839,18.17319,,1,LECCE,01:45
2015-01-25,40.34483,18.1814,,1,LECCE,05:50
2015-01-25,40.35063,18.16352,,1,LECCE,15:50
2015-01-26,40.35412,18.1549,,1,LECCE,15:05
2015-01-26,40.35478,18.18188,,1,LECCE,20:40
2015-01-27,40.33877,18.12521,,3,LECCE,09:15
2015-01-27,40.34859,18.16696,,1,LECCE,09:45
2015-01-29,40.36217,18.17204,,1,LECCE,09:30
2015-01-29,40.35638,18.18643,,1,LECCE,10:45
2015-01-30,40.34384,18.1699,,1,LECCE,09:20
2015-01-30,40.34629,18.18352,,2,LECCE,17:25
2015-01-30,40.34788,18.15974,,1,LECCE,19:25
2015-01-31,40.36612,18.20637,,2,LECCE,03:30
2015-01-31,40.34514,18.14754,1,,LECCE,18:45
2015-01-31,40.37546,18.12681,,4,LECCE,23:00
2015-02-01,40.34734,18.1749,,1,LECCE,10:22
2015-02-02,40.34819,18.16539,,,LECCE,10:10
2015-02-03,40.35751,18.15434,,1,LECCE,13:20
2015-02-03,40.356463,18.183759,,,LECCE,19:35
2015-02-04,40.34199,18.17618,,,LECCE,18:30
2015-02-05,40.33367,18.15441,,3,LECCE,14:30
2015-02-06,40.34805,18.16782,,1,LECCE,18:25
2015-02-08,40.35264,18.16048,,3,LECCE,03:15
2015-02-08,40.34071,18.16133,,1,LECCE,10:30
2015-02-09,40.35442,18.17637,,,LECCE,08:40
2015-02-11,40.3466,18.16025,,1,LECCE,17:15
2015-02-11,40.36496,18.22056,,1,LECCE,23:00
2015-02-12,40.36661,18.14508,,2,LECCE,08:48
2015-02-12,40.34722,18.15392,,1,LECCE,13:00
2015-02-12,40.34817,18.17686,,1,LECCE,18:30
2015-02-13,40.33749,18.17763,,4,LECCE,20:50
2015-02-14,40.3546,18.17772,,,LECCE,17:10
2015-02-14,40.362404,18.176608,,,LECCE,22:40
2015-02-15,40.35717,18.17798,,2,LECCE,15:00
2015-02-16,40.35502,18.1782,,1,LECCE,09:35
2015-02-16,40.35796,18.17918,,1,LECCE,11:55
2015-02-16,40.35976,18.19435,,2,LECCE,20:40
2015-02-17,40.36812,18.16957,,1,LECCE,14:00
2015-02-17,40.35062,18.16351,,1,LECCE,21:30
2015-02-18,40.36056,18.20367,,3,LECCE,10:50
2015-02-20,40.36988,18.13471,,1,LECCE,07:40
2015-02-20,40.3697,18.135,,8,LECCE,08:50
2015-02-20,40.34885,18.18519,,1,LECCE,12:55
2015-02-21,40.36362,18.17234,,,LECCE,20:20
2015-02-22,40.34385,18.15784,,2,LECCE,22:30
2015-02-23,40.34752,18.1715,,2,LECCE,10:00
2015-02-23,40.3519,18.20771,,1,LECCE,12:20
2015-02-23,40.35621,18.10524,,1,LECCE,18:30
2015-02-24,40.33691,18.17721,,,LECCE,02:50
2015-02-24,40.3539,18.181,,1,LECCE,19:35
2015-02-25,40.3445,18.15712,,1,LECCE,10:05
2015-02-26,40.35593,18.17611,,,LECCE,00:15
2015-02-26,40.3697,18.16861,,1,LECCE,11:30
2015-02-26,40.36172,18.16918,,,LECCE,14:55
2015-02-27,40.36518,18.14363,,,LECCE,08:30
2015-02-28,40.35875,18.1621,,1,LECCE,10:05
2015-02-28,40.35385,18.17964,,1,LECCE,19:00
2015-03-01,40.3832,18.15609,,1,LECCE,03:00
2015-03-03,40.36132,18.17625,,1,LECCE,11:40
2015-03-03,40.34311,18.20119,,2,LECCE,18:45
2015-03-04,40.36401,18.19025,,1,LECCE,10:15
2015-03-04,40.36062,18.18661,,1,LECCE,13:50
2015-03-05,40.33413,18.13442,,1,LECCE,14:40
2015-03-05,40.33292,18.19521,,2,LECCE,16:00
2015-03-06,40.36094,18.19058,,2,LECCE,10:40
2015-03-06,40.3455,18.15929,,,LECCE,11:30
2015-03-07,40.35727,18.16752,,1,LECCE,12:10
2015-03-08,40.3663,18.20641,,1,LECCE,12:00
2015-03-10,40.35988,18.18169,,1,LECCE,09:10
2015-03-10,40.36897,18.16863,,4,LECCE,14:50
2015-03-11,40.35229,18.18555,,1,LECCE,19:00
2015-03-12,40.41266,18.20244,,2,LECCE,14:20
2015-03-12,40.35968,18.1735,,1,LECCE,15:40
2015-03-15,40.36418,18.07764,,2,LECCE,14:30
2015-03-17,40.34384,18.17636,,,LECCE,17:20
2015-03-17,40.35239,18.18593,,1,LECCE,22:00
2015-03-18,40.342035,18.178347,,,LECCE,10:00
2015-03-19,40.343729,18.196236,,1,LECCE,17:30
2015-03-19,40.35393,18.18548,,1,LECCE,19:00
2015-03-19,40.357,18.16449,,1,LECCE,23:10
2015-03-20,40.3563,18.16139,,1,LECCE,08:20
2015-03-20,40.39132,18.10949,,1,LECCE,14:05
2015-03-21,40.36833,18.17217,,1,LECCE,22:40
2015-03-22,40.36705,18.17607,,,LECCE,15:48
2015-03-23,40.35135,18.16405,,1,LECCE,20:45
2015-03-24,40.36381,18.20018,,2,LECCE,18:00
2015-03-25,40.35209,18.18227,,,LECCE,00:30
2015-03-25,40.3562,18.18269,,,LECCE,23:00
2015-03-26,40.351097,18.163841,,1,LECCE,08:20
2015-03-26,40.34185,18.17787,,,LECCE,21:40
2015-03-27,40.35609,18.17588,,,LECCE,01:00
2015-03-27,40.35635,18.18638,,,LECCE,13:10
2015-03-28,40.35273,18.17978,,1,LECCE,08:05
2015-03-28,40.33396,18.16521,,2,LECCE,17:15
2015-03-30,40.34784,18.18484,,,LECCE,09:15
2015-03-30,40.357,18.16449,,4,LECCE,20:58
2015-03-31,40.33789,18.16797,,1,LECCE,09:30
2015-04-01,40.39005,18.30549,,,LECCE,05:10
2015-04-01,40.36125,18.17298,,1,LECCE,08:15
2015-04-02,40.34976,18.18555,,2,LECCE,13:15
2015-04-03,40.35584,18.19481,,,LECCE,14:00
2015-04-03,40.34758,18.14813,,1,LECCE,16:30
2015-04-04,40.35903,18.1927,,,LECCE,08:17
2015-04-04,40.35969,18.15948,,1,LECCE,09:30
2015-04-04,40.35713,18.17801,,4,LECCE,21:10
2015-04-06,40.35938,18.18163,,,LECCE,09:45
2015-04-06,40.46401,18.20053,,1,LECCE,12:20
2015-04-07,40.34192,18.20354,,2,LECCE,11:10
2015-04-07,40.35823,18.18978,,4,LECCE,16:30
2015-04-08,40.36109,18.18005,,,LECCE,12:15
2015-04-08,40.35339,18.18106,,1,LECCE,12:40
2015-04-09,40.35516,18.18502,,1,LECCE,11:00
2015-04-09,40.36127,18.17296,,,LECCE,12:45
2015-04-09,40.33438,18.13812,,1,LECCE,23:10
2015-04-10,40.34769,18.18479,,1,LECCE,10:00
2015-04-10,40.35524,18.17631,,2,LECCE,20:50
2015-04-12,40.34339,18.15894,,1,LECCE,03:40
2015-04-12,40.35393,18.19118,,1,LECCE,20:40
2015-04-13,40.34526,18.19658,,,LECCE,16:10
2015-04-13,40.36418,18.07771,,,LECCE,18:15
2015-04-14,40.34624,18.15091,,,LECCE,11:30
2015-04-14,40.32571,18.18571,,2,LECCE,17:30
2015-04-15,40.34806,18.18479,,2,LECCE,13:45
2015-04-15,40.35517,18.16581,,1,LECCE,19:04
2015-04-16,40.35731,18.18969,,2,LECCE,00:40
2015-04-19,40.35393,18.18548,,,LECCE,18:30
2015-04-20,40.35063,18.16353,,1,LECCE,08:20
2015-04-20,40.36441,18.1922,,,LECCE,13:05
2015-04-22,40.36435,18.19567,,1,LECCE,17:35
2015-04-24,40.37591,18.16091,,3,LECCE,12:40
2015-04-24,40.36127,18.17297,,1,LECCE,21:35
2015-04-25,40.34968,18.17683,,,LECCE,05:40
2015-04-25,40.36296,18.16719,,2,LECCE,18:15
2015-04-26,40.37453,18.15022,,2,LECCE,20:30
2015-04-27,40.34249,18.1236,,1,LECCE,14:10
2015-04-27,40.36339,18.19805,,2,LECCE,16:30
2015-04-27,40.35477,18.15171,,5,LECCE,21:00
2015-04-28,40.35774,18.17925,,1,LECCE,13:20
2015-04-28,40.35961,18.18208,,1,LECCE,22:10
2015-04-29,40.35897,18.17469,,1,LECCE,12:22
2015-04-29,40.36465,18.14571,,2,LECCE,17:15
2015-04-30,40.36157,18.18841,,1,LECCE,02:00
2015-04-30,40.36484,18.17329,,1,LECCE,17:55
2015-05-01,40.34391,18.15788,,,LECCE,08:50
2015-05-01,40.32963,18.16358,,5,LECCE,09:50
2015-05-01,40.3883,18.30496,,,LECCE,12:25
2015-05-02,40.36011,18.1693,,,LECCE,21:10
2015-05-02,40.34629,18.18351,,,LECCE,23:30
2015-05-04,40.36115,18.20083,,,LECCE,12:15
2015-05-04,40.3582,18.18087,,,LECCE,17:00
2015-05-04,40.35204,18.18113,,1,LECCE,20:09
2015-05-04,40.36393,18.17663,,1,LECCE,21:20
2015-05-05,40.35616,18.17493,,1,LECCE,15:10
2015-05-05,40.35291,18.18913,,2,LECCE,19:45
2015-05-06,40.35222,18.19409,,,LECCE,10:50
2015-05-06,40.35731,18.18969,,,LECCE,12:00
2015-05-06,40.35731,18.18969,,1,LECCE,12:00
2015-05-07,40.32824,18.20257,,,LECCE,10:00
2015-05-08,40.34065,18.12541,,4,LECCE,12:20
2015-05-09,40.34564,18.14904,,1,LECCE,08:50
2015-05-09,40.35156,18.17486,,1,LECCE,23:20
2015-05-10,40.3712,18.17823,,4,LECCE,11:10
2015-05-10,40.3568,18.16731,,1,LECCE,16:08
2015-05-12,40.34633,18.18357,,,LECCE,08:35
2015-05-12,40.34843,18.17343,,,LECCE,10:00
2015-05-12,40.34829,18.1531,,1,LECCE,10:55
2015-05-12,40.34606,18.15877,,1,LECCE,12:45
2015-05-12,40.34665,18.16643,,4,LECCE,15:10
2015-05-14,40.353734,18.164815,,,LECCE,14:50
2015-05-15,40.34092,18.17773,,,LECCE,00:20
2015-05-15,40.37517,18.20852,,,LECCE,11:00
2015-05-15,40.35975,18.17205,,2,LECCE,13:55
2015-05-15,40.32966,18.16356,,1,LECCE,17:10
2015-05-16,40.35524,18.16741,,,LECCE,02:00
2015-05-17,40.35467,18.17383,,1,LECCE,10:00
2015-05-18,40.36322,18.1798,,,LECCE,08:55
2015-05-18,40.36152,18.1937,,,LECCE,10:00
2015-05-18,40.35717,18.17803,,1,LECCE,10:40
2015-05-18,40.36531,18.14385,,,LECCE,13:10
2015-05-18,40.34338,18.20266,,1,LECCE,14:15
2015-05-18,40.34504,18.17175,,1,LECCE,23:45
2015-05-19,40.34107,18.17458,,1,LECCE,09:30
2015-05-19,40.359144,18.203238,,1,LECCE,09:45
2015-05-20,40.34908,18.1818,,,LECCE,11:45
2015-05-20,40.34959,18.16294,,,LECCE,12:00
2015-05-21,40.39362,18.1555,,1,LECCE,16:45
2015-05-22,40.37024,18.17764,,1,LECCE,17:40
2015-05-23,40.35576,18.1911,,,LECCE,13:30
2015-05-23,40.34731,18.17901,,1,LECCE,17:47
2015-05-23,40.35481,18.15182,,,LECCE,21:10
2015-05-27,40.34608,18.18768,,3,LECCE,07:30
2015-05-27,40.35574,18.19195,,1,LECCE,11:20
2015-05-27,40.35249,18.17662,,,LECCE,11:40
2015-05-27,40.3682,18.18349,,1,LECCE,17:30
2015-05-27,40.34968,18.17485,,3,LECCE,20:30
2015-05-28,40.34863,18.194,,2,LECCE,20:20
2015-05-29,40.36574,18.16002,,1,LECCE,14:30
2015-05-30,40.34404,18.15788,,1,LECCE,08:00
2015-05-30,40.36539,18.17315,,1,LECCE,08:30
2015-05-30,40.3475,18.1715,,1,LECCE,18:00
2015-05-30,40.36335,18.16688,,2,LECCE,23:00
2015-06-01,40.35853,18.1829,,2,LECCE,09:00
2015-06-01,40.35273,18.1798,,,LECCE,17:28
2015-06-01,40.34532,18.19282,,4,LECCE,21:10
2015-06-02,40.35215,18.18288,,,LECCE,10:25
2015-06-02,40.34591,18.16615,,,LECCE,22:15
2015-06-03,40.34835,18.16099,,1,LECCE,08:05
2015-06-03,40.348626,18.172468,,1,LECCE,11:30
2015-06-03,40.34783,18.17765,,1,LECCE,16:30
2015-06-03,40.38008,18.12581,,1,LECCE,21:00
2015-06-04,40.34911,18.18177,,3,LECCE,08:15
2015-06-04,40.35251,18.24291,,2,LECCE,15:10
2015-06-04,40.35443,18.16524,,2,LECCE,18:25
2015-06-04,40.35823,18.17756,,2,LECCE,19:20
2015-06-05,40.36267,18.17584,,3,LECCE,10:50
2015-06-06,40.35284,18.18117,,6,LECCE,03:10
2015-06-06,40.35619,18.15301,,1,LECCE,12:25
2015-06-06,40.34912,18.17287,,2,LECCE,17:10
2015-06-07,40.35993,18.16683,,,LECCE,13:30
2015-06-08,40.35214,18.17344,,,LECCE,11:50
2015-06-08,40.37264,18.17566,,1,LECCE,16:00
2015-06-09,40.37638,18.13219,,1,LECCE,11:15
2015-06-09,40.34719,18.17237,,,LECCE,18:30
2015-06-10,40.357,18.16449,,,LECCE,02:15
2015-06-10,40.36087,18.16978,,1,LECCE,21:30
2015-06-11,40.34625,18.17069,,,LECCE,10:10
2015-06-11,40.35377,18.17914,,,LECCE,17:30
2015-06-12,40.36897,18.16863,,2,LECCE,17:50
2015-06-12,40.35634,18.1864,,2,LECCE,19:00
2015-06-13,40.35861,18.16838,,3,LECCE,11:30
2015-06-15,40.34702,18.17109,,2,LECCE,11:10
2015-06-15,40.35418,18.17394,,1,LECCE,12:05
2015-06-15,40.3581,18.17911,,1,LECCE,14:10
2015-06-15,40.36243,18.17659,,1,LECCE,18:50
2015-06-16,40.34451,18.17228,,1,LECCE,12:30
2015-06-16,40.4181,18.20689,,1,LECCE,16:15
2015-06-17,40.35857,18.18289,,,LECCE,04:30
2015-06-18,40.34962,18.1676,,,LECCE,15:15
2015-06-19,40.36277,18.16763,,1,LECCE,12:45
2015-06-19,40.36644,18.16905,,2,LECCE,20:10
2015-06-20,40.348096,18.167718,,3,LECCE,08:20
2015-06-20,40.32489,18.18671,,2,LECCE,18:45
2015-06-22,40.36248,18.15793,,1,LECCE,13:25
2015-06-23,40.35833,18.16085,,1,LECCE,14:15
2015-06-24,40.36061,18.18662,,1,LECCE,10:10
2015-06-25,40.34427,18.15724,,1,LECCE,10:40
2015-06-26,40.34223,18.1839,,,LECCE,09:50
2015-06-26,40.34788,18.17761,,1,LECCE,11:30
2015-06-27,40.34639,18.205,,3,LECCE,03:20
2015-06-27,40.35584,18.19474,,5,LECCE,09:55
2015-06-27,40.34513,18.19998,,,LECCE,14:00
2015-06-27,40.34381,18.15813,,,LECCE,20:00
2015-06-28,40.35628,18.18469,,2,LECCE,10:40
2015-06-29,40.35263,18.19055,,1,LECCE,11:00
2015-06-29,40.36329,18.16675,,2,LECCE,21:30
2015-06-30,40.34789,18.1776,,1,LECCE,15:55
2015-07-01,40.36066,18.16999,,1,LECCE,12:22
2015-07-01,40.35161,18.17361,,,LECCE,13:10
2015-07-01,40.38678,18.30408,,1,LECCE,15:05
2015-07-01,40.34994,18.1789,,3,LECCE,19:40
2015-07-03,40.36607,18.18711,,1,LECCE,08:30
2015-07-03,40.35797,18.12033,,2,LECCE,12:30
2015-07-03,40.34375,18.19624,,2,LECCE,16:50
2015-07-03,40.34948,18.18561,,,LECCE,17:15
2015-07-04,40.35385,18.17969,,1,LECCE,00:15
2015-07-04,40.35426,18.18881,,1,LECCE,16:50
2015-07-04,40.35004,18.17379,,4,LECCE,17:30
2015-07-06,40.34699,18.20365,,1,LECCE,09:30
2015-07-06,40.35605,18.18459,,1,LECCE,13:45
2015-07-06,40.35969,18.1722,,,LECCE,17:00
2015-07-06,40.36012,18.17172,,3,LECCE,17:00
2015-07-07,40.35195,18.18909,,1,LECCE,21:05
2015-07-08,40.35547,18.17763,,,LECCE,16:45
2015-07-09,40.36008,18.17185,,1,LECCE,00:05
2015-07-10,40.34639,18.18347,,1,LECCE,13:40
2015-07-10,40.35263,18.17896,,,LECCE,21:45
2015-07-11,40.34668,18.15922,,,LECCE,01:05
2015-07-11,40.35178,18.18585,,2,LECCE,21:10
2015-07-12,40.35135,18.16446,,,LECCE,17:10
2015-07-13,40.351075,18.187029,,1,LECCE,14:15
2015-07-13,40.36375,18.19354,,1,LECCE,20:50
2015-07-14,40.38614,18.10778,,2,LECCE,09:05
2015-07-14,40.35857,18.1829,,,LECCE,20:00
2015-07-15,40.36865,18.16773,,2,LECCE,02:15
2015-07-15,40.34284,18.17557,,1,LECCE,12:25
2015-07-16,40.35768,18.16771,,1,LECCE,00:35
2015-07-16,40.349,18.17316,,1,LECCE,19:00
2015-07-16,40.35063,18.16354,,,LECCE,20:00
2015-07-18,40.47134,18.17561,,,LECCE,15:30
2015-07-18,40.34822,18.18298,,,LECCE,20:00
2015-07-19,40.45628,18.20542,,,LECCE,10:40
2015-07-19,40.35068,18.16319,,1,LECCE,20:20
2015-07-20,40.35852,18.17063,,,LECCE,18:20
2015-07-21,40.35699,18.16726,,,LECCE,18:45
2015-07-22,40.34442,18.17235,,1,LECCE,11:30
2015-07-22,40.34905,18.16623,,1,LECCE,22:00
2015-07-23,40.38181,18.16871,,2,LECCE,11:10
2015-07-23,40.354338,18.176354,,,LECCE,15:30
2015-07-23,40.41265,18.20249,,1,LECCE,21:30
2015-07-24,40.34599,18.18347,,,LECCE,15:15
2015-07-24,40.35669,18.18746,,1,LECCE,19:10
2015-07-25,40.34559,18.19963,,,LECCE,13:30
2015-07-26,40.34968,18.16286,,3,LECCE,11:15
2015-07-27,40.3459,18.1831,,1,LECCE,09:05
2015-07-28,40.32967,18.16354,,1,LECCE,11:45
2015-07-29,40.34261,18.17565,,1,LECCE,12:10
2015-07-29,40.365677,18.215824,,,LECCE,19:15
2015-07-30,40.34328,18.15896,,,LECCE,18:20
2015-07-30,40.37697,18.212257,,,LECCE,20:35
2015-07-31,40.35899,18.20592,,,LECCE,13:00
2015-07-31,40.47084,18.17595,,,LECCE,23:00
2015-08-01,40.33656,18.17465,,2,LECCE,14:15
2015-08-01,40.47656,18.171,,1,LECCE,16:34
2015-08-02,40.36225,18.17196,,1,LECCE,10:15
2015-08-02,40.3819,18.27502,,1,LECCE,19:00
2015-08-03,40.36401,18.16594,,4,LECCE,10:25
2015-08-03,40.35091,18.18588,,3,LECCE,18:30
2015-08-04,40.34424,18.1575,,1,LECCE,00:58
2015-08-04,40.35076,18.17773,,,LECCE,12:20
2015-08-04,40.3496,18.18552,,2,LECCE,15:25
2015-08-07,40.34257,18.14072,,1,LECCE,19:00
2015-08-08,40.35084,18.16052,,2,LECCE,11:00
2015-08-08,40.355,18.15967,,1,LECCE,19:00
2015-08-08,40.36242,18.17658,,2,LECCE,19:45
2015-08-09,40.34668,18.16645,,,LECCE,08:40
2015-08-10,40.36617,18.18696,,2,LECCE,08:55
2015-08-10,40.36272,18.20516,,1,LECCE,20:25
2015-08-11,40.34869,18.16205,,1,LECCE,08:57
2015-08-11,40.3522,18.18342,,,LECCE,17:40
2015-08-11,40.35914,18.18303,,2,LECCE,18:30
2015-08-13,40.35364,18.1765,,1,LECCE,19:03
2015-08-14,40.34316,18.15908,,1,LECCE,12:30
2015-08-15,40.3415,18.17607,,1,LECCE,01:00
2015-08-15,40.35795,18.16213,,,LECCE,08:30
2015-08-16,40.35917,18.15572,,2,LECCE,16:30
2015-08-17,40.34662,18.16025,,1,LECCE,00:15
2015-08-17,40.35668,18.16732,,,LECCE,11:00
2015-08-17,40.36657,18.20073,,,LECCE,13:30
2015-08-17,40.35969,18.18186,,1,LECCE,20:20
2015-08-17,40.3592,18.16873,,,LECCE,23:00
2015-08-18,40.37255,18.14551,,1,LECCE,15:46
2015-08-18,40.35224,18.17289,,1,LECCE,17:53
2015-08-18,40.37235,18.19428,,1,LECCE,19:05
2015-08-21,40.34757,18.15347,,1,LECCE,11:35
2015-08-21,40.34467,18.14648,,1,LECCE,14:40
2015-08-21,40.35795,18.17911,,,LECCE,20:00
2015-08-23,40.351269,18.175979,,,LECCE,00:00
2015-08-23,40.34319,18.15918,,,LECCE,19:45
2015-08-24,40.34983,18.17906,,1,LECCE,09:20
2015-08-27,40.36012,18.1757,,,LECCE,18:55
2015-08-29,40.38387,18.21816,,1,LECCE,13:15
2015-08-30,40.35271,18.15543,,,LECCE,09:30
2015-08-30,40.35162,18.17485,,1,LECCE,20:25
2015-08-31,40.35065,18.16356,,,LECCE,10:01
2015-09-02,40.36272,18.17513,,1,LECCE,00:00
2015-09-02,40.34485,18.16015,,1,LECCE,09:15
2015-09-04,40.34763,18.16027,,1,LECCE,08:00
2015-09-04,40.36094,18.18853,,,LECCE,10:45
2015-09-05,40.35477,18.15925,,,LECCE,16:40
2015-09-05,40.35581,18.19421,,2,LECCE,17:15
2015-09-06,40.34664,18.16641,,2,LECCE,15:45
2015-09-06,40.45369,18.21647,,1,LECCE,16:30
2015-09-06,40.35443,18.16524,,4,LECCE,19:45
2015-09-07,40.34619,18.18353,,,LECCE,11:30
2015-09-07,40.35595,18.19594,,1,LECCE,16:50
2015-09-08,40.35666,18.18751,,1,LECCE,08:30
2015-09-08,40.34491,18.1228,,1,LECCE,10:45
2015-09-08,40.35644,18.18315,,,LECCE,14:30
2015-09-09,40.35846,18.17328,,,LECCE,10:05
2015-09-09,40.36118,18.17044,,,LECCE,16:50
2015-09-09,40.33449,18.17635,,1,LECCE,18:30
2015-09-09,40.34539,18.1745,,,LECCE,20:15
2015-09-09,40.34638,18.18345,,2,LECCE,20:45
2015-09-10,40.34871,18.16452,,,LECCE,11:05
2015-09-10,40.3534,18.15041,,1,LECCE,20:20
2015-09-12,40.33778,18.16818,,,LECCE,14:30
2015-09-12,40.35206,18.17669,,3,LECCE,23:45
2015-09-14,40.36075,18.15722,,,LECCE,00:40
2015-09-14,40.36809,18.16958,,1,LECCE,12:30
2015-09-14,40.35771,18.18083,,1,LECCE,19:30
2015-09-15,40.35899,18.18297,,1,LECCE,10:00
2015-09-15,40.34424,18.1575,,1,LECCE,14:45
2015-09-15,40.36813,18.1583,,1,LECCE,18:20
2015-09-16,40.34324,18.17777,,1,LECCE,19:55
2015-09-17,40.34033,18.16521,,1,LECCE,02:15
2015-09-17,40.354769,18.155483,,,LECCE,10:55
2015-09-17,40.3554,18.17818,,2,LECCE,12:30
2015-09-18,40.34317,18.17789,,,LECCE,12:20
2015-09-18,40.34699,18.18016,,1,LECCE,13:25
2015-09-19,40.36957,18.16862,,1,LECCE,11:20
2015-09-19,40.36998,18.05794,,5,LECCE,20:15
2015-09-19,40.3475,18.17148,,1,LECCE,23:45
2015-09-20,40.33316,18.12409,,2,LECCE,18:45
2015-09-20,40.35849,18.1538,,1,LECCE,23:30
2015-09-21,40.36159,18.20567,,1,LECCE,12:00
2015-09-21,40.34257,18.14072,,1,LECCE,15:00
2015-09-22,40.36063,18.18662,,1,LECCE,11:30
2015-09-22,40.35336,18.17659,,2,LECCE,16:30
2015-09-23,40.35898,18.17289,,2,LECCE,09:45
2015-09-23,40.34458,18.18266,,1,LECCE,13:50
2015-09-27,40.35387,18.19496,,2,LECCE,12:45
2015-09-27,40.371,18.1508,,3,LECCE,18:55
2015-09-28,40.35418,18.17394,,,LECCE,11:00
2015-09-28,40.35594,18.19593,,1,LECCE,13:10
2015-09-28,40.35848,18.16282,,1,LECCE,15:50
2015-09-29,40.34763,18.18175,,,LECCE,08:05
2015-09-30,40.352035,18.173939,,,LECCE,20:00
2015-09-30,40.33151,18.16625,,,LECCE,21:10
2015-10-01,40.34441,18.17236,,1,LECCE,18:35
2015-10-02,40.36124,18.16993,,1,LECCE,08:05
2015-10-03,40.34445,18.17403,,,LECCE,08:00
2015-10-03,40.3276,18.18625,,1,LECCE,12:10
2015-10-05,40.23897,17.91471,,1,LECCE,11:15
2015-10-06,40.36206,18.17803,,1,LECCE,08:45
2015-10-07,40.34097,18.17632,,1,LECCE,13:25
2015-10-07,40.4249,18.2393,,1,LECCE,17:00
2015-10-09,40.35593,18.15275,,1,LECCE,10:00
2015-10-09,40.3459,18.1662,,,LECCE,18:15
2015-10-10,40.37835,18.15151,,1,LECCE,07:00
2015-10-10,40.34495,18.20418,,,LECCE,10:40
2015-10-11,40.35629,18.158,,,LECCE,00:15
2015-10-11,40.34631,18.17081,,,LECCE,12:45
2015-10-12,40.36232,18.19544,,1,LECCE,10:00
2015-10-12,40.35378,18.2119,,2,LECCE,12:30
2015-10-12,40.3398,18.1603,,2,LECCE,18:40
2015-10-13,40.34756,18.18595,,,LECCE,14:03
2015-10-13,40.36553,18.19503,,2,LECCE,15:10
2015-10-14,40.35284,18.18112,,,LECCE,11:00
2015-10-14,40.34419,18.17009,,1,LECCE,15:25
2015-10-14,40.36973,18.1686,,2,LECCE,18:30
2015-10-15,40.35434,18.16526,,3,LECCE,13:30
2015-10-15,40.36031,18.17405,,,LECCE,13:45
2015-10-15,40.37359,18.17964,,,LECCE,16:20
2015-10-16,40.356945,18.167255,,,LECCE,00:05
2015-10-16,40.34284,18.1738,,,LECCE,09:00
2015-10-16,40.35285,18.21062,,,LECCE,12:23
2015-10-17,40.35808,18.19245,,1,LECCE,15:05
2015-10-18,40.33801,18.15642,,1,LECCE,07:30
2015-10-19,40.34832,18.17319,,,LECCE,08:00
2015-10-19,40.34518,18.20089,,2,LECCE,08:38
2015-10-19,40.35464,18.18521,,1,LECCE,16:15
2015-10-19,40.37557,18.05013,,3,LECCE,18:20
2015-10-20,40.35733,18.16746,,1,LECCE,16:30
2015-10-20,40.34293,18.15938,,,LECCE,18:30
2015-10-21,40.36738,18.21963,,2,LECCE,16:05
2015-10-22,40.35062,18.16355,,1,LECCE,07:50
2015-10-22,40.35064,18.16351,,2,LECCE,17:10
2015-10-23,40.36411,18.14715,,5,LECCE,11:15
2015-10-23,40.35581,18.18135,,,LECCE,15:25
2015-10-23,40.35319,18.1785,,1,LECCE,16:20
2015-10-23,40.35717,18.15949,,1,LECCE,18:00
2015-10-24,40.35871,18.17544,,1,LECCE,01:30
2015-10-24,40.34698,18.15955,,1,LECCE,12:00
2015-10-24,40.38753,18.09308,,3,LECCE,20:45
2015-10-26,40.35441,18.16517,,1,LECCE,10:15
2015-10-26,40.35989,18.18168,,4,LECCE,12:30
2015-10-27,40.36832,18.1728,,,LECCE,13:40
2015-10-27,40.34085,18.16904,,,LECCE,17:35
2015-10-28,40.36211,18.17188,,1,LECCE,12:00
2015-10-28,40.3639,18.17663,,,LECCE,14:15
2015-10-29,40.3445,18.15715,,3,LECCE,15:25
2015-10-31,40.3614,18.17933,,,LECCE,12:20
2015-10-31,40.3364,18.17276,,3,LECCE,14:10
2015-10-31,40.35532,18.18785,,3,LECCE,22:30
2015-11-01,40.36328,18.16817,,,LECCE,00:20
2015-11-02,40.3439,18.20315,,1,LECCE,07:50
2015-11-02,40.36108,18.17998,,1,LECCE,13:45
2015-11-02,40.36081,18.17398,,,LECCE,16:55
2015-11-03,40.35046,18.16359,,,LECCE,13:40
2015-11-03,40.33649,18.17279,,2,LECCE,16:15
2015-11-04,40.37356,18.17392,,2,LECCE,09:25
2015-11-04,40.35062,18.16351,,,LECCE,14:50
2015-11-04,40.33951,18.15725,,1,LECCE,15:30
2015-11-05,40.362737,18.175162,,,LECCE,14:30
2015-11-06,40.36236,18.20086,,1,LECCE,16:17
2015-11-06,40.33909,18.16599,,,LECCE,18:30
2015-11-06,40.35061,18.16352,,,LECCE,21:45
2015-11-08,40.3557,18.16485,,,LECCE,12:00
2015-11-09,40.35125,18.16396,,2,LECCE,00:30
2015-11-10,40.36428,18.19237,,5,LECCE,13:45
2015-11-10,40.33329,18.19488,,3,LECCE,16:20
2015-11-10,40.33005,18.14606,,1,LECCE,23:15
2015-11-13,40.34448,18.14561,,,LECCE,11:45
2015-11-13,40.35571,18.16484,,2,LECCE,22:10
2015-11-14,40.34258,18.17567,,3,LECCE,22:00
2015-11-15,40.40799,18.23039,,1,LECCE,08:10
2015-11-16,40.36016,18.16934,,1,LECCE,11:25
2015-11-19,40.34289,18.15691,,1,LECCE,09:15
2015-11-20,40.35392,18.19111,,1,LECCE,08:05
2015-11-20,40.364754,18.202511,,,LECCE,16:10
2015-11-21,40.34307,18.1779,,,LECCE,09:55
2015-11-21,40.35652,18.19714,,,LECCE,15:20
2015-11-21,40.33936,18.15848,,1,LECCE,17:15
2015-11-23,40.35395,18.18445,,1,LECCE,20:10
2015-11-23,40.35615,18.16386,,,LECCE,23:55
2015-11-24,40.32963,18.16356,,1,LECCE,14:10
2015-11-24,40.36009,18.17169,,1,LECCE,20:30
2015-11-24,40.36226,18.17201,,3,LECCE,20:55
2015-11-24,40.34787,18.17048,,,LECCE,22:55
2015-11-25,40.33294,18.19523,,2,LECCE,11:30
2015-11-25,40.35751,18.1815,,,LECCE,17:10
2015-11-25,40.4319,18.0392,,1,LECCE,22:10
2015-11-26,40.35725,18.16752,,1,LECCE,09:40
2015-11-27,40.36618,18.16231,,,LECCE,10:45
2015-11-27,40.35969,18.17214,,1,LECCE,16:35
2015-11-27,40.35903,18.17467,,3,LECCE,18:25
2015-11-28,40.35159,18.18908,,1,LECCE,13:10
2015-11-28,40.34005,18.16059,,2,LECCE,14:45
2015-11-29,40.37006,18.14641,,6,LECCE,16:50
2015-11-30,40.36117,18.18009,,2,LECCE,11:00
2015-11-30,40.35582,18.13481,,1,LECCE,19:15
2015-12-01,40.34409,18.17507,,2,LECCE,09:55
2015-12-01,40.34873,18.17256,,1,LECCE,17:20
2015-12-01,40.35846,18.16282,,2,LECCE,17:20
2015-12-02,40.34107,18.17458,,2,LECCE,10:00
2015-12-02,40.34621,18.15084,,1,LECCE,16:40
2015-12-03,40.359008,18.183064,,,LECCE,02:20
2015-12-03,40.36416,18.20172,,2,LECCE,09:30
2015-12-03,40.34264,18.15998,,3,LECCE,20:40
2015-12-04,40.35509,18.16632,,1,LECCE,10:10
2015-12-04,40.35775,18.19127,,1,LECCE,22:20
2015-12-05,40.33998,18.136,,1,LECCE,00:30
2015-12-05,40.35157,18.19665,,1,LECCE,11:00
2015-12-05,40.35521,18.17624,,1,LECCE,12:55
2015-12-05,40.36038,18.15755,,1,LECCE,20:30
2015-12-08,40.34903,18.16624,,2,LECCE,22:05
2015-12-09,40.35607,18.17506,,,LECCE,01:45
2015-12-09,40.35397,18.18056,,,LECCE,17:40
2015-12-09,40.35304,18.16435,,1,LECCE,21:00
2015-12-10,40.33404,18.19408,,,LECCE,20:20
2015-12-11,40.35307,18.18833,,1,LECCE,08:40
2015-12-11,40.33735,18.15814,,,LECCE,15:10
2015-12-12,40.35446,18.1765,,2,LECCE,00:20
2015-12-12,40.35191,18.19523,,1,LECCE,08:00
2015-12-12,40.339079,18.166019,,,LECCE,12:00
2015-12-12,40.35938,18.20701,,,LECCE,16:15
2015-12-12,40.35651,18.18352,,1,LECCE,17:30
2015-12-13,40.36518,18.14363,,,LECCE,17:40
2015-12-14,40.35235,18.18591,,2,LECCE,09:10
2015-12-14,40.35772,18.19117,,1,LECCE,17:20
2015-12-15,40.35902,18.18331,,1,LECCE,09:50
2015-12-16,40.41263,18.20242,,1,LECCE,11:50
2015-12-16,40.343,18.20991,,3,LECCE,16:00
2015-12-17,40.35279,18.17981,,,LECCE,19:15
2015-12-19,40.36015,18.16918,,,LECCE,17:20
2015-12-19,40.35655,18.18398,,3,LECCE,23:00
2015-12-20,40.35598,18.17602,,,LECCE,03:30
2015-12-21,40.35605,18.17598,,1,LECCE,04:00
2015-12-21,40.36066,18.16991,,,LECCE,08:20
2015-12-22,40.32362,18.18615,,3,LECCE,08:00
2015-12-22,40.3752,18.19005,,2,LECCE,16:00
2015-12-23,40.36174,18.179,,,LECCE,11:30
2015-12-23,40.35391,18.17739,,,LECCE,15:00
2015-12-23,40.34663,18.18124,,1,LECCE,17:00
2015-12-24,40.36243,18.17662,,2,LECCE,00:50
2015-12-24,40.34869,18.16231,,1,LECCE,20:30
2015-12-25,40.37837,18.26184,,4,LECCE,14:20
2015-12-25,40.33995,18.17847,,1,LECCE,15:40
2015-12-25,40.33991,18.13416,,6,LECCE,17:45
2015-12-25,40.35063,18.16351,,6,LECCE,20:50
2015-12-26,40.35552,18.1795,,2,LECCE,03:50
2015-12-27,40.35383,18.17959,,2,LECCE,13:30
2015-12-28,40.34753,18.16062,,,LECCE,15:30
2015-12-28,40.35992,18.18182,,3,LECCE,22:30
2015-12-29,40.37271,18.18755,,,LECCE,15:30
2015-12-30,40.32614,18.15389,,1,LECCE,13:25
2015-12-30,40.34716,18.15373,,1,LECCE,16:30
2015-12-31,40.36059,18.18665,,1,LECCE,20:15
2016-01-01,40.38193,18.2751,,1,LECCE,01:30
2016-01-01,40.36531,18.14369,,2,LECCE,13:55
2016-01-01,40.36552,18.14329,,,LECCE,13:55
2016-01-01,40.35607,18.17506,,,LECCE,21:25
2016-01-03,40.3538,18.17965,,,LECCE,11:20
2016-01-04,40.34946,18.16216,,,LECCE,11:40
2016-01-04,40.3495,18.16544,,1,LECCE,14:13
2016-01-04,40.32628,18.14658,,,LECCE,15:50
2016-01-04,40.3332,18.13373,,2,LECCE,17:45
2016-01-05,40.3537,18.17743,,1,LECCE,16:30
2016-01-05,40.3475,18.17149,,2,LECCE,22:45
2016-01-06,40.37276,18.14887,,,LECCE,16:40
2016-01-06,40.34903,18.1742,,,LECCE,17:30
2016-01-07,40.35158,18.16311,,1,LECCE,09:00
2016-01-07,40.34501,18.17455,,1,LECCE,15:45
2016-01-07,40.35195,18.16112,,1,LECCE,20:45
2016-01-08,40.3581,18.16808,,1,LECCE,14:25
2016-01-09,40.3606,18.19843,,,LECCE,01:05
2016-01-09,40.36289,18.16736,,2,LECCE,08:15
2016-01-11,40.34477,18.18349,,1,LECCE,07:40
2016-01-11,40.35054,18.18119,,1,LECCE,09:50
2016-01-11,40.35176,18.1766,,1,LECCE,09:55
2016-01-11,40.35019,18.15217,,2,LECCE,15:45
2016-01-12,40.34058,18.17203,,,LECCE,07:45
2016-01-12,40.36349,18.19843,,2,LECCE,14:45
2016-01-12,40.37987,18.11688,,1,LECCE,20:00
2016-01-13,40.35216,18.17869,,,LECCE,11:55
2016-01-13,40.34447,18.14562,,1,LECCE,13:25
2016-01-13,40.36056,18.19289,,2,LECCE,15:00
2016-01-13,40.3637,18.14296,,1,LECCE,18:45
2016-01-14,40.3519,18.1611,,1,LECCE,18:00
2016-01-15,40.35564,18.13415,,1,LECCE,02:30
2016-01-15,40.36593,18.20401,,1,LECCE,12:30
2016-01-15,40.35678,18.18481,,1,LECCE,21:50
2016-01-16,40.359,18.20362,,,LECCE,11:15
2016-01-17,40.36446,18.22054,,,LECCE,11:15
2016-01-18,40.36432,18.18515,,1,LECCE,10:50
2016-01-19,40.33771,18.12757,,3,LECCE,08:30
2016-01-19,40.34695,18.18784,,1,LECCE,09:30
2016-01-19,40.35264,18.18582,,,LECCE,12:30
2016-01-19,40.35132,18.17859,,,LECCE,16:50
2016-01-19,40.34392,18.17911,,1,LECCE,19:15
2016-01-20,40.34781,18.1585,,,LECCE,18:00
2016-01-21,40.36184,18.15763,,,LECCE,20:30
2016-01-23,40.3383,18.12711,,1,LECCE,16:55
2016-01-24,40.33965,18.17872,,1,LECCE,01:45
2016-01-24,40.34383,18.20677,,,LECCE,18:15
2016-01-24,40.34784,18.18485,,,LECCE,23:30
2016-01-25,40.36222,18.1719,,1,LECCE,11:00
2016-01-26,40.36365,18.14838,,1,LECCE,08:45
2016-01-26,40.35994,18.16684,,,LECCE,17:42
2016-01-27,40.337,18.16791,,1,LECCE,08:00
2016-01-27,40.383,18.18624,,,LECCE,13:27
2016-01-28,40.37478,18.17695,,,LECCE,10:40
2016-01-28,40.38787,18.16755,,2,LECCE,13:15
2016-01-28,40.36264,18.18644,,1,LECCE,17:45
2016-01-29,40.33648,18.17468,,1,LECCE,12:30
2016-01-29,40.34711,18.15963,,1,LECCE,19:15
2016-01-30,40.34893,18.17259,,2,LECCE,18:28
2016-01-31,40.3339,18.15418,,1,LECCE,17:45
2016-01-31,40.35914,18.16686,,,LECCE,17:50
2016-02-01,40.35434,18.19114,,1,LECCE,12:15
2016-02-01,40.35507,18.17954,,1,LECCE,16:50
2016-02-02,40.35501,18.16605,,1,LECCE,12:10
2016-02-03,40.34886,18.18319,,1,LECCE,08:00
2016-02-03,40.34751,18.16067,,1,LECCE,16:45
2016-02-04,40.34617,18.17609,,,LECCE,11:30
2016-02-04,40.35123,18.16397,,1,LECCE,11:45
2016-02-04,40.33916,18.17597,,,LECCE,14:55
2016-02-05,40.44937,18.18903,,,LECCE,10:45
2016-02-06,40.3557,18.1915,,1,LECCE,15:30
2016-02-07,40.33713,18.17802,,1,LECCE,03:30
2016-02-07,40.35059,18.16356,,1,LECCE,09:30
2016-02-08,40.35076,18.16331,,,LECCE,22:05
2016-02-09,40.35778,18.1913,,,LECCE,16:03
2016-02-10,40.34749,18.17149,,2,LECCE,12:15
2016-02-10,40.32487,18.18587,,,LECCE,12:30
2016-02-11,40.35552,18.18267,,1,LECCE,13:10
2016-02-11,40.368,18.20236,,2,LECCE,13:45
2016-02-12,40.35058,18.18119,,,LECCE,10:00
2016-02-12,40.37815,18.12283,,,LECCE,15:10
2016-02-13,40.35319,18.1785,,3,LECCE,01:30
2016-02-13,40.35206,18.19967,,,LECCE,14:40
2016-02-14,40.35421,18.182,,1,LECCE,12:45
2016-02-15,40.35593,18.19596,,,LECCE,09:20
2016-02-15,40.35067,18.16354,,,LECCE,11:30
2016-02-15,40.36115,18.17052,,2,LECCE,20:40
2016-02-16,40.3582,18.16149,,,LECCE,20:00
2016-02-17,40.3338,18.13249,,,LECCE,11:15
2016-02-17,40.34207,18.15863,,,LECCE,23:00
2016-02-18,40.35497,18.18295,,2,LECCE,14:10
2016-02-18,40.36243,18.17662,,,LECCE,19:00
2016-02-18,40.34608,18.18322,,2,LECCE,22:30
2016-02-19,40.33471,18.14956,,1,LECCE,22:15
2016-02-24,40.35373,18.17842,,1,LECCE,19:40
2016-02-25,40.33524,18.19825,,2,LECCE,13:25
2016-02-25,40.35744,18.19523,,1,LECCE,20:40
2016-02-26,40.35276,18.17981,,,LECCE,11:30
2016-02-26,40.34826,18.183,,1,LECCE,18:00
2016-02-26,40.35438,18.1763,,,LECCE,18:30
2016-02-29,40.34009,18.13595,,1,LECCE,07:05
2016-02-29,40.35922,18.16873,,1,LECCE,11:45
2016-02-29,40.3596,18.18472,,2,LECCE,13:50
2016-03-01,40.35789,18.16424,,1,LECCE,08:30
2016-03-02,40.34293,18.17799,,,LECCE,15:00
2016-03-02,40.34895,18.15903,,,LECCE,20:00
2016-03-03,40.36422,18.20187,,,LECCE,08:05
2016-03-03,40.3471,18.16133,,1,LECCE,11:25
2016-03-03,40.35723,18.16749,,2,LECCE,14:50
2016-03-03,40.33641,18.17151,,,LECCE,15:25
2016-03-04,40.45354,18.20068,,,LECCE,21:45
2016-03-06,40.3506,18.16351,,4,LECCE,02:40
2016-03-07,40.35593,18.176,,,LECCE,01:49
2016-03-07,40.356956,18.167383,,,LECCE,10:30
2016-03-07,40.35399,18.18145,,,LECCE,17:25
2016-03-08,40.34663,18.18124,,1,LECCE,12:05
2016-03-08,40.33988,18.13446,,3,LECCE,17:40
2016-03-09,40.35674,18.16735,,1,LECCE,11:30
2016-03-11,40.34964,18.16288,,1,LECCE,18:20
2016-03-11,40.34259,18.17566,,,LECCE,21:15
2016-03-12,40.34867,18.15921,,,LECCE,11:00
2016-03-12,40.35862,18.18293,,1,LECCE,16:10
2016-03-13,40.36342,18.17182,,1,LECCE,12:40
2016-03-13,40.36283,18.18344,,1,LECCE,22:35
2016-03-14,40.34782,18.1849,,,LECCE,12:00
2016-03-14,40.34294,18.17361,,,LECCE,13:35
2016-03-14,40.38289,18.27908,,1,LECCE,19:50
2016-03-14,40.35234,18.16393,,3,LECCE,20:15
2016-03-15,40.35707,18.17366,,1,LECCE,08:20
2016-03-15,40.36396,18.17669,,4,LECCE,12:30
2016-03-15,40.35615,18.19865,,2,LECCE,12:30
2016-03-15,40.38637,18.18214,,,LECCE,18:10
2016-03-16,40.38613,18.10184,,4,LECCE,08:15
2016-03-16,40.35666,18.18416,,,LECCE,08:15
2016-03-16,40.35293,18.16227,,2,LECCE,11:55
2016-03-16,40.36106,18.1701,,1,LECCE,14:50
2016-03-16,40.3541,18.18299,,,LECCE,16:20
2016-03-16,40.35296,18.1831,,,LECCE,20:20
2016-03-17,40.34666,18.16641,,,LECCE,10:15
2016-03-18,40.35539,18.19488,,,LECCE,10:25
2016-03-18,40.34749,18.1715,,2,LECCE,16:30
2016-03-19,40.34976,18.1615,,1,LECCE,02:00
2016-03-19,40.35271,18.17854,,,LECCE,10:30
2016-03-19,40.35833,18.18302,,3,LECCE,13:02
2016-03-19,40.35993,18.16685,,,LECCE,13:05
2016-03-20,40.35845,18.19095,,1,LECCE,13:40
2016-03-20,40.36188,18.1689,,1,LECCE,16:55
2016-03-21,40.3704,18.15965,,,LECCE,13:30
2016-03-21,40.36486,18.16956,,,LECCE,16:50
2016-03-21,40.34223,18.1254,,1,LECCE,19:55
2016-03-22,40.36312,18.19636,,,LECCE,13:30
2016-03-24,40.36225,18.17713,,1,LECCE,03:00
2016-03-24,40.35077,18.16337,,1,LECCE,08:00
2016-03-24,40.3505,18.1481,,2,LECCE,11:45
2016-03-24,40.35654,18.18395,,2,LECCE,20:30
2016-03-25,40.35202,18.18898,,1,LECCE,09:50
2016-03-26,40.34273,18.17367,,,LECCE,10:45
2016-03-26,40.34787,18.17048,,1,LECCE,12:30
2016-03-26,40.3596,18.19387,,,LECCE,18:15
2016-03-27,40.35666,18.18428,,,LECCE,16:35
2016-03-27,40.35708,18.16755,,1,LECCE,22:00
2016-03-28,40.39437,18.2706,1,,LECCE,16:00
2016-03-29,40.35676,18.16717,,,LECCE,11:00
2016-03-29,40.34859,18.16696,,,LECCE,12:45
2016-03-29,40.35067,18.1635,,,LECCE,20:30
2016-03-30,40.33998,18.17676,,1,LECCE,09:30
2016-03-30,40.3529,18.18113,,,LECCE,12:55
2016-03-30,40.35804,18.15479,,,LECCE,19:20
2016-03-30,40.38603,18.10244,,4,LECCE,23:58
2016-03-31,40.35278,18.2104,,,LECCE,10:15
2016-03-31,40.3592,18.16873,,2,LECCE,14:45
2016-04-01,40.36296,18.1672,,4,LECCE,09:30
2016-04-01,40.34522,18.19555,,1,LECCE,19:40
2016-04-01,40.3464,18.19951,,1,LECCE,20:00
2016-04-02,40.36603,18.20435,,1,LECCE,16:15
2016-04-03,40.36669,18.20987,,1,LECCE,17:20
2016-04-04,40.35672,18.17429,,1,LECCE,08:10
2016-04-04,40.34941,18.18558,,1,LECCE,20:30
2016-04-05,40.35548,18.15232,,2,LECCE,12:00
2016-04-05,40.36376,18.17671,,,LECCE,17:05
2016-04-05,40.3466,18.16661,,1,LECCE,21:34
2016-04-06,40.3512,18.1762,,1,LECCE,08:15
2016-04-06,40.3658,18.14235,,1,LECCE,21:35
2016-04-07,40.36713,18.16036,,,LECCE,15:00
2016-04-07,40.34761,18.16009,,1,LECCE,19:45
2016-04-08,40.36108,18.1801,,1,LECCE,09:10
2016-04-08,40.3391,18.15759,,2,LECCE,12:15
2016-04-09,40.35854,18.19473,,,LECCE,08:05
2016-04-09,40.34624,18.15876,,,LECCE,08:40
2016-04-09,40.34108,18.12528,,,LECCE,12:00
2016-04-09,40.35993,18.16685,,2,LECCE,17:35
2016-04-10,40.35276,18.1765,,1,LECCE,10:50
2016-04-11,40.35614,18.19847,,1,LECCE,11:15
2016-04-11,40.34789,18.17762,,,LECCE,13:00
2016-04-11,40.34144,18.16206,,,LECCE,17:20
2016-04-13,40.36411,18.16565,,1,LECCE,04:15
2016-04-13,40.36041,18.20532,,1,LECCE,11:05
2016-04-13,40.355115,18.173802,,,LECCE,11:07
2016-04-13,40.33566,18.16698,,1,LECCE,11:10
2016-04-13,40.35248,18.17662,,,LECCE,14:35
2016-04-13,40.36097,18.17902,,,LECCE,16:30
2016-04-13,40.35138,18.18699,,1,LECCE,19:30
2016-04-14,40.34758,18.17152,,1,LECCE,14:40
2016-04-14,40.35634,18.1833,,2,LECCE,15:35
2016-04-14,40.35584,18.19474,,,LECCE,18:00
2016-04-15,40.35756,18.19522,,,LECCE,14:30
2016-04-15,40.35712,18.16681,,1,LECCE,16:06
2016-04-15,40.36561,18.14289,,3,LECCE,16:30
2016-04-16,40.35189,18.20666,,3,LECCE,15:00
2016-04-16,40.3428,18.16972,,1,LECCE,18:40
2016-04-18,40.34624,18.17082,,1,LECCE,00:05
2016-04-18,40.33512,18.13021,,1,LECCE,01:00
2016-04-18,40.36239,18.18125,,1,LECCE,18:00
2016-04-19,40.38499,18.19023,,1,LECCE,08:15
2016-04-19,40.35126,18.16379,,1,LECCE,12:40
2016-04-20,40.34888,18.16645,,1,LECCE,09:45
2016-04-20,40.32967,18.16358,,1,LECCE,14:45
2016-04-20,40.361812,18.168907,,,LECCE,15:00
2016-04-20,40.34472,18.17022,,3,LECCE,19:05
2016-04-21,40.34699,18.15955,,1,LECCE,11:30
2016-04-22,40.36074,18.15664,,2,LECCE,23:00
2016-04-23,40.3379,18.18743,,1,LECCE,07:55
2016-04-23,40.36243,18.17663,,1,LECCE,13:05
2016-04-24,40.34261,18.17566,,,LECCE,09:30
2016-04-24,40.35701,18.16451,,1,LECCE,18:15
2016-04-25,40.34128,18.17755,,3,LECCE,16:05
2016-04-27,40.36265,18.18649,,1,LECCE,09:20
2016-04-27,40.36057,18.18663,,1,LECCE,10:30
2016-04-27,40.34672,18.18129,,1,LECCE,12:50
2016-04-27,40.36183,18.16895,,1,LECCE,16:56
2016-04-27,40.37561,18.16276,,1,LECCE,19:30
2016-04-28,40.36011,18.17167,,2,LECCE,00:07
2016-04-28,40.33685,18.16318,,2,LECCE,19:00
2016-04-29,40.35713,18.1971,,,LECCE,12:10
2016-04-29,40.34837,18.16308,,1,LECCE,12:30
2016-04-30,40.353,18.09687,,,LECCE,02:00
2016-04-30,40.36351,18.19494,,1,LECCE,19:00
2016-05-01,40.36062,18.15705,,,LECCE,04:00
2016-05-01,40.36062,18.15705,,1,LECCE,08:55
2016-05-01,40.35357,18.18626,,1,LECCE,12:30
2016-05-01,40.32265,18.18397,,2,LECCE,14:30
2016-05-01,40.36034,18.17505,,,LECCE,20:30
2016-05-02,40.33552,18.15488,,,LECCE,07:25
2016-05-02,40.34701,18.18758,,1,LECCE,10:20
2016-05-02,40.36442,18.22057,,2,LECCE,16:20
2016-05-03,40.35628,18.16859,,1,LECCE,17:50
2016-05-03,40.36243,18.17662,,1,LECCE,19:15
2016-05-04,40.36317,18.15836,,1,LECCE,13:10
2016-05-05,40.34824,18.18954,,1,LECCE,13:35
2016-05-05,40.34185,18.18157,,,LECCE,15:05
2016-05-06,40.35167,18.27515,,1,LECCE,12:10
2016-05-06,40.3487,18.16454,,,LECCE,17:00
2016-05-07,40.33997,18.13495,,2,LECCE,03:00
2016-05-08,40.35374,18.17853,,,LECCE,11:15
2016-05-08,40.35305,18.16434,,,LECCE,18:10
2016-05-09,40.36161,18.20397,,2,LECCE,08:40
2016-05-09,40.35557,18.17987,,1,LECCE,13:40
2016-05-10,40.34632,18.17066,,,LECCE,08:05
2016-05-10,40.34784,18.1848,,,LECCE,10:25
2016-05-10,40.35578,18.17716,,1,LECCE,11:05
2016-05-10,40.34081,18.17353,,1,LECCE,12:15
2016-05-11,40.35967,18.16688,,,LECCE,12:10
2016-05-11,40.48089,18.09212,,5,LECCE,16:15
2016-05-11,40.36324,18.1687,,,LECCE,19:30
2016-05-12,40.36324,18.16843,,,LECCE,10:10
2016-05-13,40.3535,18.15434,,1,LECCE,07:50
2016-05-13,40.36295,18.16801,,,LECCE,09:25
2016-05-13,40.34502,18.14734,,3,LECCE,13:05
2016-05-14,40.34098,18.17635,,1,LECCE,02:40
2016-05-14,40.35981,18.19371,,1,LECCE,14:30
2016-05-14,40.35577,18.15782,,,LECCE,19:05
2016-05-15,40.35193,18.1799,,1,LECCE,01:40
2016-05-15,40.35684,18.18413,,1,LECCE,14:50
2016-05-15,40.34843,18.17141,,,LECCE,15:30
2016-05-15,40.35386,18.18101,,1,LECCE,18:45
2016-05-16,40.36005,18.16791,,,LECCE,17:25
2016-05-16,40.35869,18.18285,,,LECCE,19:00
2016-05-17,40.35445,18.18765,,1,LECCE,12:00
2016-05-17,40.36577,18.14233,,2,LECCE,18:00
2016-05-18,40.3398,18.1603,,,LECCE,10:30
2016-05-19,40.34224,18.17711,,,LECCE,11:30
2016-05-19,40.34859,18.16696,,1,LECCE,16:00
2016-05-19,40.36059,18.18093,,,LECCE,21:15
2016-05-20,40.348803,18.166661,,1,LECCE,10:15
2016-05-20,40.36277,18.17528,,,LECCE,10:15
2016-05-20,40.35513,18.18504,,,LECCE,14:45
2016-05-20,40.38508,18.1588,,1,LECCE,18:30
2016-05-21,40.33381,18.1331,,1,LECCE,08:00
2016-05-21,40.33201,18.15801,,1,LECCE,11:00
2016-05-21,40.35532,18.17674,,,LECCE,19:25
2016-05-22,40.37022,18.15973,,1,LECCE,00:45
2016-05-22,40.36337,18.17191,,1,LECCE,12:15
2016-05-22,40.35188,18.16111,,,LECCE,20:40
2016-05-23,40.36429,18.18808,,,LECCE,08:20
2016-05-23,40.35261,18.16979,,,LECCE,11:35
2016-05-24,40.3575,18.16541,,1,LECCE,12:05
2016-05-24,40.36066,18.16991,,,LECCE,16:30
2016-05-25,40.34148,18.1786,,1,LECCE,09:30
2016-05-26,40.40179,18.10709,,1,LECCE,07:50
2016-05-26,40.34251,18.1757,,,LECCE,08:00
2016-05-26,40.34819,18.16543,,1,LECCE,13:15
2016-05-27,40.37545,18.19738,,1,LECCE,09:20
2016-05-28,40.35188,18.16111,,,LECCE,23:25
2016-05-30,40.35967,18.17215,,,LECCE,08:37
2016-05-30,40.35063,18.16351,,1,LECCE,15:40
2016-05-30,40.36116,18.18007,,3,LECCE,17:00
2016-05-30,40.35211,18.17659,,2,LECCE,21:40
2016-05-31,40.35393,18.19122,,1,LECCE,10:55
2016-05-31,40.3368,18.17054,,1,LECCE,13:20
2016-06-01,40.3224,18.14809,,2,LECCE,08:50
2016-06-01,40.37121,18.17823,,1,LECCE,16:50
2016-06-01,40.35785,18.16806,,1,LECCE,19:00
2016-06-02,40.34862,18.12599,,,LECCE,02:45
2016-06-02,40.35907,18.1612,,,LECCE,19:40
2016-06-03,40.34603,18.1831,,,LECCE,17:25
2016-06-04,40.36112,18.18007,,,LECCE,13:40
2016-06-04,40.33856,18.17488,,3,LECCE,18:25
2016-06-06,40.38069,18.27088,,1,LECCE,09:58
2016-06-06,40.35135,18.1756,,,LECCE,16:00
2016-06-07,40.35197,18.16084,,1,LECCE,08:50
2016-06-07,40.36518,18.14363,,1,LECCE,13:00
2016-06-07,40.36518,18.14363,,3,LECCE,16:50
2016-06-07,40.36092,18.170282,,,LECCE,19:30
2016-06-08,40.35542,18.17821,,1,LECCE,07:30
2016-06-08,40.36114,18.15176,,2,LECCE,11:20
2016-06-08,40.34256,18.17523,,,LECCE,19:20
2016-06-09,40.34786,18.17049,,1,LECCE,12:07
2016-06-10,40.3482,18.16541,,1,LECCE,15:50
2016-06-12,40.3749,18.21491,,1,LECCE,18:40
2016-06-13,40.33163,18.15765,,,LECCE,09:15
2016-06-13,40.35627,18.18299,,2,LECCE,15:00
2016-06-13,40.34825,18.16931,,1,LECCE,16:30
2016-06-13,40.35319,18.17411,,1,LECCE,23:13
2016-06-14,40.33276,18.19541,,1,LECCE,19:00
2016-06-15,40.34392,18.14403,,2,LECCE,11:10
2016-06-15,40.33706,18.16336,,2,LECCE,18:25
2016-06-16,40.36198,18.19033,,1,LECCE,13:00
2016-06-17,40.35429,18.16559,,2,LECCE,12:30
2016-06-17,40.36243,18.17662,,1,LECCE,16:15
2016-06-18,40.35441,18.17637,,,LECCE,10:30
2016-06-18,40.3475,18.1715,,1,LECCE,13:45
2016-06-18,40.36277,18.17521,,1,LECCE,16:05
2016-06-18,40.34749,18.17151,,2,LECCE,23:30
2016-06-20,40.35479,18.18188,,,LECCE,10:20
2016-06-20,40.3617,18.18837,,1,LECCE,10:45
2016-06-20,40.33369,18.13272,,4,LECCE,18:45
2016-06-21,40.36536,18.17299,,1,LECCE,13:50
2016-06-21,40.34867,18.15921,,1,LECCE,17:20
2016-06-21,40.34027,18.17669,,1,LECCE,20:50
2016-06-22,40.35909,18.18289,,1,LECCE,09:00
2016-06-22,40.36287,18.17381,,1,LECCE,10:55
2016-06-22,40.35719,18.17794,,1,LECCE,20:50
2016-06-23,40.3379,18.12752,,1,LECCE,08:57
2016-06-23,40.33758,18.17073,,2,LECCE,12:10
2016-06-23,40.35666,18.18432,,1,LECCE,18:00
2016-06-24,40.38187,18.27512,,1,LECCE,15:15
2016-06-24,40.3576,18.1737,,1,LECCE,23:40
2016-06-25,40.34458,18.20377,,1,LECCE,08:30
2016-06-26,40.36222,18.16671,,2,LECCE,09:25
2016-06-26,40.4655,18.19224,,4,LECCE,18:00
2016-06-27,40.3633,18.16814,,1,LECCE,08:00
2016-06-27,40.33512,18.16738,,1,LECCE,08:45
2016-06-28,40.33402,18.15357,,1,LECCE,09:00
2016-06-28,40.35713,18.19541,,1,LECCE,14:00
2016-06-28,40.38189,18.27517,,3,LECCE,14:30
2016-06-29,40.36323,18.19628,,1,LECCE,01:50
2016-06-29,40.34255,18.17569,,3,LECCE,16:07
2016-06-29,40.33833,18.13327,,1,LECCE,20:15
2016-06-30,40.34821,18.1568,,1,LECCE,09:20
2016-06-30,40.36273,18.17513,,1,LECCE,13:25
2016-07-01,40.35212,18.17657,,1,LECCE,17:00
2016-07-02,40.35507,18.133596,,6,LECCE,11:20
2016-07-02,40.3587,18.17543,,1,LECCE,16:10
2016-07-03,40.46753,18.20048,,1,LECCE,13:00
2016-07-03,40.35217,18.1595,,,LECCE,21:15
2016-07-04,40.36539,18.06928,,,LECCE,17:50
2016-07-05,40.3434,18.17836,,1,LECCE,08:20
2016-07-05,40.34667,18.18386,,2,LECCE,08:45
2016-07-05,40.3712,18.17822,,,LECCE,10:40
2016-07-05,40.35747,18.18985,,2,LECCE,17:35
2016-07-06,40.35607,18.17506,,1,LECCE,18:30
2016-07-07,40.35194,18.19498,,1,LECCE,08:50
2016-07-07,40.36112,18.17021,,1,LECCE,09:00
2016-07-07,40.35458,18.17962,,,LECCE,15:40
2016-07-07,40.35373,18.18557,,1,LECCE,18:05
2016-07-07,40.34814,18.1849,,1,LECCE,18:45
2016-07-08,40.34859,18.16696,,,LECCE,09:30
2016-07-08,40.35036,18.16334,,2,LECCE,12:05
2016-07-08,40.37686,18.21242,,1,LECCE,12:30
2016-07-08,40.35718,18.17799,,1,LECCE,15:40
2016-07-08,40.35289,18.18577,,,LECCE,19:45
2016-07-09,40.36279,18.17529,,2,LECCE,09:30
2016-07-09,40.35052,18.16365,,1,LECCE,10:15
2016-07-09,40.34772,18.18477,,,LECCE,15:40
2016-07-09,40.35985,18.17184,,1,LECCE,19:30
2016-07-10,40.37277,18.14882,,4,LECCE,09:45
2016-07-10,40.35396,18.18097,,,LECCE,19:50
2016-07-11,40.35075,18.16331,,1,LECCE,14:10
2016-07-12,40.33833,18.15658,,1,LECCE,09:46
2016-07-12,40.34661,18.18181,,1,LECCE,11:30
2016-07-12,40.34207,18.16943,,1,LECCE,17:30
2016-07-12,40.36673,18.21995,,2,LECCE,20:20
2016-07-13,40.34779,18.18497,,1,LECCE,09:45
2016-07-13,40.35126,18.16385,,1,LECCE,17:10
2016-07-14,40.36243,18.19707,,1,LECCE,01:10
2016-07-14,40.35122,18.180631,,1,LECCE,09:55
2016-07-15,40.36467,18.14338,,2,LECCE,00:54
2016-07-15,40.33949,18.15724,,1,LECCE,14:10
2016-07-15,40.35396,18.17401,,,LECCE,17:00
2016-07-16,40.35597,18.13409,,1,LECCE,01:35
2016-07-16,40.36677,18.22022,,4,LECCE,23:30
2016-07-17,40.36383,18.14286,,4,LECCE,11:00
2016-07-17,40.3874,18.17615,,5,LECCE,18:30
2016-07-18,40.34383,18.2068,,,LECCE,00:15
2016-07-18,40.3483,18.17316,,1,LECCE,09:05
2016-07-18,40.34387,18.16988,,1,LECCE,21:20
2016-07-19,40.35662,18.16539,,1,LECCE,08:50
2016-07-21,40.35548,18.17756,,,LECCE,21:30
2016-07-22,40.35656,18.15338,,2,LECCE,08:40
2016-07-23,40.40251,18.1968,,4,LECCE,13:50
2016-07-23,40.34382,18.17741,,2,LECCE,19:40
2016-07-24,40.32432,18.18976,,,LECCE,04:50
2016-07-24,40.36334,18.17188,,1,LECCE,07:55
2016-07-24,40.43371,18.11427,,5,LECCE,18:00
2016-07-25,40.35438,18.17631,,1,LECCE,12:45
2016-07-25,40.34177,18.21458,,4,LECCE,13:45
2016-07-25,40.35188,18.17863,,3,LECCE,21:05
2016-07-26,40.34623,18.16718,,1,LECCE,05:00
2016-07-26,40.34773,18.16018,,,LECCE,12:45
2016-07-26,40.35124,18.18063,,1,LECCE,15:00
2016-07-27,40.35017,18.16244,,2,LECCE,01:00
2016-07-27,40.34714,18.17166,,1,LECCE,02:00
2016-07-27,40.36203,18.17183,,2,LECCE,16:15
2016-07-27,40.35661,18.18432,,1,LECCE,20:50
2016-07-28,40.36778,18.06266,,2,LECCE,13:00
2016-07-29,40.3572,18.18002,,1,LECCE,18:40
2016-07-29,40.3828,18.15552,,1,LECCE,22:00
2016-07-30,40.38747,18.29654,,,LECCE,17:50
2016-08-01,40.32966,18.16355,,,LECCE,10:50
2016-08-01,40.3521,18.17659,,1,LECCE,15:10
2016-08-01,40.37716,18.16929,1,1,LECCE,19:52
2016-08-02,40.35661,18.18071,,1,LECCE,10:40
2016-08-02,40.3568,18.17419,,2,LECCE,12:30
2016-08-02,40.34745,18.15443,,,LECCE,15:00
2016-08-02,40.35282,18.18587,,2,LECCE,17:10
2016-08-02,40.3703,18.17769,,2,LECCE,22:40
2016-08-03,40.3518,18.1814,,,LECCE,10:30
2016-08-03,40.35117,18.17623,,,LECCE,11:30
2016-08-03,40.35577,18.19078,,,LECCE,20:15
2016-08-04,40.35861,18.17317,,1,LECCE,11:40
2016-08-04,40.34705,18.15368,,4,LECCE,16:15
2016-08-05,40.34668,18.18387,,1,LECCE,10:05
2016-08-05,40.36305,18.17116,,2,LECCE,10:45
2016-08-05,40.41263,18.20243,,,LECCE,14:00
2016-08-06,40.35808,18.16398,,2,LECCE,00:01
2016-08-07,40.34763,18.16013,,1,LECCE,22:15
2016-08-08,40.37006,18.21873,,1,LECCE,00:30
2016-08-08,40.35583,18.15267,,1,LECCE,12:45
2016-08-08,40.35237,18.18592,,,LECCE,18:40
2016-08-08,40.34951,18.16545,,1,LECCE,20:20
2016-08-09,40.35063,18.16351,,2,LECCE,07:35
2016-08-09,40.36589,18.16275,,1,LECCE,09:25
2016-08-09,40.37734,18.13033,,,LECCE,15:30
2016-08-09,40.35933,18.16691,,2,LECCE,22:30
2016-08-10,40.35374,18.17844,,1,LECCE,11:14
2016-08-11,40.3481,18.18473,,1,LECCE,13:05
2016-08-11,40.36152,18.1937,,,LECCE,16:30
2016-08-12,40.354596,18.176417,,,LECCE,18:30
2016-08-13,40.34857,18.15288,,,LECCE,10:55
2016-08-13,40.35812,18.19246,,1,LECCE,13:00
2016-08-13,40.34305,18.15702,,1,LECCE,14:05
2016-08-13,40.35488,18.15171,,5,LECCE,17:00
2016-08-15,40.45854,18.15312,,2,LECCE,08:30
2016-08-15,40.35612,18.1824,,3,LECCE,10:00
2016-08-15,40.35208,18.17642,,1,LECCE,23:50
2016-08-16,40.3537,18.17743,,,LECCE,20:25
2016-08-17,40.35698,18.18192,,1,LECCE,10:20
2016-08-17,40.34635,18.1706,,,LECCE,13:30
2016-08-17,40.36393,18.17662,,,LECCE,20:40
2016-08-18,40.37006,18.21873,,1,LECCE,09:30
2016-08-18,40.3639,18.17666,,1,LECCE,16:55
2016-08-19,40.36241,18.17183,,,LECCE,18:00
2016-08-20,40.35182,18.17866,,1,LECCE,14:25
2016-08-21,40.34836,18.17319,,1,LECCE,00:58
2016-08-21,40.35731,18.16408,,1,LECCE,02:40
2016-08-21,40.35566,18.19139,,,LECCE,08:15
2016-08-21,40.34177,18.17734,,3,LECCE,17:00
2016-08-22,40.35824,18.15489,,1,LECCE,12:10
2016-08-22,40.36813,18.16957,,2,LECCE,12:20
2016-08-22,40.35581,18.19422,,1,LECCE,17:15
2016-08-22,40.3559,18.16442,,1,LECCE,18:55
2016-08-23,40.36207,18.1528,,,LECCE,11:45
2016-08-23,40.3564,18.15833,,2,LECCE,14:30
2016-08-24,40.35172,18.17677,,1,LECCE,04:30
2016-08-24,40.35095,18.18579,,4,LECCE,09:40
2016-08-24,40.35121,18.17598,,1,LECCE,17:15
2016-08-24,40.36278,18.17527,,1,LECCE,19:30
2016-08-25,40.33683,18.19,,4,LECCE,13:15
2016-08-25,40.36089,18.17744,,1,LECCE,21:00
2016-08-25,40.34752,18.1715,,2,LECCE,21:30
2016-08-26,40.33841,18.18082,,1,LECCE,09:25
2016-08-28,40.36733,18.21743,,1,LECCE,08:55
2016-08-28,40.34772,18.16017,,1,LECCE,18:00
2016-08-28,40.35267,18.17914,,,LECCE,22:55
2016-08-29,40.35154,18.16425,,,LECCE,01:00
2016-08-29,40.36245,18.17661,,1,LECCE,14:30
2016-08-30,40.3524,18.18593,,,LECCE,11:30
2016-08-30,40.36895,18.16863,,1,LECCE,15:30
2016-08-30,40.33989,18.13561,,1,LECCE,18:30
2016-08-30,40.35198,18.18053,,1,LECCE,22:00
2016-08-31,40.34832,18.17317,,2,LECCE,08:50
2016-08-31,40.3655,18.18073,,1,LECCE,15:30
2016-09-01,40.34804,18.16077,,1,LECCE,14:40
2016-09-01,40.36221,18.172,,,LECCE,16:10
2016-09-01,40.35511,18.18505,,3,LECCE,18:27
2016-09-02,40.3587,18.17544,,,LECCE,10:10
2016-09-02,40.3529,18.18916,,1,LECCE,18:30
2016-09-04,40.38502,18.19081,,,LECCE,00:15
2016-09-04,40.35791,18.18341,,,LECCE,22:15
2016-09-05,40.36811,18.16958,,2,LECCE,09:00
2016-09-05,40.33351,18.15398,,1,LECCE,13:17
2016-09-06,40.35292,18.15038,,,LECCE,02:00
2016-09-06,40.35128,18.17678,,,LECCE,11:10
2016-09-06,40.33899,18.15973,,,LECCE,13:10
2016-09-06,40.34858,18.16563,,,LECCE,17:55
2016-09-06,40.35968,18.18198,,1,LECCE,20:15
2016-09-07,40.33648,18.17466,,1,LECCE,08:20
2016-09-07,40.33647,18.17468,,,LECCE,09:35
2016-09-08,40.38824,18.16933,,4,LECCE,02:05
2016-09-08,40.33645,18.19174,,2,LECCE,09:10
2016-09-08,40.34109,18.1291,,,LECCE,18:08
2016-09-08,40.33833,18.15657,,1,LECCE,20:00
2016-09-09,40.45246,18.11094,,1,LECCE,07:15
2016-09-09,40.36359,18.17164,,1,LECCE,21:25
2016-09-09,40.36105,18.17013,,2,LECCE,22:05
2016-09-10,40.35062,18.1635,,,LECCE,02:00
2016-09-10,40.34688,18.1529,,,LECCE,11:10
2016-09-10,40.34332,18.20279,,2,LECCE,13:41
2016-09-10,40.35161,18.18586,,1,LECCE,19:30
2016-09-11,40.3658,18.20007,,,LECCE,11:11
2016-09-11,40.33985,18.17917,,,LECCE,16:30
2016-09-11,40.34024,18.17566,,,LECCE,17:00
2016-09-12,40.35175,18.20956,,1,LECCE,18:15
2016-09-13,40.34325,18.17825,,1,LECCE,11:50
2016-09-13,40.33975,18.16494,,2,LECCE,17:25
2016-09-16,40.34862,18.17547,,,LECCE,13:20
2016-09-16,40.34765,18.16015,,,LECCE,21:35
2016-09-17,40.33393,18.15419,,4,LECCE,20:16
2016-09-18,40.36089,18.18857,,2,LECCE,01:00
2016-09-18,40.36275,18.1755,,1,LECCE,01:30
2016-09-18,40.36854,18.20012,,3,LECCE,11:20
2016-09-18,40.35302,18.16435,,2,LECCE,13:00
2016-09-19,40.35697,18.16776,,,LECCE,01:00
2016-09-19,40.34755,18.1962,,3,LECCE,09:30
2016-09-21,40.34784,18.18485,,3,LECCE,01:15
2016-09-21,40.34769,18.16017,,1,LECCE,15:40
2016-09-21,40.36102,18.18007,,,LECCE,21:45
2016-09-22,40.35198,18.17669,,1,LECCE,09:30
2016-09-23,40.35701,18.16732,,2,LECCE,00:40
2016-09-23,40.34711,18.18732,,,LECCE,13:15
2016-09-23,40.35465,18.1785,,2,LECCE,18:20
2016-09-24,40.36391,18.17665,,1,LECCE,17:20
2016-09-25,40.34177,18.15841,,1,LECCE,11:10
2016-09-25,40.34293,18.17416,,1,LECCE,19:00
2016-09-26,40.36433,18.18516,,,LECCE,00:00
2016-09-26,40.33303,18.19513,,1,LECCE,14:10
2016-09-27,40.36244,18.16965,,2,LECCE,12:15
2016-09-27,40.33145,18.16749,,,LECCE,13:45
2016-09-27,40.36221,18.17203,,1,LECCE,15:10
2016-09-28,40.36036,18.15046,,1,LECCE,08:00
2016-09-28,40.33048,18.15236,,1,LECCE,16:30
2016-09-28,40.35288,18.1858,,1,LECCE,22:00
2016-09-29,40.34873,18.16457,,1,LECCE,11:00
2016-09-29,40.38289,18.19975,,1,LECCE,14:55
2016-09-29,40.36032,18.19204,,1,LECCE,17:40
2016-10-01,40.42163,18.22987,,2,LECCE,19:30
2016-10-02,40.35535,18.16863,,2,LECCE,00:30
2016-10-03,40.3598,18.19508,,,LECCE,08:10
2016-10-03,40.34128,18.17755,,1,LECCE,10:00
2016-10-03,40.35581,18.17602,,1,LECCE,10:40
2016-10-03,40.36277,18.17524,,3,LECCE,13:50
2016-10-03,40.35147,18.16388,,2,LECCE,16:38
2016-10-04,40.42921,18.21236,,2,LECCE,08:00
2016-10-05,40.3589,18.1829,,2,LECCE,09:00
2016-10-05,40.3627,18.17181,,,LECCE,10:30
2016-10-05,40.38507,18.15883,,1,LECCE,21:20
2016-10-06,40.36108,18.16978,,,LECCE,08:20
2016-10-06,40.38398,18.19595,,1,LECCE,09:30
2016-10-06,40.35713,18.19539,,2,LECCE,11:30
2016-10-06,40.3624,18.17607,,1,LECCE,12:10
2016-10-06,40.34692,18.18424,,1,LECCE,13:10
2016-10-06,40.36133,18.1706,,1,LECCE,14:15
2016-10-07,40.33576,18.15519,,3,LECCE,10:57
2016-10-07,40.35699,18.16716,,1,LECCE,17:05
2016-10-07,40.35508,18.15961,,,LECCE,20:35
2016-10-10,40.36085,18.16975,,1,LECCE,07:30
2016-10-11,40.32625,18.1543,,1,LECCE,07:50
2016-10-12,40.34963,18.18078,,2,LECCE,07:45
2016-10-12,40.34344,18.15733,,1,LECCE,20:00
2016-10-13,40.36238,18.15186,,1,LECCE,01:00
2016-10-13,40.3542,18.15879,,1,LECCE,12:40
2016-10-13,40.34688,18.17388,,1,LECCE,20:30
2016-10-14,40.35459,18.17387,,,LECCE,12:15
2016-10-14,40.36063,18.19307,,1,LECCE,13:15
2016-10-14,40.36941,18.13533,,1,LECCE,15:40
2016-10-14,40.35091,18.18587,,,LECCE,19:40
2016-10-14,40.35203,18.18148,,1,LECCE,20:20
2016-10-15,40.36401,18.1819,,1,LECCE,18:30
2016-10-15,40.34004,18.17673,,,LECCE,22:30
2016-10-16,40.35186,18.17865,,2,LECCE,21:56
2016-10-17,40.36485,18.17694,,1,LECCE,17:05
2016-10-17,40.35511,18.185,,,LECCE,23:10
2016-10-18,40.35969,18.15953,,1,LECCE,11:00
2016-10-18,40.35311,18.16415,,,LECCE,12:30
2016-10-18,40.36171,18.18064,,,LECCE,20:10
2016-10-19,40.35985,18.17672,,1,LECCE,08:30
2016-10-19,40.34457,18.19439,,1,LECCE,22:15
2016-10-20,40.35562,18.18482,,3,LECCE,08:55
2016-10-20,40.35684,18.18413,,2,LECCE,13:05
2016-10-21,40.35614,18.19846,,2,LECCE,08:30
2016-10-21,40.35292,18.18913,,1,LECCE,08:30
2016-10-21,40.35099,18.16374,,,LECCE,18:10
2016-10-21,40.382,18.18595,,1,LECCE,19:40
2016-10-22,40.3826,18.18615,,2,LECCE,10:35
2016-10-23,40.33649,18.17467,,4,LECCE,01:45
2016-10-23,40.35268,18.17926,,,LECCE,07:50
2016-10-23,40.35454,18.17389,,1,LECCE,11:20
2016-10-23,40.33065,18.13836,,,LECCE,14:40
2016-10-23,40.38606,18.16318,,1,LECCE,17:40
2016-10-25,40.34727,18.17906,,,LECCE,11:40
2016-10-25,40.36245,18.17658,,1,LECCE,18:25
2016-10-26,40.33715,18.17791,,,LECCE,11:20
2016-10-26,40.35956,18.18196,,1,LECCE,14:10
2016-10-26,40.35262,18.17874,,,LECCE,15:00
2016-10-26,40.35899,18.19905,,1,LECCE,19:30
2016-10-26,40.34608,18.17061,,,LECCE,20:15
2016-10-27,40.34766,18.18475,,1,LECCE,10:15
2016-10-27,40.34672,18.18389,,1,LECCE,10:35
2016-10-27,40.34884,18.16172,,,LECCE,19:20
2016-10-28,40.34923,18.17364,,,LECCE,09:10
2016-10-28,40.33449,18.1545,,1,LECCE,13:30
2016-10-28,40.36817,18.18349,,1,LECCE,16:10
2016-10-28,40.34734,18.1726,,,LECCE,21:15
2016-11-01,40.35952,18.182,,1,LECCE,10:00
2016-11-02,40.37161,18.17755,,2,LECCE,11:40
2016-11-02,40.35053,18.18346,,,LECCE,13:15
2016-11-03,40.35275,18.17711,1,,LECCE,02:45
2016-11-03,40.35317,18.17849,,3,LECCE,11:10
2016-11-03,40.34709,18.18023,,1,LECCE,13:45
2016-11-04,40.3453,18.13431,,1,LECCE,02:10
2016-11-04,40.35129,18.17578,,4,LECCE,16:30
2016-11-05,40.36371,18.22066,,,LECCE,04:15
2016-11-05,40.36142,18.18817,,3,LECCE,11:10
2016-11-05,40.35269,18.17857,,,LECCE,12:30
2016-11-06,40.35379,18.1944,,1,LECCE,12:50
2016-11-07,40.37616,18.1812,,3,LECCE,11:00
2016-11-07,40.34973,18.1749,,,LECCE,13:20
2016-11-07,40.36433,18.17458,,1,LECCE,13:58
2016-11-07,40.33955,18.15725,,2,LECCE,16:40
2016-11-07,40.35471,18.16607,,1,LECCE,23:45
2016-11-08,40.32349,18.18731,,1,LECCE,08:30
2016-11-08,40.36158,18.1796,,2,LECCE,17:30
2016-11-09,40.32521,18.19093,,2,LECCE,15:30
2016-11-10,40.35202,18.18898,,,LECCE,12:35
2016-11-10,40.34732,18.18667,,1,LECCE,14:10
2016-11-10,40.35044,18.17343,,2,LECCE,18:25
2016-11-12,40.34456,18.20564,,2,LECCE,08:00
2016-11-12,40.35349,18.18663,,1,LECCE,18:40
2016-11-14,40.33382,18.12448,,1,LECCE,09:20
2016-11-14,40.35091,18.18099,,1,LECCE,12:15
2016-11-14,40.35737,18.1676,,2,LECCE,13:10
2016-11-15,40.34577,18.17514,,2,LECCE,08:15
2016-11-15,40.34815,18.16539,,,LECCE,11:55
2016-11-15,40.36564,18.14242,,4,LECCE,12:45
2016-11-16,40.36232,18.17708,,1,LECCE,11:30
2016-11-16,40.35443,18.16524,,2,LECCE,13:55
2016-11-17,40.36459,18.14593,,,LECCE,05:30
2016-11-17,40.35785,18.16245,,2,LECCE,12:50
2016-11-17,40.33904,18.12779,,1,LECCE,15:00
2016-11-18,40.33681,18.17054,,1,LECCE,21:00
2016-11-19,40.3478,18.1683,,,LECCE,11:45
2016-11-19,40.35524,18.17634,,1,LECCE,21:20
2016-11-20,40.47434,18.12237,,2,LECCE,13:20
2016-11-21,40.36204,18.17807,,1,LECCE,20:40
2016-11-22,40.38013,18.11484,,,LECCE,00:15
2016-11-22,40.35897,18.15902,,,LECCE,15:20
2016-11-23,40.34128,18.13841,,2,LECCE,08:00
2016-11-23,40.36109,18.18005,,,LECCE,15:15
2016-11-25,40.35482,18.15171,,3,LECCE,13:10
2016-11-26,40.35287,18.19082,,2,LECCE,12:15
2016-11-27,40.35734,18.16897,,1,LECCE,18:50
2016-11-28,40.35512,18.18515,,2,LECCE,10:55
2016-11-28,40.34269,18.17455,,2,LECCE,11:05
2016-11-28,40.34725,18.17371,,1,LECCE,21:15
2016-11-29,40.35592,18.17609,,,LECCE,01:20
2016-11-29,40.35268,18.18318,,,LECCE,15:45
2016-11-30,40.34521,18.15591,,1,LECCE,11:20
2016-11-30,40.34887,18.18316,,,LECCE,15:09
2016-11-30,40.36219,18.17189,,3,LECCE,17:57
2016-11-30,40.35306,18.1766,,1,LECCE,21:50
2016-12-02,40.36621,18.20614,,,LECCE,07:35
2016-12-03,40.34315,18.15923,,,LECCE,14:50
2016-12-03,40.33307,18.13418,,2,LECCE,17:25
2016-12-03,40.34263,18.17564,,1,LECCE,21:20
2016-12-04,40.34711,18.1538,,,LECCE,08:25
2016-12-04,40.37772,18.21242,,2,LECCE,12:50
2016-12-04,40.36056,18.18098,,1,LECCE,19:40
2016-12-05,40.36982,18.17863,,,LECCE,08:30
2016-12-05,40.35581,18.18136,,1,LECCE,10:20
2016-12-05,40.35186,18.16158,,1,LECCE,14:15
2016-12-05,40.35584,18.19468,,2,LECCE,20:15
2016-12-06,40.35061,18.1635,,1,LECCE,09:15
2016-12-06,40.35276,18.17651,,1,LECCE,12:40
2016-12-06,40.35083,18.17435,,1,LECCE,17:50
2016-12-07,40.35202,18.189,,,LECCE,08:40
2016-12-07,40.35418,18.17394,,1,LECCE,11:25
2016-12-07,40.35188,18.19546,,1,LECCE,13:30
2016-12-07,40.34353,18.20296,,1,LECCE,19:35
2016-12-09,40.33131,18.19532,,2,LECCE,14:30
2016-12-10,40.33453,18.12989,,1,LECCE,09:45
2016-12-10,40.36527,18.1768,,1,LECCE,19:30
2016-12-10,40.36077,18.19833,,,LECCE,21:45
2016-12-12,40.40153,18.10777,,1,LECCE,08:10
2016-12-13,40.32561,18.15023,,4,LECCE,13:55
2016-12-13,40.35219,18.18323,,1,LECCE,20:30
2016-12-14,40.36296,18.16744,,,LECCE,10:00
2016-12-14,40.34583,18.14601,,1,LECCE,11:10
2016-12-14,40.36634,18.18732,,2,LECCE,23:15
2016-12-15,40.35758,18.16511,,2,LECCE,12:55
2016-12-15,40.34901,18.16627,,1,LECCE,16:50
2016-12-15,40.33769,18.15218,,1,LECCE,19:40
2016-12-16,40.36421,18.19268,,1,LECCE,08:05
2016-12-16,40.34814,18.18351,,,LECCE,19:45
2016-12-16,40.35872,18.17542,,2,LECCE,21:30
2016-12-17,40.38107,18.153,,,LECCE,04:20
2016-12-17,40.35469,18.14295,,,LECCE,16:57
2016-12-17,40.35385,18.17966,,,LECCE,18:30
2016-12-18,40.35775,18.19151,,,LECCE,00:00
2016-12-18,40.3708,18.14683,,2,LECCE,17:00
2016-12-19,40.3558,18.18135,,,LECCE,10:20
2016-12-19,40.34568,18.16659,,,LECCE,19:35
2016-12-19,40.36302,18.17656,,1,LECCE,21:14
2016-12-20,40.35174,18.16189,,1,LECCE,18:50
2016-12-21,40.36178,18.16887,,1,LECCE,17:05
2016-12-21,40.35915,18.19314,,,LECCE,17:50
2016-12-22,40.36278,18.17525,,1,LECCE,08:55
2016-12-22,40.34757,18.18591,,1,LECCE,12:40
2016-12-22,40.34855,18.16138,,,LECCE,17:00
2016-12-22,40.363,18.16784,,,LECCE,23:05
2016-12-23,40.32423,18.14909,,,LECCE,06:00
2016-12-23,40.35956,18.18481,,1,LECCE,17:30
2016-12-23,40.34805,18.16788,,1,LECCE,22:00
2016-12-24,40.35719,18.17803,,,LECCE,09:00
2016-12-24,40.35257,18.17983,,2,LECCE,11:35
2016-12-24,40.3623,18.17678,,1,LECCE,13:05
2016-12-24,40.35097,18.18579,,4,LECCE,17:30
2016-12-25,40.36243,18.17661,,4,LECCE,13:25
2016-12-25,40.36237,18.17662,,5,LECCE,19:00
2016-12-27,40.34797,18.16792,,1,LECCE,09:30
2016-12-27,40.34639,18.18622,,1,LECCE,09:40
2016-12-27,40.36298,18.17401,,3,LECCE,15:50
2016-12-29,40.3475,18.17151,,3,LECCE,08:15
2016-12-30,40.36044,18.15732,,1,LECCE,13:15
2016-12-30,40.34316,18.2026,,3,LECCE,17:40
2016-12-31,40.35857,18.18301,,,LECCE,15:10
2016-12-31,40.35383,18.19492,,1,LECCE,15:30
2017-01-01,40.35292,18.18215,,1,LECCE,13:15
2017-01-01,40.34396,18.1573,,,LECCE,22:30
2017-01-02,40.35619,18.17539,,,LECCE,10:00
2017-01-02,40.35431,18.16561,,3,LECCE,14:25
2017-01-02,40.34725,18.16921,,2,LECCE,21:15
2017-01-03,40.33965,18.17872,,1,LECCE,00:29
2017-01-03,40.35749,18.16774,,2,LECCE,10:51
2017-01-03,40.34672,18.18129,,,LECCE,11:30
2017-01-03,40.34934,18.16268,,1,LECCE,13:45
2017-01-03,40.38379,18.16888,,,LECCE,15:00
2017-01-03,40.35958,18.19434,,,LECCE,20:35
2017-01-04,40.33816,18.16792,,,LECCE,16:00
2017-01-05,40.34701,18.1843,,,LECCE,11:00
2017-01-05,40.36484,18.22052,,,LECCE,14:15
2017-01-05,40.35404,18.18202,,,LECCE,21:20
2017-01-05,40.34822,18.16101,,,LECCE,22:45
2017-01-06,40.3681,18.16958,,1,LECCE,11:30
2017-01-06,40.34438,18.15992,,3,LECCE,17:10
2017-01-07,40.33265,18.19555,,,LECCE,08:30
2017-01-11,40.34919,18.13735,,3,LECCE,12:00
2017-01-11,40.34327,18.14529,,2,LECCE,12:24
2017-01-12,40.36099,18.16983,,,LECCE,09:45
2017-01-15,40.36171,18.17123,,,LECCE,04:00
2017-01-15,40.34998,18.17355,,,LECCE,21:15
2017-01-16,40.34447,18.15706,,1,LECCE,07:30
2017-01-16,40.35512,18.18503,,,LECCE,15:35
2017-01-16,40.35362,18.18571,,1,LECCE,19:10
2017-01-17,40.3426,18.1757,,3,LECCE,13:39
2017-01-18,40.3491,18.17809,,2,LECCE,08:50
2017-01-18,40.36578,18.17409,,1,LECCE,13:20
2017-01-19,40.34528,18.1717,,2,LECCE,08:00
2017-01-19,40.36058,18.18093,,1,LECCE,09:50
2017-01-21,40.36274,18.17518,,1,LECCE,10:30
2017-01-21,40.36275,18.17519,,,LECCE,16:55
2017-01-21,40.35418,18.17395,,1,LECCE,18:10
2017-01-21,40.36243,18.17661,,1,LECCE,19:50
2017-01-22,40.35723,18.16751,,,LECCE,10:45
2017-01-22,40.33959,18.15725,,,LECCE,11:40
2017-01-22,40.34786,18.17764,,5,LECCE,17:20
2017-01-22,40.3529,18.17408,,1,LECCE,18:00
2017-01-23,40.34613,18.18317,,,LECCE,14:05
2017-01-23,40.3431,18.20264,,1,LECCE,21:30
2017-01-24,40.35097,18.18312,,,LECCE,10:10
2017-01-24,40.3538,18.18561,,,LECCE,13:20
2017-01-25,40.35087,18.18622,,,LECCE,08:50
2017-01-25,40.35676,18.16548,,,LECCE,17:18
2017-01-26,40.34506,18.17696,,,LECCE,12:00
2017-01-26,40.3588,18.18297,,,LECCE,12:40
2017-01-27,40.35752,18.17674,,,LECCE,11:45
2017-01-28,40.32627,18.14874,,4,LECCE,11:30
2017-01-31,40.32855,18.18279,,2,LECCE,08:00
2017-01-31,40.34406,18.1752,,,LECCE,08:20
2017-01-31,40.34395,18.17509,,,LECCE,08:50
2017-01-31,40.34958,18.17478,,1,LECCE,19:15
2017-02-02,40.35289,18.18578,,,LECCE,18:30
2017-02-03,40.34452,18.17654,,1,LECCE,12:10
2017-02-03,40.37998,18.152,1,,LECCE,19:15
2017-02-06,40.34901,18.16628,,1,LECCE,00:35
2017-02-06,40.35132,18.16445,,1,LECCE,08:05
2017-02-06,40.36669,18.16109,,,LECCE,08:45
2017-02-06,40.34265,18.15845,,1,LECCE,13:45
2017-02-06,40.36529,18.18844,,2,LECCE,22:45
2017-02-07,40.35651,18.17804,,1,LECCE,09:10
2017-02-07,40.3593,18.19396,,,LECCE,13:15
2017-02-07,40.3426,18.2016,,,LECCE,16:30
2017-02-07,40.35145,18.17537,,1,LECCE,20:00
2017-02-08,40.34045,18.17694,,,LECCE,10:49
2017-02-08,40.35077,18.16336,,,LECCE,15:50
2017-02-08,40.33668,18.1899,,1,LECCE,19:30
2017-02-09,40.35502,18.17635,,,LECCE,20:30
2017-02-12,40.34649,18.18351,,,LECCE,04:15
2017-02-12,40.35294,18.18578,,2,LECCE,12:40
2017-02-13,40.34369,18.18577,,,LECCE,08:25
2017-02-13,40.35087,18.15977,,2,LECCE,10:00
2017-02-13,40.33812,18.16677,,,LECCE,10:20
2017-02-13,40.34789,18.18474,,1,LECCE,21:10
2017-02-14,40.34517,18.18665,,2,LECCE,11:20
2017-02-14,40.35614,18.16648,,2,LECCE,22:30
2017-02-15,40.36668,18.21977,,,LECCE,13:15
2017-02-15,40.36655,18.1769,,1,LECCE,18:00
2017-02-16,40.35755,18.16726,,1,LECCE,00:19
2017-02-16,40.34453,18.17015,,1,LECCE,15:55
2017-02-17,40.34531,18.15908,,,LECCE,00:00
2017-02-17,40.34297,18.17795,,,LECCE,09:20
2017-02-17,40.35189,18.1611,,,LECCE,13:00
2017-02-20,40.34718,18.15379,,,LECCE,03:15
2017-02-20,40.35846,18.19335,,,LECCE,10:40
2017-02-20,40.35542,18.17852,,1,LECCE,13:40
2017-02-20,40.35058,18.17714,,1,LECCE,17:05
2017-02-22,40.32314,18.18819,,,LECCE,15:50
2017-02-23,40.47426,18.12258,,1,LECCE,12:30
2017-02-24,40.34674,18.1813,,2,LECCE,10:35
2017-02-26,40.34843,18.16863,,,LECCE,03:10
2017-02-26,40.35097,18.1276,,3,LECCE,10:50
2017-02-27,40.36259,18.16742,,,LECCE,09:40
2017-02-27,40.38593,18.10353,,,LECCE,18:10
2017-02-28,40.36233,18.17655,,2,LECCE,11:00
2017-02-28,40.35069,18.16345,,1,LECCE,11:05
2017-03-01,40.36482,18.07301,,1,LECCE,03:00
2017-03-01,40.36504,18.0719,,1,LECCE,12:40
2017-03-01,40.358,18.16747,,,LECCE,19:30
2017-03-02,40.35089,18.18583,,4,LECCE,00:50
2017-03-02,40.35063,18.16351,,2,LECCE,07:30
2017-03-02,40.3389,18.1771,,1,LECCE,10:00
2017-03-02,40.34788,18.17762,,1,LECCE,10:15
2017-03-02,40.34754,18.1687,,,LECCE,19:27
2017-03-03,40.35122,18.18061,,,LECCE,08:20
2017-03-03,40.36405,18.17567,,,LECCE,13:35
2017-03-03,40.3544,18.224,,2,LECCE,16:00
2017-03-03,40.3703,18.17768,,2,LECCE,23:45
2017-03-05,40.32486,18.18309,,3,LECCE,01:45
2017-03-06,40.35983,18.17926,,1,LECCE,09:20
2017-03-07,40.36457,18.16784,,1,LECCE,10:50
2017-03-08,40.36279,18.17525,,1,LECCE,12:10
2017-03-09,40.3464,18.18348,,,LECCE,10:40
2017-03-09,40.36053,18.1511,,,LECCE,13:56
2017-03-09,40.3546,18.17644,,1,LECCE,17:40
2017-03-11,40.3543,18.1656,,4,LECCE,15:50
2017-03-12,40.3466,18.18379,,1,LECCE,11:00
2017-03-13,40.35376,18.19332,,,LECCE,08:30
2017-03-13,40.33792,18.16803,,,LECCE,13:30
2017-03-14,40.37495,18.21937,,,LECCE,11:15
2017-03-14,40.35015,18.15197,,2,LECCE,13:15
2017-03-16,40.34651,18.17075,,1,LECCE,09:10
2017-03-16,40.36524,18.17686,,1,LECCE,11:30
2017-03-16,40.4008,18.10983,,1,LECCE,17:00
2017-03-17,40.42484,18.17555,,2,LECCE,07:23
2017-03-17,40.34403,18.14439,,2,LECCE,09:55
2017-03-17,40.35917,18.16678,,2,LECCE,19:10
2017-03-17,40.3451,18.19332,,1,LECCE,19:50
2017-03-19,40.39054,18.30554,,,LECCE,15:00
2017-03-19,40.35333,18.17245,,2,LECCE,15:45
2017-03-22,40.34808,18.18482,,1,LECCE,08:15
2017-03-22,40.33956,18.15724,,2,LECCE,09:15
2017-03-24,40.35161,18.18598,1,,LECCE,11:10
2017-03-24,40.35582,18.1847,,,LECCE,15:05
2017-03-26,40.3475,18.17149,,,LECCE,15:40
2017-03-27,40.35626,18.17499,,1,LECCE,07:05
2017-03-27,40.34779,18.18483,,3,LECCE,15:15
2017-03-27,40.34964,18.18055,,1,LECCE,17:35
2017-03-27,40.33514,18.16736,,1,LECCE,19:50
2017-03-28,40.37076,18.15174,,1,LECCE,13:15
2017-03-29,40.35696,18.16724,,1,LECCE,13:30
2017-03-29,40.3601,18.17144,,1,LECCE,14:50
2017-03-29,40.33965,18.17872,,2,LECCE,16:30
2017-03-29,40.36045,18.15699,,1,LECCE,17:40
2017-03-30,40.34473,18.20238,,1,LECCE,13:08
2017-03-30,40.36424,18.19232,,1,LECCE,18:05
2017-03-30,40.36103,18.18048,,,LECCE,18:40
2017-03-31,40.36128,18.17981,,,LECCE,11:50
2017-03-31,40.343,18.17228,,,LECCE,12:15
2017-03-31,40.34074,18.15927,,1,LECCE,15:35
2017-04-01,40.34288,18.17803,,,LECCE,12:00
2017-04-01,40.36344,18.17359,,,LECCE,13:40
2017-04-01,40.3554,18.1763,,1,LECCE,15:55
2017-04-01,40.3475,18.17149,,3,LECCE,23:00
2017-04-02,40.3586,18.17318,,2,LECCE,11:10
2017-04-04,40.35086,18.18588,,1,LECCE,08:05
2017-04-04,40.36277,18.17524,,1,LECCE,16:18
2017-04-05,40.35347,18.18662,,1,LECCE,10:15
2017-04-05,40.35065,18.16349,,1,LECCE,12:53
2017-04-05,40.35994,18.16685,,,LECCE,17:00
2017-04-06,40.35423,18.17424,,1,LECCE,15:15
2017-04-06,40.34649,18.16649,,,LECCE,20:10
2017-04-07,40.3658,18.20011,1,2,LECCE,07:42
2017-04-07,40.36301,18.16782,,1,LECCE,12:35
2017-04-08,40.35566,18.19148,,1,LECCE,09:30
2017-04-08,40.34621,18.15991,,2,LECCE,21:45
2017-04-09,40.35381,18.1481,,,LECCE,11:50
2017-04-09,40.35314,18.14896,,,LECCE,14:40
2017-04-09,40.34699,18.15314,,1,LECCE,16:00
2017-04-09,40.36568,18.1601,,1,LECCE,18:45
2017-04-10,40.34581,18.17144,,1,LECCE,16:50
2017-04-11,40.33395,18.13245,,1,LECCE,08:10
2017-04-11,40.35626,18.18298,,,LECCE,16:10
2017-04-12,40.3536,18.16272,,,LECCE,08:10
2017-04-12,40.35312,18.15919,,2,LECCE,10:00
2017-04-13,40.34794,18.17339,,1,LECCE,10:15
2017-04-13,40.36218,18.18934,,1,LECCE,11:30
2017-04-13,40.36006,18.17586,,1,LECCE,12:05
2017-04-13,40.35178,18.18591,,1,LECCE,12:50
2017-04-14,40.3576,18.16774,,,LECCE,02:00
2017-04-14,40.33833,18.15808,,2,LECCE,09:50
2017-04-14,40.32668,18.15035,,4,LECCE,11:00
2017-04-14,40.3502,18.18578,,1,LECCE,18:00
2017-04-14,40.35471,18.15188,,,LECCE,21:10
2017-04-17,40.32625,18.14993,,,LECCE,17:24
2017-04-18,40.36227,18.17705,,,LECCE,16:30
2017-04-18,40.33952,18.15723,,2,LECCE,20:00
2017-04-19,40.34733,18.17896,,2,LECCE,09:05
2017-04-19,40.34671,18.16862,,,LECCE,12:20
2017-04-19,40.35675,18.16733,,,LECCE,13:45
2017-04-19,40.3628,18.18344,,,LECCE,15:20
2017-04-20,40.34684,18.16983,,1,LECCE,13:20
2017-04-21,40.3482,18.1887,,,LECCE,15:40
2017-04-22,40.32151,18.18983,,1,LECCE,15:45
2017-04-22,40.35313,18.17718,,1,LECCE,23:00
2017-04-23,40.34018,18.17519,,,LECCE,11:10
2017-04-23,40.35663,18.13638,,,LECCE,15:00
2017-04-23,40.36545,18.20238,,1,LECCE,16:40
2017-04-24,40.36069,18.20413,,1,LECCE,07:25
2017-04-24,40.36237,18.16817,,,LECCE,10:50
2017-04-26,40.35819,18.1548,,1,LECCE,15:55
2017-04-27,40.34685,18.18415,,,LECCE,08:05
2017-04-27,40.34475,18.15725,,2,LECCE,10:45
2017-04-27,40.34697,18.16939,,1,LECCE,14:05
2017-04-27,40.33649,18.17473,,1,LECCE,22:05
2017-04-30,40.35132,18.18183,,1,LECCE,11:45
2017-05-01,40.34905,18.1817,,2,LECCE,10:00
2017-05-03,40.33663,18.17576,,1,LECCE,07:40
2017-05-03,40.31062,18.22062,,1,LECCE,08:30
2017-05-03,40.36327,18.16842,,2,LECCE,10:00
2017-05-03,40.41249,18.20252,,1,LECCE,12:25
2017-05-03,40.35661,18.1654,,,LECCE,16:38
2017-05-04,40.343167,18.159155,,2,LECCE,17:00
2017-05-04,40.36751,18.15875,,,LECCE,19:20
2017-05-05,40.35062,18.16352,,1,LECCE,07:30
2017-05-05,40.34523,18.19668,,1,LECCE,07:45
2017-05-05,40.35717,18.18612,,,LECCE,13:20
2017-05-05,40.34067,18.18363,,1,LECCE,20:55
2017-05-06,40.34164,18.20058,,,LECCE,08:45
2017-05-07,40.35785,18.16246,,4,LECCE,23:52
2017-05-09,40.41267,18.2025,,1,LECCE,18:25
2017-05-10,40.3391,18.17417,,1,LECCE,09:35
2017-05-10,40.36192,18.17821,,,LECCE,16:00
2017-05-11,40.36219,18.17784,,,LECCE,11:00
2017-05-11,40.3598,18.18507,,2,LECCE,14:05
2017-05-11,40.34574,18.16067,,1,LECCE,15:00
2017-05-11,40.36087,18.17027,,2,LECCE,22:35
2017-05-12,40.35591,18.17612,,,LECCE,02:55
2017-05-12,40.35511,18.18492,,,LECCE,09:14
2017-05-12,40.35195,18.1799,,,LECCE,12:00
2017-05-12,40.34743,18.16054,,1,LECCE,18:35
2017-05-13,40.3524,18.18598,,,LECCE,10:25
2017-05-13,40.34769,18.17257,,,LECCE,18:00
2017-05-14,40.35071,18.16342,,,LECCE,14:40
2017-05-14,40.36243,18.1971,,,LECCE,21:15
2017-05-15,40.35605,18.17574,,,LECCE,00:10
2017-05-15,40.34004,18.17958,,1,LECCE,10:45
2017-05-15,40.34744,18.17152,,1,LECCE,11:35
2017-05-15,40.36354,18.19457,,1,LECCE,13:10
2017-05-15,40.35508,18.18419,,,LECCE,19:00
2017-05-16,40.33951,18.17696,,1,LECCE,02:30
2017-05-17,40.34757,18.16052,,,LECCE,10:00
2017-05-17,40.35552,18.17992,,,LECCE,19:18
2017-05-18,40.35271,18.17981,,,LECCE,14:30
2017-05-18,40.36764,18.16888,,1,LECCE,16:40
2017-05-19,40.35702,18.16736,,2,LECCE,09:45
2017-05-20,40.35157,18.16398,,,LECCE,01:55
2017-05-21,40.3435,18.17331,,,LECCE,08:15
2017-05-22,40.34866,18.17373,,,LECCE,07:45
2017-05-22,40.33073,18.19874,,1,LECCE,14:30
2017-05-23,40.3667,18.21986,,2,LECCE,09:00
2017-05-23,40.35266,18.18566,,2,LECCE,19:45
2017-05-24,40.34815,18.16779,,2,LECCE,08:40
2017-05-24,40.34824,18.18297,,2,LECCE,10:30
2017-05-24,40.36305,18.16982,,,LECCE,15:03
2017-05-24,40.35347,18.18662,,,LECCE,16:55
2017-05-25,40.35845,18.16282,,1,LECCE,12:00
2017-05-25,40.35739,18.1901,,1,LECCE,14:50
2017-05-26,40.35772,18.18561,,1,LECCE,09:35
2017-05-26,40.35967,18.18524,,2,LECCE,16:00
2017-05-26,40.34896,18.20734,,4,LECCE,19:45
2017-05-28,40.36005,18.16787,,1,LECCE,11:20
2017-05-29,40.36051,18.16974,,,LECCE,11:45
2017-05-29,40.35224,18.17405,,,LECCE,13:05
2017-05-29,40.36478,18.14623,,,LECCE,15:00
2017-05-29,40.36124,18.16973,,1,LECCE,19:17
2017-05-30,40.3546,18.17397,,1,LECCE,12:10
2017-05-30,40.35659,18.16783,,1,LECCE,17:15
2017-05-30,40.36538,18.17303,,1,LECCE,17:45
2017-05-30,40.36882,18.17319,,2,LECCE,19:30
2017-05-31,40.34782,18.17252,,2,LECCE,12:50
2017-05-31,40.3469,18.1529,,1,LECCE,13:00
2017-05-31,40.3728,18.14996,,,LECCE,13:45
2017-05-31,40.363,18.16781,,1,LECCE,15:40
2017-06-01,40.36133,18.17624,,,LECCE,14:35
2017-06-03,40.34909,18.17808,,,LECCE,07:35
2017-06-03,40.36337,18.14915,,,LECCE,11:10
2017-06-03,40.34755,18.16897,,1,LECCE,16:35
2017-06-04,40.36129,18.18404,,,LECCE,02:30
2017-06-04,40.36224,18.17201,,2,LECCE,21:15
2017-06-05,40.35675,18.15434,,1,LECCE,08:15
2017-06-05,40.34444,18.17238,,,LECCE,09:00
2017-06-05,40.36469,18.17329,,,LECCE,12:30
2017-06-05,40.35347,18.16075,,1,LECCE,12:45
2017-06-05,40.35958,18.18209,,,LECCE,17:25
2017-06-05,40.34386,18.14383,,2,LECCE,18:00
2017-06-06,40.3697,18.16866,,,LECCE,19:20
2017-06-07,40.35662,18.18433,,1,LECCE,12:50
2017-06-07,40.34594,18.18332,,,LECCE,15:45
2017-06-07,40.33289,18.19529,,1,LECCE,17:00
2017-06-07,40.35824,18.18988,1,,LECCE,20:35
2017-06-09,40.35465,18.17392,,,LECCE,10:35
2017-06-09,40.35089,18.1858,,,LECCE,11:35
2017-06-09,40.34307,18.16974,,2,LECCE,13:50
2017-06-09,40.35941,18.18461,,1,LECCE,17:08
2017-06-11,40.35117,18.17597,,,LECCE,00:40
2017-06-11,40.3391,18.12636,,1,LECCE,11:00
2017-06-11,40.34824,18.18304,,1,LECCE,14:45
2017-06-12,40.34715,18.15372,,,LECCE,11:40
2017-06-12,40.35533,18.15215,,1,LECCE,17:45
2017-06-13,40.34547,18.17051,,1,LECCE,10:25
2017-06-13,40.35958,18.19434,,,LECCE,16:00
2017-06-13,40.3641,18.07782,,,LECCE,19:20
2017-06-14,40.35712,18.19547,,1,LECCE,13:05
2017-06-14,40.35264,18.17858,,1,LECCE,15:25
2017-06-14,40.36265,18.15806,,1,LECCE,15:30
2017-06-14,40.46549,18.19221,,3,LECCE,18:40
2017-06-14,40.35285,18.18111,,1,LECCE,20:30
2017-06-14,40.33815,18.12057,1,,LECCE,20:33
2017-06-15,40.33973,18.13195,,1,LECCE,10:20
2017-06-15,40.34813,18.156646,,1,LECCE,14:00
2017-06-15,40.34703,18.16968,,3,LECCE,22:20
2017-06-16,40.3653,18.18844,,2,LECCE,13:18
2017-06-16,40.34907,18.18048,,,LECCE,15:22
2017-06-16,40.35136,18.17527,,,LECCE,17:20
2017-06-17,40.35875,18.19148,,1,LECCE,18:50
2017-06-17,40.36133,18.17624,,2,LECCE,22:15
2017-06-18,40.33515,18.13019,,,LECCE,08:50
2017-06-18,40.35869,18.17545,,2,LECCE,18:20
2017-06-19,40.34867,18.16231,,1,LECCE,13:10
2017-06-19,40.34461,18.17315,,3,LECCE,19:32
2017-06-20,40.44005,18.08259,,1,LECCE,07:00
2017-06-20,40.339974,18.173799,,,LECCE,10:45
2017-06-21,40.35985,18.18183,,,LECCE,02:35
2017-06-21,40.35511,18.17371,,1,LECCE,13:50
2017-06-21,40.32518,18.19059,,,LECCE,15:00
2017-06-21,40.3551,18.18493,,1,LECCE,18:40
2017-06-22,40.35583,18.18137,,2,LECCE,17:20
2017-06-22,40.35465,18.18308,,1,LECCE,23:50
2017-06-23,40.34261,18.17566,,2,LECCE,16:20
2017-06-24,40.36431,18.14634,,1,LECCE,11:00
2017-06-24,40.34757,18.1715,,1,LECCE,12:00
2017-06-25,40.33943,18.17805,,,LECCE,01:45
2017-06-26,40.36499,18.21384,,1,LECCE,02:15
2017-06-26,40.33709,18.17792,,1,LECCE,09:30
2017-06-27,40.36144,18.18811,,1,LECCE,11:30
2017-06-27,40.34381,18.14385,,,LECCE,18:15
2017-06-28,40.36215,18.18578,,,LECCE,08:25
2017-06-28,40.3873,18.17707,,1,LECCE,14:15
2017-06-28,40.44007,18.08206,,4,LECCE,19:10
2017-06-29,40.352503,18.156869,,,LECCE,09:28
2017-06-29,40.36741,18.22187,,1,LECCE,18:25
2017-06-29,40.35348,18.16075,,1,LECCE,22:45
2017-06-30,40.35593,18.19593,,,LECCE,13:00
2017-06-30,40.34919,18.18548,,1,LECCE,13:40
2017-06-30,40.32546,18.18589,,1,LECCE,15:10
2017-06-30,40.35522,18.17823,,1,LECCE,19:50
2017-07-01,40.35631,18.17654,,1,LECCE,13:25
2017-07-01,40.34389,18.20679,,,LECCE,16:10
2017-07-01,40.35786,18.16243,,1,LECCE,16:50
2017-07-02,40.34132,18.16902,,2,LECCE,04:40
2017-07-02,40.33959,18.13195,,2,LECCE,16:30
2017-07-03,40.33795,18.16805,,1,LECCE,12:30
2017-07-03,40.35193,18.16419,,1,LECCE,12:40
2017-07-03,40.35517,18.18621,,,LECCE,19:40
2017-07-03,40.36007,18.10542,,,LECCE,22:30
2017-07-04,40.36243,18.1797,,,LECCE,17:10
2017-07-04,40.42959,18.25313,,2,LECCE,22:25
2017-07-05,40.35784,18.16247,,3,LECCE,00:06
2017-07-05,40.34902,18.16628,,1,LECCE,09:52
2017-07-05,40.4011,18.10167,1,1,LECCE,11:15
2017-07-06,40.34745,18.17202,,4,LECCE,11:10
2017-07-06,40.35182,18.17872,,,LECCE,15:00
2017-07-06,40.33926,18.17697,,,LECCE,19:00
2017-07-07,40.3521,18.17667,,2,LECCE,21:10
2017-07-08,40.34727,18.17963,,1,LECCE,01:45
2017-07-08,40.33544,18.1278,,1,LECCE,08:00
2017-07-08,40.34862,18.15925,,1,LECCE,09:25
2017-07-10,40.36058,18.19749,,1,LECCE,12:00
2017-07-10,40.36003,18.1757,,1,LECCE,22:35
2017-07-11,40.35882,18.17306,,1,LECCE,09:13
2017-07-11,40.41892,18.21836,,3,LECCE,13:05
2017-07-11,40.35479,18.18192,,2,LECCE,21:55
2017-07-12,40.41259,18.20248,,1,LECCE,07:30
2017-07-12,40.34381,18.1439,,1,LECCE,08:40
2017-07-12,40.39818,18.1573,,1,LECCE,12:00
2017-07-12,40.34285,18.17556,,,LECCE,19:05
2017-07-13,40.34863,18.17371,,1,LECCE,10:54
2017-07-13,40.36024,18.16946,,,LECCE,18:45
2017-07-14,40.35073,18.1823,,1,LECCE,11:00
2017-07-14,40.36278,18.17525,,1,LECCE,17:55
2017-07-14,40.36875,18.20333,,1,LECCE,19:00
2017-07-15,40.35829,18.16312,,1,LECCE,11:00
2017-07-15,40.46815,18.07871,,2,LECCE,12:00
2017-07-16,40.36061,18.18672,,2,LECCE,01:30
2017-07-16,40.34792,18.17036,,2,LECCE,12:50
2017-07-17,40.37159,18.21831,,1,LECCE,19:00
2017-07-18,40.37029,18.17768,,2,LECCE,14:25
2017-07-18,40.36068,18.16986,,,LECCE,17:10
2017-07-18,40.35424,18.13213,,1,LECCE,19:50
2017-07-19,40.39126,18.16978,,2,LECCE,11:50
2017-07-19,40.38751,18.17581,,1,LECCE,17:05
2017-07-19,40.35871,18.17542,,1,LECCE,21:30
2017-07-20,40.38686,18.09593,,,LECCE,11:50
2017-07-20,40.35435,18.17639,,,LECCE,19:40
2017-07-21,40.34157,18.15887,,,LECCE,07:45
2017-07-22,40.34896,18.19583,,1,LECCE,10:04
2017-07-22,40.35201,18.17393,,,LECCE,17:45
2017-07-23,40.39332,18.29725,,4,LECCE,11:34
2017-07-23,40.41311,18.17349,,1,LECCE,12:30
2017-07-24,40.35626,18.18295,,,LECCE,07:50
2017-07-24,40.36495,18.2126,,,LECCE,08:45
2017-07-24,40.34352,18.15937,,,LECCE,19:30
2017-07-25,40.35019,18.15199,1,,LECCE,07:45
2017-07-25,40.35194,18.19492,,1,LECCE,13:55
2017-07-25,40.35368,18.21515,,1,LECCE,15:35
2017-07-25,40.34017,18.13636,,,LECCE,21:40
2017-07-26,40.36439,18.1651,,2,LECCE,12:50
2017-07-27,40.36712,18.14457,,1,LECCE,13:00
2017-07-27,40.3552,18.17632,,1,LECCE,17:30
2017-07-30,40.36061,18.15706,,1,LECCE,06:30
2017-07-30,40.34986,18.17327,,,LECCE,10:45
2017-07-30,40.45854,18.15312,,4,LECCE,18:00
2017-07-31,40.3287,18.15211,,2,LECCE,07:20
2017-07-31,40.32934,18.16563,,,LECCE,11:30
2017-07-31,40.35578,18.18133,,1,LECCE,11:50
2017-08-01,40.34208,18.1739,,,LECCE,10:30
2017-08-01,40.46285,18.11671,,3,LECCE,16:15
2017-08-01,40.35958,18.19503,,2,LECCE,21:15
2017-08-02,40.35549,18.15207,,1,LECCE,09:35
2017-08-02,40.33965,18.17872,,3,LECCE,15:20
2017-08-03,40.35816,18.1682,,1,LECCE,19:40
2017-08-04,40.34438,18.20347,,5,LECCE,09:45
2017-08-04,40.34535,18.19478,,,LECCE,12:00
2017-08-04,40.46651,18.17924,,1,LECCE,15:00
2017-08-05,40.34737,18.16065,,1,LECCE,09:25
2017-08-05,40.35273,18.21215,,,LECCE,10:50
2017-08-05,40.36221,18.17201,,2,LECCE,15:30
2017-08-05,40.36127,18.19278,,3,LECCE,21:50
2017-08-06,40.3712,18.17831,,2,LECCE,15:50
2017-08-07,40.34787,18.18477,,,LECCE,13:25
2017-08-08,40.35063,18.16356,,2,LECCE,00:10
2017-08-08,40.33064,18.19799,,1,LECCE,07:30
2017-08-08,40.33387,18.15456,,1,LECCE,19:00
2017-08-08,40.46536,18.19222,,5,LECCE,20:40
2017-08-09,40.34745,18.17152,,1,LECCE,02:40
2017-08-09,40.3537,18.17037,,,LECCE,03:00
2017-08-09,40.34569,18.16654,,,LECCE,09:30
2017-08-09,40.36178,18.16886,,,LECCE,16:40
2017-08-09,40.37535,18.16951,,1,LECCE,18:20
2017-08-10,40.35088,18.18577,,1,LECCE,11:45
2017-08-10,40.33983,18.18515,,1,LECCE,15:00
2017-08-11,40.36298,18.17402,,1,LECCE,13:10
2017-08-12,40.36221,18.17202,,1,LECCE,01:30
2017-08-12,40.35659,18.16538,,,LECCE,11:00
2017-08-13,40.36126,18.17295,,2,LECCE,21:00
2017-08-14,40.3439,18.20658,,1,LECCE,03:35
2017-08-14,40.36046,18.15767,,1,LECCE,12:50
2017-08-14,40.35748,18.16469,,,LECCE,19:00
2017-08-15,40.36445,18.19258,,3,LECCE,18:30
2017-08-15,40.34789,18.17765,,,LECCE,22:20
2017-08-16,40.35092,18.18597,,,LECCE,01:08
2017-08-16,40.34759,18.16011,,1,LECCE,08:10
2017-08-18,40.34763,18.1601,,1,LECCE,07:28
2017-08-18,40.35352,18.18214,,1,LECCE,09:25
2017-08-18,40.35403,18.18188,,,LECCE,14:40
2017-08-19,40.34518,18.20552,,,LECCE,01:15
2017-08-19,40.35284,18.18112,,,LECCE,11:45
2017-08-19,40.47918,18.16242,,3,LECCE,17:00
2017-08-19,40.34908,18.19023,,,LECCE,17:05
2017-08-20,40.36239,18.17658,,1,LECCE,18:30
2017-08-20,40.349,18.17432,,2,LECCE,23:50
2017-08-21,40.35197,18.1767,,1,LECCE,09:55
2017-08-22,40.35378,18.19498,,3,LECCE,09:30
2017-08-22,40.34762,18.17225,,2,LECCE,10:30
2017-08-22,40.34246,18.17813,,1,LECCE,17:00
2017-08-23,40.37397,18.21613,,1,LECCE,07:00
2017-08-23,40.35985,18.18183,,1,LECCE,09:10
2017-08-23,40.35541,18.17818,,1,LECCE,20:30
2017-08-24,40.35848,18.16281,,,LECCE,11:30
2017-08-24,40.36125,18.17294,,1,LECCE,16:50
2017-08-25,40.45854,18.15315,,1,LECCE,11:20
2017-08-25,40.3518,18.1859,,,LECCE,18:30
2017-08-26,40.3647,18.1435,,5,LECCE,10:15
2017-08-27,40.34398,18.15787,,1,LECCE,04:20
2017-08-27,40.39124,18.19449,,,LECCE,14:35
2017-08-27,40.3558,18.18135,,1,LECCE,19:10
2017-08-28,40.33649,18.17467,,1,LECCE,11:00
2017-08-28,40.35431,18.16561,,1,LECCE,14:50
2017-08-28,40.34648,18.17092,,1,LECCE,15:01
2017-08-29,40.35178,18.20937,,1,LECCE,12:15
2017-08-29,40.34592,18.18331,,1,LECCE,16:35
2017-08-30,40.36664,18.20846,,,LECCE,11:50
2017-08-30,40.33658,18.17575,,1,LECCE,18:45
2017-08-31,40.36328,18.16812,,,LECCE,07:30
2017-08-31,40.3542,18.17393,,1,LECCE,17:40
2017-09-01,40.35248,18.1822,,1,LECCE,09:00
2017-09-01,40.34301,18.1779,,1,LECCE,11:15
2017-09-01,40.34967,18.16121,,1,LECCE,22:55
2017-09-02,40.35134,18.17675,,,LECCE,23:15
2017-09-04,40.34342,18.17302,,,LECCE,10:50
2017-09-06,40.34943,18.16224,,,LECCE,04:40
2017-09-06,40.36334,18.17189,,1,LECCE,11:20
2017-09-06,40.3627,18.17518,,3,LECCE,12:05
2017-09-06,40.3551,18.18494,,2,LECCE,18:30
2017-09-06,40.35214,18.18225,,,LECCE,20:50
2017-09-07,40.3525,18.18761,,1,LECCE,18:40
2017-09-08,40.34788,18.15584,,,LECCE,01:15
2017-09-08,40.39324,18.17029,,1,LECCE,09:25
2017-09-08,40.34633,18.1834,,,LECCE,14:45
2017-09-09,40.3485,18.18175,,,LECCE,09:00
2017-09-10,40.35821,18.19396,,1,LECCE,00:00
2017-09-10,40.34409,18.17255,,1,LECCE,20:00
2017-09-11,40.371,18.14269,,1,LECCE,10:10
2017-09-12,40.34263,18.17569,,2,LECCE,02:50
2017-09-12,40.35088,18.18015,,,LECCE,10:45
2017-09-13,40.34751,18.1575,,,LECCE,01:00
2017-09-14,40.35357,18.18859,,,LECCE,11:45
2017-09-14,40.41263,18.20243,1,1,LECCE,13:25
2017-09-15,40.34429,18.15743,,1,LECCE,13:10
2017-09-15,40.35497,18.17637,,1,LECCE,17:30
2017-09-15,40.35189,18.16273,,,LECCE,23:45
2017-09-16,40.35863,18.17317,,,LECCE,11:45
2017-09-16,40.35407,18.19104,,1,LECCE,20:00
2017-09-17,40.35591,18.17612,,2,LECCE,00:15
2017-09-17,40.37129,18.23611,,3,LECCE,09:15
2017-09-17,40.38765,18.29654,,2,LECCE,17:00
2017-09-17,40.3491,18.17815,,,LECCE,20:30
2017-09-18,40.33127,18.13786,,2,LECCE,08:30
2017-09-18,40.35291,18.16536,,1,LECCE,09:40
2017-09-19,40.36102,18.17016,,1,LECCE,12:30
2017-09-19,40.35872,18.17542,,3,LECCE,13:00
2017-09-20,40.34391,18.12533,,,LECCE,03:00
2017-09-21,40.3504,18.18588,,1,LECCE,13:20
2017-09-21,40.33456,18.19335,,1,LECCE,21:05
2017-09-22,40.36743,18.19966,,2,LECCE,09:30
2017-09-23,40.33644,18.17199,,,LECCE,08:30
2017-09-23,40.33751,18.17751,,1,LECCE,14:30
2017-09-23,40.35537,18.17625,,3,LECCE,17:50
2017-09-24,40.44802,18.10405,,1,LECCE,12:35
2017-09-25,40.35988,18.17938,,,LECCE,07:45
2017-09-25,40.35063,18.16352,,,LECCE,09:50
2017-09-26,40.34083,18.17646,,1,LECCE,10:20
2017-09-26,40.34961,18.18082,,,LECCE,11:30
2017-09-26,40.34748,18.17155,,,LECCE,13:45
2017-09-26,40.35194,18.1799,,,LECCE,17:30
2017-09-27,40.3442,18.17005,,2,LECCE,10:00
2017-09-27,40.38336,18.15687,,1,LECCE,11:45
2017-09-27,40.3478,18.18483,,1,LECCE,12:45
2017-09-27,40.3628,18.17588,,2,LECCE,13:20
2017-09-28,40.35426,18.16575,,1,LECCE,14:30
2017-09-29,40.38785,18.09101,,,LECCE,12:55
2017-09-29,40.35683,18.18205,,1,LECCE,21:15
2017-09-30,40.35561,18.1915,,1,LECCE,16:50
2017-10-02,40.36444,18.14639,,,LECCE,08:25
2017-10-02,40.34847,18.18891,,,LECCE,16:55
2017-10-03,40.34637,18.16642,,,LECCE,10:05
2017-10-03,40.35294,18.17662,,1,LECCE,12:25
2017-10-03,40.3566,18.18421,,,LECCE,19:45
2017-10-04,40.28858,18.00686,,3,LECCE,07:50
2017-10-04,40.36576,18.14253,,1,LECCE,10:00
2017-10-06,40.35904,18.18305,,,LECCE,11:25
2017-10-06,40.36011,18.17166,,2,LECCE,12:00
2017-10-06,40.3589,18.16212,,,LECCE,13:45
2017-10-06,40.34912,18.17287,,,LECCE,23:15
2017-10-07,40.34819,18.16539,,,LECCE,12:00
2017-10-07,40.37708,18.21129,,2,LECCE,19:00
2017-10-09,40.35847,18.19353,,1,LECCE,08:15
2017-10-09,40.36105,18.17017,,,LECCE,13:34
2017-10-09,40.36064,18.18657,,2,LECCE,15:45
2017-10-10,40.36754,18.22249,,3,LECCE,02:50
2017-10-10,40.35274,18.19023,,1,LECCE,08:30
2017-10-10,40.35049,18.16371,,1,LECCE,10:45
2017-10-10,40.37056,18.17792,,1,LECCE,16:10
2017-10-11,40.35658,18.1654,,1,LECCE,02:15
2017-10-11,40.36238,18.17664,,1,LECCE,10:30
2017-10-12,40.34533,18.1482,,2,LECCE,09:18
2017-10-12,40.35439,18.17643,,,LECCE,16:00
2017-10-13,40.34803,18.16798,,1,LECCE,17:00
2017-10-14,40.34775,18.18505,,1,LECCE,10:30
2017-10-14,40.34457,18.15845,,,LECCE,17:05
2017-10-14,40.35607,18.19528,,1,LECCE,22:25
2017-10-15,40.36104,18.16996,,,LECCE,23:10
2017-10-16,40.34442,18.17233,,1,LECCE,08:15
2017-10-16,40.35636,18.13569,,2,LECCE,08:30
2017-10-17,40.3487,18.16454,,1,LECCE,10:40
2017-10-17,40.35248,18.17661,,1,LECCE,17:45
2017-10-17,40.36132,18.17973,,,LECCE,20:20
2017-10-18,40.36059,18.18094,,1,LECCE,13:00
2017-10-19,40.3595,18.17253,,1,LECCE,09:12
2017-10-19,40.34736,18.17185,,1,LECCE,10:15
2017-10-20,40.35617,18.18742,,1,LECCE,13:20
2017-10-21,40.35847,18.20603,,2,LECCE,11:50
2017-10-23,40.35979,18.18481,,1,LECCE,10:10
2017-10-23,40.35386,18.17662,,1,LECCE,13:53
2017-10-24,40.35677,18.16735,,,LECCE,09:25
2017-10-24,40.33537,18.1179,,1,LECCE,12:55
2017-10-25,40.36071,18.17056,,1,LECCE,10:00
2017-10-25,40.34523,18.19518,,1,LECCE,14:00
2017-10-25,40.36242,18.17585,,,LECCE,16:30
2017-10-26,40.36239,18.17657,,,LECCE,16:45
2017-10-27,40.46054,18.11554,,2,LECCE,12:15
2017-10-27,40.3641,18.21034,,1,LECCE,17:40
2017-10-28,40.35598,18.19592,,,LECCE,18:15
2017-10-28,40.35022,18.17381,,2,LECCE,21:10
2017-10-29,40.35941,18.18461,,,LECCE,15:45
2017-10-30,40.35159,18.18599,,,LECCE,08:30
2017-10-30,40.32966,18.16357,,,LECCE,09:45
2017-10-30,40.34539,18.17161,,2,LECCE,11:40
2017-10-30,40.35614,18.16384,,2,LECCE,12:50
2017-10-31,40.36013,18.17292,,,LECCE,08:45
2017-10-31,40.35053,18.16371,,1,LECCE,10:10
2017-10-31,40.35787,18.16716,,,LECCE,12:05
2017-10-31,40.34179,18.21452,,2,LECCE,13:30
2017-11-01,40.34999,18.1574,,2,LECCE,21:20
2017-11-02,40.32621,18.14916,1,1,LECCE,07:25
2017-11-02,40.36335,18.16662,,,LECCE,10:05
2017-11-02,40.34851,18.16129,,1,LECCE,17:30
2017-11-02,40.3522,18.19334,,1,LECCE,22:30
2017-11-03,40.34381,18.16993,,3,LECCE,09:45
2017-11-04,40.347327,18.160789,,,LECCE,09:45
2017-11-05,40.3433,18.17846,,1,LECCE,19:05
2017-11-06,40.35952,18.17741,,1,LECCE,09:15
2017-11-06,40.33658,18.18962,,1,LECCE,13:20
2017-11-06,40.36143,18.18817,,5,LECCE,18:20
2017-11-08,40.35726,18.17392,,1,LECCE,08:35
2017-11-09,40.35657,18.16788,,1,LECCE,02:10
2017-11-09,40.34689,18.15292,,1,LECCE,15:00
2017-11-09,40.33153,18.16627,,,LECCE,17:45
2017-11-09,40.36275,18.15811,,1,LECCE,18:20
2017-11-10,40.35882,18.18294,,,LECCE,04:30
2017-11-10,40.33375,18.13372,,1,LECCE,12:30
2017-11-10,40.33825,18.13317,,2,LECCE,17:20
2017-11-11,40.3495,18.18552,,,LECCE,08:40
2017-11-11,40.3463,18.17071,,,LECCE,08:45
2017-11-11,40.35291,18.21096,,1,LECCE,12:20
2017-11-12,40.35458,18.17961,,5,LECCE,01:40
2017-11-12,40.35367,18.18566,,1,LECCE,16:35
2017-11-12,40.3562,18.18234,,,LECCE,21:45
2017-11-14,40.34176,18.1584,,,LECCE,08:50
2017-11-14,40.35223,18.17294,,1,LECCE,10:55
2017-11-15,40.35424,18.13213,,1,LECCE,04:15
2017-11-15,40.34819,18.16772,,,LECCE,23:45
2017-11-17,40.34829,18.16095,,,LECCE,03:30
2017-11-17,40.3462,18.17065,,1,LECCE,17:47
2017-11-18,40.32523,18.1889,,2,LECCE,10:15
2017-11-19,40.36383,18.20018,,2,LECCE,12:15
2017-11-19,40.3607,18.17057,,1,LECCE,17:00
2017-11-20,40.35512,18.17632,,4,LECCE,08:45
2017-11-20,40.35168,18.17438,,,LECCE,11:50
2017-11-20,40.33654,18.17166,,,LECCE,13:00
2017-11-21,40.3583,18.11758,,,LECCE,07:45
2017-11-22,40.37789,18.12718,,2,LECCE,08:40
2017-11-22,40.35375,18.17401,,1,LECCE,11:50
2017-11-22,40.35248,18.16131,,,LECCE,20:45
2017-11-23,40.34616,18.17609,,1,LECCE,07:55
2017-11-23,40.35452,18.15131,,1,LECCE,11:25
2017-11-24,40.35522,18.17619,,,LECCE,08:35
2017-11-24,40.35459,18.17625,,,LECCE,22:35
2017-11-25,40.36111,18.17046,,2,LECCE,20:15
2017-11-26,40.32648,18.14673,,,LECCE,08:30
2017-11-26,40.35814,18.1551,,,LECCE,17:00
2017-11-27,40.35625,18.183,,,LECCE,13:45
2017-11-28,40.35109,18.17455,,,LECCE,13:30
2017-11-28,40.35332,18.17412,,,LECCE,20:15
2017-11-29,40.3743,18.16374,,3,LECCE,08:00
2017-11-29,40.35252,18.18234,,,LECCE,16:15
2017-11-30,40.4863,18.04099,,,LECCE,11:45
2017-11-30,40.34259,18.17567,,,LECCE,23:30
2017-12-01,40.35393,18.181,,,LECCE,09:20
2017-12-01,40.33342,18.13384,,,LECCE,11:35
2017-12-01,40.32207,18.18929,,1,LECCE,12:30
2017-12-01,40.35842,18.17689,,1,LECCE,14:15
2017-12-01,40.35963,18.17224,,2,LECCE,15:25
2017-12-01,40.34682,18.18844,,1,LECCE,18:50
2017-12-02,40.33658,18.1713,,1,LECCE,07:00
2017-12-02,40.35127,18.17561,,,LECCE,23:25
2017-12-03,40.36288,18.16797,,,LECCE,22:45
2017-12-04,40.37401,18.13641,,1,LECCE,07:00
2017-12-04,40.35632,18.16142,,,LECCE,13:00
2017-12-04,40.34588,18.18294,,,LECCE,16:20
2017-12-04,40.3475,18.17149,,,LECCE,19:26
2017-12-05,40.34451,18.15713,,1,LECCE,10:25
2017-12-05,40.35795,18.18403,,,LECCE,18:40
2017-12-06,40.36425,18.07593,,,LECCE,12:00
2017-12-07,40.34759,18.17851,,1,LECCE,02:50
2017-12-07,40.35896,18.15278,,1,LECCE,08:30
2017-12-08,40.36445,18.16514,,,LECCE,17:50
2017-12-09,40.34914,18.18055,,,LECCE,13:00
2017-12-09,40.35232,18.18531,,2,LECCE,15:40
2017-12-12,40.34495,18.18202,,2,LECCE,00:00
2017-12-12,40.35583,18.18136,,1,LECCE,15:08
2017-12-14,40.34369,18.17512,,1,LECCE,09:15
2017-12-14,40.35101,18.17472,,,LECCE,20:10
2017-12-14,40.34139,18.20159,,,LECCE,20:10
2017-12-15,40.35938,18.16683,,,LECCE,10:00
2017-12-15,40.35067,18.17513,,,LECCE,10:00
2017-12-15,40.3613,18.17981,,2,LECCE,12:40
2017-12-15,40.3538,18.17966,,,LECCE,15:20
2017-12-15,40.36164,18.17917,,,LECCE,17:45
2017-12-17,40.35868,18.18288,,,LECCE,15:20
2017-12-18,40.3717,18.14871,,,LECCE,14:50
2017-12-18,40.35921,18.18389,,1,LECCE,19:40
2017-12-19,40.3752,18.21737,,,LECCE,01:15
2017-12-19,40.35856,18.17321,,,LECCE,08:20
2017-12-19,40.34261,18.17566,,,LECCE,09:00
2017-12-19,40.35365,18.18564,,1,LECCE,11:15
2017-12-20,40.35063,18.16351,,5,LECCE,19:30
2017-12-20,40.35779,18.15561,,1,LECCE,20:00
2017-12-21,40.35014,18.17568,,,LECCE,19:00
2017-12-22,40.362008,18.204983,,,LECCE,08:45
2017-12-22,40.34557,18.17148,,1,LECCE,11:45
2017-12-22,40.35393,18.19123,,1,LECCE,18:15
2017-12-24,40.35701,18.1673,,2,LECCE,00:03
2017-12-24,40.36583,18.21636,,,LECCE,10:30
2017-12-26,40.35077,18.16333,,,LECCE,03:15
2017-12-26,40.33106,18.14186,,,LECCE,10:40
2017-12-27,40.35592,18.19593,,1,LECCE,00:45
2017-12-27,40.36314,18.17351,,1,LECCE,00:50
2017-12-28,40.36284,18.16749,,,LECCE,02:00
2017-12-28,40.36556,18.1997,,2,LECCE,15:50
2017-12-29,40.35867,18.17845,,2,LECCE,02:10
2017-12-29,40.35698,18.16448,,2,LECCE,07:15
2017-12-29,40.34869,18.16455,,1,LECCE,13:20
2017-12-30,40.34323,18.14532,,2,LECCE,10:30
2018-01-02,40.37924,18.15166,,,LECCE,01:05
2018-01-02,40.33956,18.17699,,,LECCE,11:20
2018-01-02,40.36422,18.14054,,3,LECCE,17:50
2018-01-03,40.34984,18.17214,,1,LECCE,08:55
2018-01-03,40.35274,18.19076,,,LECCE,21:40
2018-01-07,40.34265,18.17568,,,LECCE,10:10
2018-01-07,40.35664,18.18429,,3,LECCE,17:30
2018-01-07,40.35719,18.16764,,2,LECCE,22:10
2018-01-08,40.35187,18.17864,,2,LECCE,18:14
2018-01-09,40.34895,18.15903,,1,LECCE,11:30
2018-01-10,40.36032,18.19207,,1,LECCE,09:00
2018-01-10,40.35128,18.1841,,,LECCE,10:20
2018-01-10,40.35982,18.17206,,,LECCE,18:55
2018-01-12,40.36287,18.16734,,,LECCE,16:15
2018-01-14,40.35378,18.17904,,,LECCE,00:15
2018-01-14,40.35156,18.17483,,,LECCE,02:55
2018-01-14,40.35912,18.19265,,2,LECCE,20:50
2018-01-15,40.35635,18.19884,,1,LECCE,14:05
2018-01-15,40.37409,18.20707,,1,LECCE,15:55
2018-01-16,40.3265,18.15573,,1,LECCE,08:00
2018-01-16,40.35292,18.18592,,1,LECCE,16:30
2018-01-18,40.35017,18.15208,,2,LECCE,07:55
2018-01-18,40.34809,18.18533,,1,LECCE,08:30
2018-01-18,40.33913,18.17728,,1,LECCE,11:00
2018-01-18,40.36235,18.17663,,1,LECCE,13:40
2018-01-19,40.38775,18.16698,,,LECCE,13:10
2018-01-19,40.35106,18.17663,,1,LECCE,19:15
2018-01-21,40.33894,18.15701,,,LECCE,17:00
2018-01-22,40.34839,18.16114,,1,LECCE,12:10
2018-01-23,40.36061,18.18118,,1,LECCE,12:35
2018-01-23,40.35203,18.1767,,,LECCE,19:20
2018-01-24,40.3564,18.17615,,,LECCE,16:40
2018-01-25,40.35594,18.174,,,LECCE,12:00
2018-01-25,40.35455,18.17655,,1,LECCE,12:40
2018-01-25,40.35199,18.19436,,1,LECCE,16:10
2018-01-26,40.35288,18.18579,,1,LECCE,10:25
2018-01-26,40.35713,18.18606,,,LECCE,19:35
2018-01-27,40.35326,18.16107,,,LECCE,16:30
2018-01-28,40.34758,18.1734,,,LECCE,13:10
2018-01-29,40.34691,18.14517,,,LECCE,15:20
2018-01-30,40.35184,18.17841,,1,LECCE,02:00
2018-01-30,40.3513,18.17583,,2,LECCE,08:35
2018-01-30,40.36052,18.18104,,1,LECCE,13:20
2018-01-30,40.35337,18.15049,,1,LECCE,18:30
2018-01-31,40.3445,18.18076,,2,LECCE,09:05
2018-01-31,40.37132,18.20288,,,LECCE,14:00
2018-01-31,40.36063,18.1807,,,LECCE,21:35
2018-02-01,40.34753,18.18663,,1,LECCE,13:30
2018-02-02,40.35267,18.21014,,,LECCE,11:20
2018-02-02,40.36579,18.14232,,4,LECCE,18:00
2018-02-03,40.38785,18.09101,,1,LECCE,05:30
2018-02-03,40.35763,18.18776,,1,LECCE,19:35
2018-02-04,40.36233,18.17223,,1,LECCE,09:45
2018-02-05,40.35378,18.17905,,1,LECCE,12:00
2018-02-06,40.34729,18.16522,,1,LECCE,09:30
2018-02-07,40.3585,18.19348,,1,LECCE,12:39
2018-02-07,40.34553,18.18363,,1,LECCE,20:10
2018-02-08,40.35431,18.16562,,,LECCE,12:57
2018-02-08,40.34912,18.17287,,2,LECCE,18:30
2018-02-09,40.35152,18.18584,,3,LECCE,12:45
2018-02-10,40.34531,18.17038,,1,LECCE,00:10
2018-02-10,40.35678,18.18482,,1,LECCE,12:30
2018-02-11,40.344,18.20666,,4,LECCE,01:20
2018-02-12,40.34869,18.16228,,1,LECCE,16:13
2018-02-13,40.36527,18.18845,,1,LECCE,11:45
2018-02-13,40.36531,18.22047,,,LECCE,14:15
2018-02-13,40.358,18.18335,,3,LECCE,16:30
2018-02-14,40.36155,18.18669,,,LECCE,18:20
2018-02-14,40.34719,18.17957,,2,LECCE,20:15
2018-02-16,40.34174,18.15843,,,LECCE,08:50
2018-02-16,40.34514,18.17711,,1,LECCE,13:25
2018-02-17,40.36235,18.16965,,2,LECCE,21:15
2018-02-18,40.35124,18.18063,,1,LECCE,04:00
2018-02-19,40.35569,18.18996,,,LECCE,08:00
2018-02-19,40.35971,18.1722,,1,LECCE,08:05
2018-02-19,40.41259,18.20246,,2,LECCE,10:10
2018-02-19,40.40117,18.10054,,2,LECCE,19:00
2018-02-20,40.34748,18.17149,,2,LECCE,20:55
2018-02-21,40.363,18.16783,,,LECCE,10:20
2018-02-21,40.33833,18.15658,,,LECCE,16:15
2018-02-21,40.36446,18.22055,,,LECCE,22:40
2018-02-21,40.36217,18.17204,,,LECCE,23:30
2018-02-22,40.35541,18.17818,,1,LECCE,16:15
2018-02-23,40.34993,18.17543,,,LECCE,10:00
2018-02-23,40.34911,18.17287,,1,LECCE,20:15
2018-02-26,40.35153,18.17487,,,LECCE,10:20
2018-02-26,40.3463,18.18403,,1,LECCE,16:20
2018-02-27,40.38721,18.17766,,1,LECCE,23:50
2018-02-28,40.35843,18.19333,,1,LECCE,10:50
2018-03-01,40.35908,18.16121,,1,LECCE,08:50
2018-03-01,40.35769,18.1737,,1,LECCE,11:10
2018-03-01,40.35276,18.18581,,1,LECCE,12:50
2018-03-01,40.36061,18.18118,,1,LECCE,18:00
2018-03-02,40.36105,18.17974,,,LECCE,08:20
2018-03-02,40.36421,18.17938,,1,LECCE,10:40
2018-03-03,40.36076,18.18068,,,LECCE,21:10
2018-03-03,40.35154,18.16346,,1,LECCE,23:15
2018-03-04,40.38248,18.20045,,1,LECCE,09:47
2018-03-04,40.34051,18.16359,,2,LECCE,20:30
2018-03-05,40.35388,18.18551,,1,LECCE,05:50
2018-03-05,40.35912,18.17794,,,LECCE,13:45
2018-03-05,40.36606,18.1871,,,LECCE,19:30
2018-03-06,40.40151,18.10398,,4,LECCE,13:15
2018-03-06,40.34438,18.20347,,7,LECCE,17:15
2018-03-07,40.35536,18.17759,,2,LECCE,19:20
2018-03-08,40.35713,18.19537,,1,LECCE,09:55
2018-03-09,40.35292,18.18913,,,LECCE,00:20
2018-03-09,40.36133,18.17624,,1,LECCE,09:05
2018-03-09,40.35134,18.20403,,,LECCE,11:25
2018-03-12,40.40912,18.20662,,2,LECCE,03:30
2018-03-12,40.3607,18.16977,,,LECCE,08:30
2018-03-12,40.35677,18.18399,,,LECCE,10:00
2018-03-12,40.37163,18.17755,,,LECCE,10:20
2018-03-12,40.35612,18.16685,,,LECCE,11:55
2018-03-13,40.34786,18.1776,,1,LECCE,11:03
2018-03-13,40.35903,18.1927,,1,LECCE,14:25
2018-03-13,40.3521,18.17667,,2,LECCE,19:45
2018-03-13,40.35581,18.1847,,,LECCE,19:50
2018-03-14,40.34788,18.17762,,1,LECCE,07:55
2018-03-14,40.35675,18.16673,,1,LECCE,12:00
2018-03-14,40.34468,18.17192,,1,LECCE,20:56
2018-03-16,40.36047,18.15856,,2,LECCE,09:30
2018-03-16,40.35586,18.19813,,,LECCE,12:30
2018-03-16,40.36853,18.22108,,1,LECCE,15:20
2018-03-16,40.35192,18.17988,,,LECCE,21:00
2018-03-17,40.34624,18.17065,,,LECCE,19:43
2018-03-18,40.34457,18.17202,,1,LECCE,10:00
2018-03-19,40.36566,18.19974,,,LECCE,08:08
2018-03-19,40.36398,18.17646,,,LECCE,13:30
2018-03-19,40.35851,18.1162,,1,LECCE,16:10
2018-03-20,40.35623,18.18301,,1,LECCE,09:15
2018-03-21,40.3487,18.16454,,1,LECCE,12:30
2018-03-21,40.35287,18.18579,,1,LECCE,18:20
2018-03-22,40.35839,18.17877,,,LECCE,10:00
2018-03-22,40.35198,18.16253,,1,LECCE,13:45
2018-03-22,40.3622,18.17196,,1,LECCE,20:00
2018-03-23,40.35666,18.16728,,2,LECCE,20:00
2018-03-23,40.35378,18.18572,,,LECCE,23:10
2018-03-24,40.34144,18.18228,,,LECCE,09:00
2018-03-24,40.35985,18.18183,,,LECCE,14:30
2018-03-25,40.36605,18.16799,,,LECCE,01:30
2018-03-25,40.37763,18.12356,,,LECCE,11:45
2018-03-25,40.34291,18.1697,,1,LECCE,21:30
2018-03-26,40.37092,18.15111,,,LECCE,00:10
2018-03-26,40.3481,18.16787,,2,LECCE,11:10
2018-03-26,40.3611,18.15549,,1,LECCE,13:45
2018-03-27,40.3537,18.17638,,,LECCE,09:20
2018-03-28,40.35725,18.19965,,1,LECCE,10:45
2018-03-29,40.34107,18.17458,,2,LECCE,17:00
2018-03-29,40.34741,18.18268,,2,LECCE,20:55
2018-03-30,40.36238,18.1716,,1,LECCE,13:35
2018-03-31,40.36657,18.21081,,,LECCE,13:00
2018-03-31,40.35214,18.18225,,,LECCE,15:35
2018-04-01,40.34604,18.18292,,1,LECCE,12:55
2018-04-02,40.35287,18.18935,,,LECCE,01:30
2018-04-02,40.36281,18.17528,,,LECCE,13:05
2018-04-02,40.3439,18.14408,,,LECCE,19:28
2018-04-04,40.34752,18.1606,,2,LECCE,08:10
2018-04-05,40.34807,18.16788,,1,LECCE,10:13
2018-04-05,40.33965,18.17872,,1,LECCE,20:15
2018-04-05,40.36818,18.18342,,,LECCE,23:50
2018-04-06,40.35017,18.15212,,1,LECCE,10:00
2018-04-06,40.36,18.19343,,1,LECCE,11:45
2018-04-06,40.34787,18.18486,,4,LECCE,19:20
2018-04-07,40.35195,18.1799,,,LECCE,22:50
2018-04-08,40.35065,18.16352,,,LECCE,12:50
2018-04-09,40.36291,18.16801,,1,LECCE,09:52
2018-04-09,40.36036,18.15753,,1,LECCE,13:26
2018-04-10,40.34941,18.1731,,,LECCE,11:20
2018-04-11,40.35722,18.16756,,1,LECCE,09:10
2018-04-11,40.36009,18.16825,,1,LECCE,20:30
2018-04-12,40.36236,18.16965,,,LECCE,11:25
2018-04-12,40.35203,18.18011,,1,LECCE,19:50
2018-04-13,40.35693,18.18613,,,LECCE,08:40
2018-04-13,40.35688,18.18614,,,LECCE,08:45
2018-04-13,40.34311,18.17779,,1,LECCE,09:10
2018-04-13,40.35722,18.18631,,2,LECCE,11:20
2018-04-13,40.36128,18.17295,,1,LECCE,21:15
2018-04-14,40.35298,18.17666,,1,LECCE,12:35
2018-04-14,40.34631,18.17347,,,LECCE,19:58
2018-04-15,40.36263,18.16872,,1,LECCE,22:00
2018-04-17,40.36149,18.17101,,2,LECCE,07:25
2018-04-17,40.34423,18.17555,,,LECCE,16:00
2018-04-18,40.35355,18.16536,,2,LECCE,13:00
2018-04-18,40.35171,18.17678,,1,LECCE,18:50
2018-04-18,40.34788,18.17763,,1,LECCE,20:30
2018-04-19,40.35581,18.18136,,1,LECCE,08:20
2018-04-20,40.33797,18.11905,,12,LECCE,07:45
2018-04-21,40.36424,18.20435,,2,LECCE,08:15
2018-04-21,40.35672,18.17933,,1,LECCE,13:00
2018-04-22,40.3979,18.16819,,2,LECCE,16:20
2018-04-23,40.3458,18.1714,,,LECCE,11:00
2018-04-24,40.34277,18.17668,,,LECCE,09:30
2018-04-25,40.3444,18.18042,,,LECCE,02:35
2018-04-27,40.34787,18.1847,,1,LECCE,10:45
2018-04-27,40.35238,18.18582,,1,LECCE,12:45
2018-04-27,40.39041,18.16339,,,LECCE,21:50
2018-04-28,40.35167,18.16308,,2,LECCE,11:00
2018-04-29,40.36111,18.18007,,1,LECCE,11:55
2018-04-30,40.3491,18.18177,,1,LECCE,15:30
2018-04-30,40.37506,18.17395,,2,LECCE,19:15
2018-05-01,40.34734,18.1726,,,LECCE,11:30
2018-05-01,40.3466,18.16652,,,LECCE,16:20
2018-05-01,40.35086,18.18589,,,LECCE,20:40
2018-05-02,40.3529,18.18594,,1,LECCE,13:02
2018-05-02,40.34382,18.16991,,1,LECCE,16:20
2018-05-03,40.36317,18.19634,,2,LECCE,12:05
2018-05-03,40.36506,18.1645,,2,LECCE,13:05
2018-05-03,40.35766,18.16781,,,LECCE,21:15
2018-05-04,40.35318,18.17846,,1,LECCE,11:49
2018-05-04,40.36032,18.19208,,,LECCE,13:50
2018-05-04,40.35059,18.16194,,,LECCE,17:10
2018-05-05,40.35322,18.18574,,2,LECCE,10:40
2018-05-05,40.36452,18.22049,,,LECCE,13:50
2018-05-05,40.37471,18.13946,,1,LECCE,16:51
2018-05-05,40.38876,18.16977,,2,LECCE,17:10
2018-05-07,40.34664,18.152,,1,LECCE,08:30
2018-05-07,40.34622,18.19006,,,LECCE,15:40
2018-05-08,40.35487,18.15171,,1,LECCE,07:50
2018-05-08,40.36316,18.19621,,1,LECCE,08:15
2018-05-08,40.35484,18.15168,,1,LECCE,16:30
2018-05-09,40.34737,18.17924,,,LECCE,11:00
2018-05-09,40.34768,18.16855,,,LECCE,16:25
2018-05-09,40.34672,18.18129,,2,LECCE,19:20
2018-05-10,40.35751,18.17144,,,LECCE,13:00
2018-05-10,40.34098,18.17637,,,LECCE,19:10
2018-05-11,40.34231,18.17706,,,LECCE,16:44
2018-05-11,40.32868,18.19355,,1,LECCE,20:15
2018-05-12,40.34733,18.18672,,1,LECCE,10:45
2018-05-13,40.34107,18.17459,,,LECCE,00:43
2018-05-13,40.34899,18.16181,,1,LECCE,13:00
2018-05-14,40.34566,18.18295,,,LECCE,19:00
2018-05-14,40.32403,18.18729,,1,LECCE,19:15
2018-05-15,40.34845,18.17337,,,LECCE,16:00
2018-05-15,40.36499,18.16459,,,LECCE,17:40
2018-05-16,40.38535,18.10658,,1,LECCE,09:00
2018-05-16,40.36102,18.16977,,,LECCE,13:40
2018-05-16,40.37813,18.12275,,3,LECCE,17:15
2018-05-17,40.35561,18.17974,,1,LECCE,19:50
2018-05-18,40.34912,18.17287,,,LECCE,12:20
2018-05-18,40.34543,18.18271,,,LECCE,13:25
2018-05-18,40.36015,18.1693,,1,LECCE,16:00
2018-05-18,40.34821,18.1887,,,LECCE,17:50
2018-05-19,40.3475,18.17149,,,LECCE,17:20
2018-05-19,40.3431,18.15929,,1,LECCE,22:00
2018-05-20,40.35465,18.17829,,2,LECCE,16:10
2018-05-21,40.35561,18.1609,,1,LECCE,08:00
2018-05-21,40.36689,18.22023,,,LECCE,10:25
2018-05-21,40.35303,18.16433,,1,LECCE,17:10
2018-05-21,40.35018,18.152,,,LECCE,18:30
2018-05-23,40.39681,18.18879,,,LECCE,02:00
2018-05-23,40.34213,18.16931,,,LECCE,10:45
2018-05-23,40.34725,18.15117,,,LECCE,12:30
2018-05-23,40.33053,18.19911,,,LECCE,16:40
2018-05-24,40.36233,18.17702,,2,LECCE,14:25
2018-05-24,40.34426,18.20361,,,LECCE,17:20
2018-05-25,40.36565,18.16346,,1,LECCE,01:35
2018-05-27,40.34582,18.18345,,,LECCE,03:50
2018-05-28,40.3557,18.19306,,1,LECCE,00:05
2018-05-28,40.34774,18.16017,,1,LECCE,15:32
2018-05-29,40.34396,18.18539,,3,LECCE,11:15
2018-05-29,40.35257,18.1772,,,LECCE,11:20
2018-05-29,40.34409,18.17514,,1,LECCE,18:30
2018-05-30,40.36224,18.17704,,,LECCE,10:15
2018-05-30,40.35037,18.17581,,,LECCE,17:30
2018-05-31,40.35596,18.18202,,,LECCE,11:50
2018-05-31,40.3301,18.16255,,1,LECCE,13:45
2018-06-01,40.36642,18.18168,,1,LECCE,12:00
2018-06-01,40.35678,18.16743,,,LECCE,12:25
2018-06-01,40.37092,18.15111,,1,LECCE,18:30
2018-06-02,40.48857,18.12298,,,LECCE,11:45
2018-06-02,40.35594,18.1761,,1,LECCE,17:15
2018-06-03,40.36813,18.16958,,,LECCE,20:45
2018-06-04,40.34764,18.16012,,,LECCE,08:00
2018-06-04,40.35418,18.17852,,1,LECCE,11:00
2018-06-04,40.3668,18.16897,,2,LECCE,14:55
2018-06-05,40.34027,18.1768,,,LECCE,09:05
2018-06-05,40.35223,18.20024,,,LECCE,17:45
2018-06-05,40.34719,18.1538,,,LECCE,22:55
2018-06-06,40.34868,18.16229,,,LECCE,12:15
2018-06-06,40.33806,18.12037,,1,LECCE,19:00
2018-06-07,40.35623,18.17454,,1,LECCE,11:15
2018-06-07,40.35507,18.18502,,,LECCE,17:50
2018-06-08,40.34407,18.14209,,,LECCE,10:00
2018-06-09,40.35086,18.18577,,1,LECCE,10:30
2018-06-10,40.35289,18.18915,,2,LECCE,00:40
2018-06-11,40.33965,18.17872,,1,LECCE,09:30
2018-06-11,40.38545,18.30445,,2,LECCE,14:00
2018-06-11,40.38583,18.10344,,3,LECCE,20:55
2018-06-12,40.34763,18.16014,,1,LECCE,12:15
2018-06-12,40.36165,18.18523,,2,LECCE,20:45
2018-06-13,40.349,18.17425,,1,LECCE,08:20
2018-06-13,40.35669,18.1743,,,LECCE,12:00
2018-06-13,40.34622,18.19007,,1,LECCE,15:35
2018-06-13,40.35191,18.17967,,,LECCE,21:30
2018-06-14,40.3475,18.17151,,,LECCE,07:55
2018-06-14,40.34909,18.15933,,,LECCE,13:34
2018-06-14,40.32657,18.14702,,1,LECCE,19:30
2018-06-14,40.34904,18.13354,,1,LECCE,22:50
2018-06-15,40.35091,18.18588,1,,LECCE,00:45
2018-06-15,40.36009,18.18585,,1,LECCE,08:45
2018-06-16,40.3483,18.1732,,,LECCE,03:30
2018-06-16,40.3364,18.15555,,1,LECCE,07:35
2018-06-16,40.35439,18.1763,,1,LECCE,13:00
2018-06-16,40.38075,18.1966,,1,LECCE,19:00
2018-06-18,40.36582,18.14233,,1,LECCE,16:20
2018-06-19,40.34318,18.15919,,1,LECCE,15:15
2018-06-19,40.39096,18.3056,,,LECCE,17:08
2018-06-20,40.35533,18.15211,,1,LECCE,03:30
2018-06-20,40.36084,18.18076,,1,LECCE,13:50
2018-06-20,40.35272,18.17981,,,LECCE,15:20
2018-06-20,40.35658,18.18773,,,LECCE,17:55
2018-06-21,40.34826,18.17389,,,LECCE,08:30
2018-06-21,40.34482,18.15845,,1,LECCE,11:00
2018-06-21,40.34477,18.15744,,2,LECCE,13:50
2018-06-21,40.35297,18.1831,,2,LECCE,21:15
2018-06-22,40.36133,18.17624,,1,LECCE,10:15
2018-06-22,40.3577,18.19134,,,LECCE,23:10
2018-06-23,40.34824,18.18873,,1,LECCE,14:20
2018-06-27,40.34622,18.17081,,,LECCE,08:50
2018-06-27,40.34538,18.20216,,1,LECCE,10:30
2018-06-27,40.36526,18.17686,,1,LECCE,19:20
2018-06-28,40.34774,18.16017,,1,LECCE,13:30
2018-06-28,40.35596,18.17807,,1,LECCE,16:30
2018-06-28,40.33986,18.15525,,3,LECCE,18:05
2018-06-30,40.42481,18.23929,,1,LECCE,14:00
2018-07-01,40.3593,18.16062,,1,LECCE,10:35
2018-07-02,40.3482,18.16539,,1,LECCE,07:25
2018-07-02,40.348164,18.165377,,,LECCE,08:17
2018-07-02,40.34633,18.17335,,1,LECCE,17:20
2018-07-03,40.35382,18.17965,,,LECCE,20:15
2018-07-04,40.3421,18.16086,,1,LECCE,11:20
2018-07-05,40.3517,18.17684,,,LECCE,08:55
2018-07-07,40.3596,18.18454,,,LECCE,18:15
2018-07-07,40.36276,18.17524,,1,LECCE,21:40
2018-07-09,40.48029,18.15696,,1,LECCE,08:15
2018-07-09,40.3479,18.18476,,1,LECCE,17:25
2018-07-09,40.36246,18.17655,,1,LECCE,19:10
2018-07-10,40.48035,18.15798,,4,LECCE,10:55
2018-07-10,40.35186,18.17864,,,LECCE,13:15
2018-07-10,40.33152,18.16629,,2,LECCE,20:10
2018-07-11,40.36244,18.17658,,,LECCE,11:30
2018-07-11,40.35186,18.20789,,1,LECCE,13:30
2018-07-11,40.36753,18.16283,,1,LECCE,16:15
2018-07-11,40.36388,18.16591,,1,LECCE,19:00
2018-07-12,40.3367,18.1678,,1,LECCE,11:35
2018-07-12,40.34398,18.15787,,1,LECCE,12:15
2018-07-13,40.35388,18.18551,,1,LECCE,07:35
2018-07-13,40.33965,18.17872,,,LECCE,10:45
2018-07-14,40.35892,18.16865,,3,LECCE,09:30
2018-07-14,40.35219,18.17147,,1,LECCE,11:10
2018-07-14,40.33894,18.15701,,2,LECCE,18:40
2018-07-14,40.35563,18.17823,,,LECCE,23:20
2018-07-15,40.35297,18.1831,,3,LECCE,13:20
2018-07-16,40.35285,18.18112,,3,LECCE,11:00
2018-07-16,40.36457,18.18983,,,LECCE,15:30
2018-07-16,40.34259,18.17566,,,LECCE,17:10
2018-07-16,40.34867,18.16227,,2,LECCE,21:30
2018-07-17,40.34505,18.14736,,1,LECCE,08:10
2018-07-17,40.35063,18.16352,,1,LECCE,12:20
2018-07-18,40.35298,18.17171,,1,LECCE,13:15
2018-07-19,40.33656,18.16782,,1,LECCE,00:30
2018-07-19,40.42263,18.24266,,1,LECCE,10:30
2018-07-19,40.45418,18.1123,,1,LECCE,14:00
2018-07-19,40.35678,18.16732,,,LECCE,14:45
2018-07-20,40.34728,18.1718,,1,LECCE,08:00
2018-07-20,40.3855,18.10846,,3,LECCE,08:30
2018-07-20,40.41265,18.20243,,3,LECCE,14:00
2018-07-21,40.35778,18.19124,,1,LECCE,05:45
2018-07-21,40.35924,18.16875,,1,LECCE,20:30
2018-07-22,40.40166,18.19724,,,LECCE,00:10
2018-07-22,40.35388,18.18551,,1,LECCE,14:24
2018-07-23,40.35278,18.19079,,1,LECCE,10:30
2018-07-23,40.33875,18.12509,,1,LECCE,17:30
2018-07-23,40.34833,18.16101,,,LECCE,22:00
2018-07-24,40.35994,18.15657,,1,LECCE,09:20
2018-07-24,40.36065,18.15686,,,LECCE,17:30
2018-07-25,40.36133,18.17624,,,LECCE,09:25
2018-07-25,40.359298,18.166595,,,LECCE,11:50
2018-07-25,40.35028,18.17181,,2,LECCE,12:00
2018-07-26,40.34986,18.16193,,1,LECCE,03:15
2018-07-26,40.35568,18.17949,,1,LECCE,11:00
2018-07-26,40.32759,18.15088,,,LECCE,13:15
2018-07-26,40.36377,18.18608,,,LECCE,19:30
2018-07-27,40.34704,18.18694,,1,LECCE,08:45
2018-07-29,40.36251,18.17181,,2,LECCE,20:00
2018-07-30,40.34891,18.17533,,1,LECCE,10:30
2018-07-30,40.34098,18.17635,,,LECCE,12:40
2018-07-31,40.36245,18.15795,,3,LECCE,23:30
2018-08-01,40.46546,18.19217,,8,LECCE,20:00
2018-08-02,40.34398,18.15787,,1,LECCE,10:56
2018-08-02,40.3585,18.19348,,1,LECCE,21:00
2018-08-03,40.34993,18.18573,,4,LECCE,02:12
2018-08-03,40.35179,18.17233,,,LECCE,11:15
2018-08-03,40.35476,18.18192,,1,LECCE,13:45
2018-08-03,40.34789,18.17764,,2,LECCE,20:35
2018-08-04,40.38829,18.29906,,,LECCE,15:30
2018-08-06,40.34465,18.17482,,1,LECCE,17:45
2018-08-06,40.34585,18.18347,,,LECCE,22:00
2018-08-07,40.35744,18.19008,,1,LECCE,10:35
2018-08-07,40.34451,18.15715,,1,LECCE,15:45
2018-08-08,40.3579,18.18931,,,LECCE,08:20
2018-08-08,40.35581,18.19463,,1,LECCE,16:26
2018-08-09,40.35287,18.1858,,1,LECCE,15:30
2018-08-10,40.37402,18.19632,,,LECCE,14:55
2018-08-10,40.36244,18.17661,,,LECCE,19:30
2018-08-11,40.35573,18.19144,,1,LECCE,10:00
2018-08-13,40.35465,18.17827,,,LECCE,00:18
2018-08-13,40.3557,18.19307,,1,LECCE,03:45
2018-08-13,40.36329,18.16815,,,LECCE,09:55
2018-08-13,40.35725,18.17389,,,LECCE,12:00
2018-08-13,40.34872,18.1623,,,LECCE,13:45
2018-08-13,40.35238,18.18585,,,LECCE,20:30
2018-08-15,40.34871,18.1752,,3,LECCE,15:15
2018-08-16,40.36741,18.14465,,3,LECCE,13:00
2018-08-16,40.36021,18.17152,,,LECCE,17:20
2018-08-17,40.33275,18.1349,,5,LECCE,09:45
2018-08-18,40.36445,18.07562,,,LECCE,00:40
2018-08-18,40.38588,18.1719,,,LECCE,16:50
2018-08-18,40.37731,18.19227,,,LECCE,18:00
2018-08-19,40.34666,18.16647,,,LECCE,12:45
2018-08-19,40.4481,18.10735,,1,LECCE,15:15
2018-08-20,40.34691,18.1739,,2,LECCE,13:30
2018-08-22,40.44417,18.16409,,1,LECCE,00:20
2018-08-23,40.34856,18.17239,,,LECCE,12:15
2018-08-23,40.34783,18.18483,,1,LECCE,14:20
2018-08-23,40.34653,18.17075,,1,LECCE,14:40
2018-08-23,40.36201,18.1782,,,LECCE,18:45
2018-08-23,40.34638,18.17058,,,LECCE,20:24
2018-08-24,40.351,18.17447,,,LECCE,06:30
2018-08-24,40.34245,18.17815,,1,LECCE,10:55
2018-08-24,40.35444,18.17625,,,LECCE,18:50
2018-08-25,40.36252,18.1763,,1,LECCE,08:50
2018-08-25,40.34318,18.1778,,2,LECCE,14:25
2018-08-26,40.34824,18.18298,,1,LECCE,19:00
2018-08-27,40.36142,18.16963,,,LECCE,09:00
2018-08-27,40.3653,18.18844,,1,LECCE,18:20
2018-08-27,40.34817,18.17686,,3,LECCE,19:45
2018-08-28,40.36244,18.15799,,1,LECCE,13:00
2018-08-28,40.35811,18.17998,,,LECCE,20:18
2018-08-29,40.34881,18.18535,,1,LECCE,10:40
2018-08-29,40.41916,18.22025,,1,LECCE,21:20
2018-08-31,40.34987,18.20787,,,LECCE,03:00
2018-08-31,40.34606,18.18294,,,LECCE,09:30
2018-08-31,40.35584,18.19492,,1,LECCE,19:40
2018-09-02,40.32971,18.16356,,,LECCE,10:15
2018-09-04,40.35507,18.17666,,1,LECCE,13:00
2018-09-05,40.36267,18.17548,,2,LECCE,01:50
2018-09-05,40.36504,18.21253,,1,LECCE,06:30
2018-09-05,40.34376,18.14486,,,LECCE,16:25
2018-09-06,40.36326,18.18691,,,LECCE,10:45
2018-09-06,40.37121,18.17823,1,,LECCE,11:41
2018-09-06,40.35173,18.27766,,,LECCE,14:47
2018-09-06,40.34164,18.17856,,2,LECCE,17:55
2018-09-07,40.35411,18.17316,,,LECCE,07:50
2018-09-07,40.34826,18.16094,,,LECCE,10:15
2018-09-07,40.34824,18.18298,,,LECCE,14:00
2018-09-08,40.36333,18.19102,,7,LECCE,23:20
2018-09-09,40.36586,18.20004,,2,LECCE,11:20
2018-09-09,40.35938,18.16199,,,LECCE,21:00
2018-09-10,40.34629,18.1898,,,LECCE,13:45
2018-09-10,40.34827,18.16092,,,LECCE,17:40
2018-09-10,40.35972,18.15946,,,LECCE,18:25
2018-09-12,40.34392,18.20676,,1,LECCE,09:00
2018-09-12,40.34332,18.19714,,,LECCE,14:00
2018-09-12,40.33317,18.1668,,2,LECCE,16:20
2018-09-12,40.35634,18.1864,,1,LECCE,17:00
2018-09-12,40.35683,18.16487,,,LECCE,22:30
2018-09-13,40.32693,18.15345,,3,LECCE,13:00
2018-09-13,40.33991,18.17685,,1,LECCE,15:45
2018-09-13,40.35404,18.18202,,,LECCE,19:50
2018-09-14,40.33578,18.19208,,2,LECCE,17:50
2018-09-14,40.36081,18.17026,,1,LECCE,19:15
2018-09-16,40.35101,18.17446,,,LECCE,09:55
2018-09-16,40.35641,18.18352,,,LECCE,15:15
2018-09-16,40.34257,18.14072,,1,LECCE,18:15
2018-09-17,40.37161,18.17755,,1,LECCE,09:15
2018-09-17,40.32534,18.19086,,1,LECCE,10:55
2018-09-17,40.33698,18.18993,1,,LECCE,22:30
2018-09-18,40.36887,18.22744,,1,LECCE,10:45
2018-09-19,40.3562,18.17806,,,LECCE,11:30
2018-09-19,40.36446,18.14642,,1,LECCE,12:55
2018-09-19,40.35224,18.17293,,1,LECCE,14:25
2018-09-19,40.36353,18.20828,,3,LECCE,16:45
2018-09-19,40.3491,18.18179,,1,LECCE,18:00
2018-09-20,40.34955,18.18562,,,LECCE,09:35
2018-09-20,40.36293,18.086,,,LECCE,13:30
2018-09-20,40.34904,18.16628,,2,LECCE,21:05
2018-09-21,40.35666,18.18064,,,LECCE,09:35
2018-09-21,40.35403,18.18369,,2,LECCE,15:00
2018-09-22,40.3599,18.1856,,1,LECCE,18:40
2018-09-23,40.3755,18.18077,,2,LECCE,00:20
2018-09-23,40.35062,18.16352,,,LECCE,10:00
2018-09-24,40.35968,18.17215,,1,LECCE,09:10
2018-09-24,40.34624,18.18998,,,LECCE,12:00
2018-09-24,40.33285,18.13255,,1,LECCE,15:00
2018-09-25,40.35458,18.17961,,1,LECCE,11:35
2018-09-25,40.343583,18.157491,,,LECCE,14:40
2018-09-25,40.3608,18.17029,,2,LECCE,16:40
2018-09-26,40.34128,18.17751,,,LECCE,08:20
2018-09-26,40.35886,18.16685,,,LECCE,14:15
2018-09-26,40.34128,18.17755,,1,LECCE,16:10
2018-09-26,40.3624,18.17634,,1,LECCE,19:15
2018-09-27,40.35592,18.19569,,2,LECCE,08:00
2018-09-27,40.33965,18.17872,,1,LECCE,14:15
2018-09-27,40.34771,18.16011,,1,LECCE,16:00
2018-09-27,40.35459,18.18546,,1,LECCE,20:20
2018-09-28,40.34301,18.17798,,1,LECCE,09:30
2018-09-28,40.34734,18.17259,,2,LECCE,13:10
2018-09-28,40.3479,18.17186,,,LECCE,16:05
2018-09-29,40.35517,18.1763,,1,LECCE,17:25
2018-09-30,40.34263,18.15886,,4,LECCE,12:50
2018-09-30,40.36919,18.14575,,4,LECCE,18:00
2018-10-01,40.33854,18.12347,,1,LECCE,07:45
2018-10-01,40.34582,18.17054,,1,LECCE,09:30
2018-10-01,40.34904,18.17413,,1,LECCE,12:50
2018-10-01,40.358094,18.168061,,1,LECCE,13:00
2018-10-01,40.3504,18.1593,,,LECCE,19:00
2018-10-01,40.35202,18.1812,,1,LECCE,19:33
2018-10-02,40.33166,18.15299,,2,LECCE,13:10
2018-10-02,40.34679,18.18791,,,LECCE,17:55
2018-10-02,40.357,18.16449,,,LECCE,18:00
2018-10-02,40.35045,18.16405,,1,LECCE,19:45
2018-10-02,40.34281,18.17687,,3,LECCE,21:25
2018-10-03,40.35322,18.19113,,1,LECCE,08:10
2018-10-03,40.35063,18.16352,,1,LECCE,10:45
2018-10-04,40.36224,18.17198,,3,LECCE,22:15
2018-10-05,40.33723,18.12769,,1,LECCE,08:50
2018-10-06,40.35634,18.1864,,,LECCE,13:20
2018-10-06,40.36436,18.16434,,,LECCE,16:20
2018-10-06,40.36029,18.18119,,2,LECCE,19:30
2018-10-07,40.35168,18.19554,,,LECCE,03:30
2018-10-07,40.35106,18.16371,,,LECCE,11:40
2018-10-09,40.35073,18.18231,,2,LECCE,15:30
2018-10-09,40.36746,18.19967,,1,LECCE,17:30
2018-10-09,40.34761,18.16029,,1,LECCE,17:45
2018-10-10,40.36165,18.18524,,,LECCE,13:45
2018-10-11,40.3566,18.19141,,2,LECCE,08:10
2018-10-11,40.35778,18.1672,,1,LECCE,10:40
2018-10-12,40.3482,18.16098,,3,LECCE,14:10
2018-10-12,40.35963,18.17175,,,LECCE,20:45
2018-10-13,40.34665,18.16646,,,LECCE,01:10
2018-10-13,40.3646,18.17677,,1,LECCE,08:20
2018-10-13,40.36104,18.16995,,,LECCE,21:10
2018-10-14,40.35874,18.16668,,1,LECCE,20:05
2018-10-15,40.34613,18.18322,,2,LECCE,11:00
2018-10-15,40.362717,18.175118,,1,LECCE,17:00
2018-10-15,40.35187,18.17865,,1,LECCE,20:55
2018-10-16,40.37532,18.13803,,1,LECCE,12:23
2018-10-16,40.36441,18.1851,,,LECCE,21:40
2018-10-17,40.36083,18.1697,,,LECCE,07:50
2018-10-17,40.3406,18.12558,,1,LECCE,09:15
2018-10-17,40.36148,18.19775,,1,LECCE,11:30
2018-10-17,40.36018,18.17138,,,LECCE,16:25
2018-10-18,40.34341,18.17306,,1,LECCE,08:10
2018-10-18,40.36391,18.19821,,1,LECCE,20:30
2018-10-19,40.34737,18.17194,,1,LECCE,10:45
2018-10-19,40.34619,18.19016,,3,LECCE,14:10
2018-10-20,40.36231,18.17708,,,LECCE,08:05
2018-10-20,40.34441,18.17232,,1,LECCE,18:40
2018-10-21,40.34516,18.17033,,2,LECCE,00:15
2018-10-21,40.35593,18.17948,,1,LECCE,11:00
2018-10-22,40.3344,18.13137,,3,LECCE,10:35
2018-10-22,40.34832,18.17318,,2,LECCE,13:10
2018-10-22,40.35331,18.21074,,,LECCE,15:10
2018-10-22,40.36357,18.17226,,,LECCE,17:10
2018-10-23,40.34784,18.18486,,,LECCE,19:30
2018-10-23,40.38561,18.18645,,1,LECCE,20:30
2018-10-23,40.34751,18.1715,,2,LECCE,22:30
2018-10-24,40.33598,18.16263,,,LECCE,01:15
2018-10-24,40.35521,18.16041,,1,LECCE,09:30
2018-10-24,40.35582,18.19462,,1,LECCE,17:30
2018-10-25,40.35874,18.17544,,1,LECCE,15:40
2018-10-26,40.34921,18.15882,,1,LECCE,16:20
2018-10-26,40.34819,18.15674,,1,LECCE,17:20
2018-10-27,40.35288,18.21107,,,LECCE,03:00
2018-10-28,40.3592,18.16873,,2,LECCE,04:30
2018-10-28,40.35871,18.17544,,1,LECCE,17:40
2018-10-29,40.34813,18.16779,,1,LECCE,11:30
2018-10-29,40.36445,18.22054,,,LECCE,13:00
2018-10-30,40.32868,18.15168,,1,LECCE,19:00
2018-10-31,40.35399,18.18202,,1,LECCE,09:30
2018-10-31,40.33133,18.19542,,1,LECCE,11:00
2018-10-31,40.36105,18.16997,,,LECCE,13:40
2018-10-31,40.36235,18.16964,,2,LECCE,21:45
2018-11-01,40.3475,18.17149,,2,LECCE,11:15
2018-11-03,40.38359,18.18642,,,LECCE,07:30
2018-11-05,40.3475,18.17149,,1,LECCE,00:50
2018-11-05,40.35919,18.16878,,,LECCE,04:00
2018-11-05,40.3336,18.13301,,,LECCE,09:20
2018-11-05,40.37902,18.15173,,1,LECCE,13:30
2018-11-06,40.36322,18.1869,,,LECCE,09:00
2018-11-06,40.35289,18.18584,,1,LECCE,11:30
2018-11-06,40.37313,18.15993,,,LECCE,17:30
2018-11-06,40.33959,18.15722,,1,LECCE,20:45
2018-11-07,40.36717,18.19821,,,LECCE,08:00
2018-11-07,40.34985,18.17214,,1,LECCE,10:00
2018-11-08,40.33089,18.16609,,1,LECCE,09:00
2018-11-08,40.34304,18.17807,,,LECCE,12:00
2018-11-09,40.33306,18.1951,,,LECCE,10:40
2018-11-09,40.35509,18.18468,,,LECCE,15:10
2018-11-09,40.36606,18.18709,,1,LECCE,18:35
2018-11-10,40.37122,18.17824,,2,LECCE,08:45
2018-11-10,40.35081,18.18588,,,LECCE,13:15
2018-11-11,40.3483,18.15947,,,LECCE,10:10
2018-11-11,40.35857,18.20375,,2,LECCE,11:48
2018-11-11,40.35185,18.17866,,3,LECCE,23:44
2018-11-12,40.33957,18.13195,,4,LECCE,08:45
2018-11-12,40.35063,18.16351,,,LECCE,10:30
2018-11-12,40.36593,18.19988,,1,LECCE,10:30
2018-11-12,40.34762,18.16013,,1,LECCE,16:05
2018-11-13,40.36558,18.17487,,,LECCE,14:05
2018-11-15,40.35371,18.18565,,,LECCE,08:50
2018-11-15,40.34871,18.16457,,,LECCE,17:20
2018-11-15,40.3473,18.16434,,,LECCE,22:18
2018-11-16,40.35377,18.1507,,1,LECCE,20:20
2018-11-16,40.35573,18.13538,,1,LECCE,22:48
2018-11-17,40.35092,18.15581,,2,LECCE,12:30
2018-11-17,40.3624,18.17662,,,LECCE,15:37
2018-11-18,40.35096,18.16968,,,LECCE,10:10
2018-11-19,40.34338,18.17777,,1,LECCE,19:10
2018-11-19,40.35499,18.15966,,1,LECCE,20:30
2018-11-20,40.35093,18.1858,,1,LECCE,12:00
2018-11-20,40.34758,18.1734,,,LECCE,20:40
2018-11-21,40.33684,18.18977,,,LECCE,07:30
2018-11-21,40.34819,18.16539,,1,LECCE,15:50
2018-11-21,40.3474,18.16086,,1,LECCE,17:20
2018-11-21,40.36234,18.1766,,,LECCE,18:55
2018-11-22,40.35483,18.13318,,1,LECCE,17:15
2018-11-23,40.38444,18.19395,,2,LECCE,08:20
2018-11-23,40.36949,18.15471,,,LECCE,19:35
2018-11-24,40.35033,18.1858,,3,LECCE,16:20
2018-11-25,40.35966,18.17224,,,LECCE,06:33
2018-11-26,40.35019,18.15198,,3,LECCE,00:40
2018-11-26,40.36286,18.15054,,,LECCE,09:10
2018-11-26,40.36088,18.15703,,3,LECCE,17:00
2018-11-26,40.3594,18.15607,,1,LECCE,17:15
2018-11-28,40.35533,18.17616,,,LECCE,09:20
2018-11-28,40.34722,18.20571,,1,LECCE,16:00
2018-11-30,40.36039,18.15755,,1,LECCE,15:25
2018-12-01,40.34819,18.16539,,2,LECCE,13:35
2018-12-01,40.34959,18.16191,,1,LECCE,18:00
2018-12-02,40.354936,18.17644,,,LECCE,02:45
2018-12-02,40.36033,18.19225,,1,LECCE,12:10
2018-12-03,40.34293,18.17411,,2,LECCE,00:05
2018-12-03,40.35361,18.16519,,2,LECCE,03:20
2018-12-03,40.33538,18.16748,,,LECCE,17:20
2018-12-04,40.42022,18.17432,,,LECCE,00:30
2018-12-04,40.34398,18.15787,,1,LECCE,11:30
2018-12-05,40.34959,18.18566,,2,LECCE,11:40
2018-12-05,40.34723,18.1796,,,LECCE,12:40
2018-12-05,40.34084,18.17372,,,LECCE,15:30
2018-12-05,40.34835,18.17321,,1,LECCE,15:35
2018-12-06,40.34451,18.15974,,1,LECCE,10:00
2018-12-06,40.35629,18.17015,,1,LECCE,12:10
2018-12-07,40.35375,18.19101,,,LECCE,07:15
2018-12-07,40.34452,18.17283,,1,LECCE,08:15
2018-12-07,40.35582,18.18134,,1,LECCE,10:30
2018-12-07,40.355242,18.160545,,1,LECCE,13:50
2018-12-08,40.36018,18.18134,,,LECCE,17:00
2018-12-08,40.33351,18.12467,,2,LECCE,19:20
2018-12-08,40.35504,18.18495,,,LECCE,20:40
2018-12-09,40.38587,18.10345,,2,LECCE,18:30
2018-12-10,40.35077,18.16334,,,LECCE,13:30
2018-12-10,40.34623,18.1552,,1,LECCE,15:35
2018-12-10,40.34398,18.15787,,,LECCE,18:20
2018-12-10,40.35776,18.19129,,1,LECCE,23:30
2018-12-11,40.41469,18.17362,,1,LECCE,06:30
2018-12-11,40.36136,18.18027,,1,LECCE,10:05
2018-12-11,40.34419,18.17005,,3,LECCE,16:00
2018-12-12,40.33761,18.18814,,,LECCE,08:10
2018-12-12,40.35587,18.18145,,,LECCE,08:20
2018-12-12,40.33394,18.13247,,2,LECCE,15:30
2018-12-13,40.33479,18.13556,,1,LECCE,09:00
2018-12-14,40.355,18.15966,,1,LECCE,10:00
2018-12-15,40.3606,18.19835,,1,LECCE,08:05
2018-12-15,40.41263,18.20243,,2,LECCE,09:33
2018-12-16,40.38566,18.26807,,1,LECCE,09:45
2018-12-16,40.35548,18.1763,,1,LECCE,11:00
2018-12-17,40.3668,18.16111,,,LECCE,12:20
2018-12-17,40.36461,18.14604,,1,LECCE,13:10
2018-12-17,40.34965,18.16288,,2,LECCE,14:56
2018-12-17,40.34008,18.13586,,1,LECCE,16:30
2018-12-17,40.35574,18.1526,,,LECCE,16:45
2018-12-18,40.34785,18.18477,,2,LECCE,00:35
2018-12-18,40.3573,18.16373,,1,LECCE,11:10
2018-12-18,40.35307,18.18833,,2,LECCE,15:50
2018-12-18,40.34349,18.16843,,,LECCE,17:00
2018-12-19,40.35721,18.18003,,1,LECCE,09:00
2018-12-19,40.34293,18.12525,,1,LECCE,13:35
2018-12-20,40.33228,18.19583,,1,LECCE,14:15
2018-12-20,40.35459,18.17733,,,LECCE,21:00
2018-12-20,40.35019,18.15198,,2,LECCE,22:50
2018-12-21,40.44155,18.22256,,3,LECCE,09:55
2018-12-21,40.36096,18.18887,,1,LECCE,15:25
2018-12-22,40.36186,18.18902,,,LECCE,07:25
2018-12-22,40.32661,18.1504,,3,LECCE,14:20
2018-12-22,40.35373,18.18558,,,LECCE,22:30
2018-12-23,40.3475,18.17149,,1,LECCE,00:50
2018-12-23,40.35308,18.16463,,1,LECCE,09:10
2018-12-23,40.35384,18.19503,,,LECCE,12:45
2018-12-23,40.35063,18.16351,,,LECCE,23:10
2018-12-25,40.35287,18.21071,,2,LECCE,17:15
2018-12-26,40.34624,18.20499,,1,LECCE,18:30
2018-12-27,40.34419,18.17005,,4,LECCE,16:05
2018-12-28,40.36803,18.16871,,1,LECCE,15:11
2018-12-28,40.35694,18.18835,,1,LECCE,18:45
2018-12-29,40.36307,18.17554,,,LECCE,17:30
2018-12-29,40.35179,18.17393,,,LECCE,18:35
2018-12-30,40.38606,18.10227,,,LECCE,17:50
2018-12-31,40.33956,18.15724,,1,LECCE,11:30
2018-12-31,40.34049,18.16358,,1,LECCE,18:50
2019-01-01,40.38532,18.16624,,1,LECCE,18:20
2019-01-01,40.34701,18.18015,,1,LECCE,19:00
2019-01-02,40.35492,18.18189,,,LECCE,09:50
2019-01-02,40.36715,18.16896,,1,LECCE,15:55
2019-01-03,40.34747,18.1716,,3,LECCE,07:25
2019-01-03,40.34748,18.17156,,,LECCE,08:45
2019-01-04,40.35428,18.17493,,,LECCE,13:05
2019-01-06,40.35395,18.18093,,2,LECCE,02:00
2019-01-06,40.32601,18.16205,,4,LECCE,20:00
2019-01-06,40.35214,18.18225,,1,LECCE,23:15
2019-01-08,40.3567,18.17464,,1,LECCE,14:30
2019-01-08,40.36426,18.20189,,3,LECCE,18:40
2019-01-08,40.36419,18.20191,,2,LECCE,18:45
2019-01-08,40.34254,18.17571,,1,LECCE,22:50
2019-01-09,40.35077,18.16334,,,LECCE,13:15
2019-01-09,40.36193,18.19119,,1,LECCE,18:30
2019-01-09,40.3335,18.13335,,2,LECCE,20:00
2019-01-10,40.36724,18.2195,,2,LECCE,09:15
2019-01-10,40.34602,18.1504,,3,LECCE,11:30
2019-01-10,40.34672,18.18129,,2,LECCE,13:30
2019-01-10,40.36089,18.17744,,1,LECCE,15:20
2019-01-10,40.35776,18.19128,,1,LECCE,22:30
2019-01-11,40.34966,18.17487,,2,LECCE,12:15
2019-01-12,40.35189,18.20449,,1,LECCE,10:15
2019-01-12,40.35273,18.21039,,1,LECCE,15:00
2019-01-12,40.36239,18.16924,,1,LECCE,21:30
2019-01-13,40.35237,18.18585,,1,LECCE,01:20
2019-01-13,40.3629,18.16738,,1,LECCE,03:15
2019-01-13,40.35426,18.17457,,,LECCE,18:45
2019-01-14,40.34999,18.17441,,1,LECCE,11:45
2019-01-14,40.34779,18.17795,,1,LECCE,12:00
2019-01-14,40.36446,18.22054,,,LECCE,14:00
2019-01-14,40.35214,18.18225,,2,LECCE,17:00
2019-01-14,40.3592,18.16873,,2,LECCE,18:00
2019-01-15,40.37309,18.14554,,,LECCE,04:00
2019-01-15,40.36708,18.17427,,,LECCE,08:20
2019-01-15,40.34619,18.19019,,,LECCE,10:50
2019-01-16,40.34899,18.16633,,1,LECCE,11:15
2019-01-16,40.34691,18.16974,,1,LECCE,13:30
2019-01-17,40.34821,18.1733,,,LECCE,09:10
2019-01-17,40.35186,18.17863,,1,LECCE,22:00
2019-01-18,40.35772,18.165,,,LECCE,10:45
2019-01-18,40.3333,18.1667,,1,LECCE,15:30
2019-01-18,40.35023,18.15212,,,LECCE,18:45
2019-01-19,40.35719,18.18002,,,LECCE,00:55
2019-01-20,40.36059,18.17859,,,LECCE,08:30
2019-01-20,40.35116,18.17875,,,LECCE,11:10
2019-01-20,40.35373,18.17658,,1,LECCE,15:10
2019-01-20,40.35439,18.17624,,,LECCE,17:10
2019-01-22,40.37934,18.15171,,1,LECCE,07:55
2019-01-22,40.35115,18.18912,,1,LECCE,08:15
2019-01-22,40.35297,18.1831,,,LECCE,12:44
2019-01-22,40.36093,18.18062,,,LECCE,16:30
2019-01-23,40.34601,18.18294,,,LECCE,09:40
2019-01-23,40.35284,18.18109,,,LECCE,11:00
2019-01-23,40.3581,18.19252,,1,LECCE,12:15
2019-01-23,40.32968,18.16358,,,LECCE,13:35
2019-01-23,40.36283,18.16925,,,LECCE,16:14
2019-01-24,40.36787,18.14442,1,,LECCE,03:00
2019-01-24,40.36378,18.16614,,4,LECCE,08:50
2019-01-24,40.36109,18.18731,,1,LECCE,11:30
2019-01-24,40.35821,18.16664,,,LECCE,13:30
2019-01-24,40.36219,18.17185,,1,LECCE,17:50
2019-01-26,40.34832,18.17318,,,LECCE,20:35
2019-01-27,40.34749,18.20612,,1,LECCE,21:10
2019-01-28,40.357,18.16424,,,LECCE,11:55
2019-01-28,40.34672,18.18129,,2,LECCE,13:30
2019-01-28,40.323,18.1866,,1,LECCE,18:10
2019-01-29,40.35361,18.16519,,1,LECCE,02:15
2019-01-29,40.3472,18.17954,,1,LECCE,11:20
2019-01-29,40.35987,18.16665,,1,LECCE,13:30
2019-01-30,40.34633,18.1834,,,LECCE,10:07
2019-01-30,40.34064,18.13048,,1,LECCE,17:10
2019-01-31,40.35116,18.18369,,,LECCE,13:15
2019-02-01,40.35293,18.18594,,,LECCE,09:10
2019-02-01,40.33688,18.17698,,1,LECCE,10:30
2019-02-01,40.35124,18.18063,,,LECCE,13:20
2019-02-01,40.36102,18.17018,,,LECCE,19:14
2019-02-02,40.35599,18.17454,,1,LECCE,08:10
2019-02-02,40.35465,18.16606,,,LECCE,12:15
2019-02-02,40.3301,18.16264,,1,LECCE,21:30
2019-02-02,40.3656,18.19624,,3,LECCE,23:50
2019-02-03,40.35086,18.18589,,1,LECCE,00:30
2019-02-03,40.34415,18.14465,,2,LECCE,12:50
2019-02-04,40.34569,18.16655,,,LECCE,20:00
2019-02-05,40.3532,18.18547,,,LECCE,09:50
2019-02-05,40.35928,18.11109,,1,LECCE,13:00
2019-02-05,40.34324,18.17345,,1,LECCE,17:40
2019-02-05,40.35126,18.17592,,,LECCE,21:00
2019-02-07,40.35106,18.16371,,,LECCE,19:50
2019-02-07,40.33472,18.19798,,1,LECCE,21:12
2019-02-08,40.35373,18.1856,,,LECCE,02:00
2019-02-08,40.36111,18.16968,,,LECCE,07:45
2019-02-08,40.34559,18.16673,,,LECCE,14:55
2019-02-08,40.36274,18.17518,,,LECCE,16:15
2019-02-09,40.36834,18.17218,,1,LECCE,16:00
2019-02-10,40.33119,18.16036,,,LECCE,05:25
2019-02-10,40.35308,18.17706,,1,LECCE,17:30
2019-02-12,40.36089,18.17744,,,LECCE,09:20
2019-02-12,40.34624,18.20499,,2,LECCE,10:00
2019-02-12,40.35921,18.16873,,,LECCE,12:05
2019-02-13,40.36099,18.16983,,,LECCE,08:20
2019-02-13,40.35595,18.19593,,,LECCE,11:00
2019-02-13,40.35537,18.17822,,1,LECCE,13:55
2019-02-13,40.36012,18.16936,,,LECCE,15:50
2019-02-13,40.36158,18.18817,,1,LECCE,21:00
2019-02-14,40.35871,18.17542,,,LECCE,11:40
2019-02-15,40.35426,18.16572,,,LECCE,02:10
2019-02-15,40.34685,18.18415,,,LECCE,09:40
2019-02-15,40.36881,18.2184,,1,LECCE,10:00
2019-02-15,40.33331,18.16225,,1,LECCE,12:20
2019-02-17,40.37823,18.26181,,2,LECCE,11:25
2019-02-18,40.35328,18.18102,,,LECCE,13:25
2019-02-18,40.34771,18.15535,,,LECCE,17:00
2019-02-19,40.36297,18.16788,,,LECCE,07:15
2019-02-19,40.35553,18.1795,,2,LECCE,12:30
2019-02-19,40.3547,18.15171,,1,LECCE,14:30
2019-02-19,40.35099,18.18794,,,LECCE,18:30
2019-02-20,40.3482,18.14486,,1,LECCE,18:15
2019-02-22,40.36937,18.15496,,,LECCE,20:15
2019-02-23,40.37496,18.1375,,1,LECCE,09:30
2019-02-23,40.37337,18.17633,,,LECCE,10:00
2019-02-24,40.34523,18.17151,,,LECCE,03:00
2019-02-25,40.34331,18.15927,,2,LECCE,04:00
2019-02-25,40.33513,18.16736,,1,LECCE,15:05
2019-02-26,40.32372,18.1889,,,LECCE,07:45
2019-02-26,40.3318,18.16471,,,LECCE,13:20
2019-02-26,40.34672,18.17089,,1,LECCE,18:58
2019-02-28,40.36643,18.16905,,2,LECCE,14:35
2019-03-01,40.34502,18.15863,,,LECCE,13:00
2019-03-01,40.34993,18.17514,,,LECCE,17:10
2019-03-02,40.35457,18.17966,,1,LECCE,12:15
2019-03-03,40.34748,18.17149,,,LECCE,22:55
2019-03-04,40.35792,18.18879,,,LECCE,12:00
2019-03-04,40.35425,18.16578,,,LECCE,15:00
2019-03-05,40.36005,18.17579,,2,LECCE,23:00
2019-03-06,40.35609,18.17564,,2,LECCE,16:10
2019-03-06,40.34425,18.14469,,,LECCE,18:00
2019-03-07,40.33234,18.13567,,1,LECCE,09:00
2019-03-07,40.35843,18.16834,,,LECCE,10:30
2019-03-07,40.35132,18.18183,,1,LECCE,17:20
2019-03-08,40.34089,18.17622,,1,LECCE,19:20
2019-03-08,40.3607,18.18648,,,LECCE,20:55
2019-03-11,40.34862,18.15805,,,LECCE,02:20
2019-03-11,40.35573,18.19141,,1,LECCE,13:00
2019-03-13,40.35483,18.13318,,,LECCE,08:00
2019-03-13,40.35891,18.17301,,1,LECCE,10:15
2019-03-14,40.35717,18.16759,,,LECCE,09:05
2019-03-14,40.35896,18.17367,,,LECCE,14:05
2019-03-15,40.36078,18.18071,,,LECCE,10:30
2019-03-16,40.34659,18.1838,,,LECCE,08:40
2019-03-16,40.34829,18.18504,,,LECCE,09:50
2019-03-16,40.34313,18.15919,,2,LECCE,13:00
2019-03-17,40.34142,18.16201,,,LECCE,01:00
2019-03-18,40.34684,18.18095,,,LECCE,12:35
2019-03-18,40.34341,18.17302,,1,LECCE,19:30
2019-03-19,40.36239,18.18128,,2,LECCE,20:20
2019-03-20,40.35087,18.15418,,1,LECCE,09:00
2019-03-20,40.36446,18.16726,,1,LECCE,12:00
2019-03-21,40.36236,18.16773,,,LECCE,09:20
2019-03-21,40.36446,18.21209,,1,LECCE,15:00
2019-03-21,40.35052,18.16352,,,LECCE,15:30
2019-03-21,40.3626,18.16741,,,LECCE,19:15
2019-03-22,40.34509,18.18198,,1,LECCE,02:30
2019-03-22,40.36133,18.17624,,,LECCE,13:10
2019-03-22,40.34986,18.18583,,1,LECCE,19:40
2019-03-23,40.36107,18.16945,,2,LECCE,08:45
2019-03-23,40.37825,18.26198,,2,LECCE,08:50
2019-03-23,40.35516,18.16064,,,LECCE,17:30
2019-03-24,40.36155,18.17092,,,LECCE,00:30
2019-03-26,40.3368,18.17674,,,LECCE,12:30
2019-03-27,40.37179,18.23809,,1,LECCE,06:30
2019-03-27,40.35377,18.19511,,2,LECCE,08:15
2019-03-27,40.35633,18.16709,,1,LECCE,10:43
2019-03-27,40.34868,18.16233,,1,LECCE,11:20
2019-03-27,40.35034,18.17393,,1,LECCE,11:50
2019-03-27,40.36706,18.17607,,,LECCE,13:50
2019-03-29,40.35504,18.18391,,1,LECCE,07:15
2019-03-29,40.34753,18.17878,,1,LECCE,16:15
2019-03-30,40.34958,18.15233,,2,LECCE,00:30
2019-03-31,40.3491,18.17808,,,LECCE,17:00
2019-04-01,40.45613,18.21165,,1,LECCE,19:00
2019-04-02,40.37781,18.16911,,1,LECCE,10:10
2019-04-03,40.35519,18.17633,,1,LECCE,13:10
2019-04-04,40.34751,18.17149,,1,LECCE,10:00
2019-04-04,40.34579,18.18343,,,LECCE,16:30
2019-04-04,40.35849,18.19477,,1,LECCE,19:55
2019-04-04,40.36117,18.17055,,1,LECCE,21:20
2019-04-05,40.36155,18.18028,,2,LECCE,08:20
2019-04-05,40.36153,18.16675,,1,LECCE,18:15
2019-04-05,40.35457,18.18087,,,LECCE,20:05
2019-04-06,40.357,18.16449,,1,LECCE,13:35
2019-04-06,40.34513,18.17371,,,LECCE,20:58
2019-04-07,40.35179,18.16157,,,LECCE,11:00
2019-04-07,40.35187,18.17866,,2,LECCE,23:25
2019-04-08,40.35186,18.17865,,1,LECCE,10:10
2019-04-08,40.3457,18.17165,,3,LECCE,15:20
2019-04-08,40.34323,18.17807,,2,LECCE,15:35
2019-04-09,40.34042,18.17662,,1,LECCE,08:10
2019-04-09,40.34934,18.16268,,,LECCE,18:45
2019-04-10,40.32271,18.18665,,,LECCE,07:40
2019-04-10,40.35771,18.19804,,,LECCE,08:30
2019-04-10,40.35535,18.18784,,2,LECCE,13:20
2019-04-10,40.34849,18.16117,,1,LECCE,14:30
2019-04-11,40.34431,18.15744,,1,LECCE,20:10
2019-04-12,40.36323,18.18533,,2,LECCE,09:20
2019-04-13,40.36364,18.1429,,1,LECCE,11:30
2019-04-13,40.3568,18.16753,,1,LECCE,17:30
2019-04-14,40.34966,18.16119,,,LECCE,09:30
2019-04-14,40.35103,18.14951,,,LECCE,11:05
2019-04-16,40.34698,18.15936,,,LECCE,17:45
2019-04-17,40.35215,18.18226,,1,LECCE,17:40
2019-04-17,40.35888,18.1668,,,LECCE,18:00
2019-04-18,40.36697,18.17692,,,LECCE,16:00
2019-04-19,40.35867,18.18291,,,LECCE,01:30
2019-04-19,40.35677,18.16252,,,LECCE,19:35
2019-04-20,40.36632,18.1692,,1,LECCE,10:45
2019-04-21,40.35326,18.15544,,1,LECCE,12:05
2019-04-21,40.36679,18.2199,,4,LECCE,19:00
2019-04-21,40.35513,18.17955,,,LECCE,20:35
2019-04-24,40.35432,18.16566,,,LECCE,01:35
2019-04-25,40.35468,18.17834,,2,LECCE,23:45
2019-04-27,40.32965,18.16355,,1,LECCE,14:30
2019-04-29,40.33761,18.15598,,2,LECCE,08:35
2019-04-29,40.35465,18.17828,,2,LECCE,13:10
2019-04-29,40.34896,18.17402,,1,LECCE,16:50
2019-04-30,40.35343,18.17746,,,LECCE,17:45
2019-05-02,40.35637,18.15685,,3,LECCE,08:00
2019-05-02,40.34409,18.17255,,,LECCE,18:15
2019-05-03,40.35458,18.17961,,,LECCE,20:50
2019-05-04,40.3517,18.17676,1,,LECCE,01:00
2019-05-05,40.35483,18.13318,,1,LECCE,00:25
2019-05-05,40.34043,18.18904,,2,LECCE,15:40
2019-05-06,40.33396,18.1652,,,LECCE,15:10
2019-05-06,40.35877,18.17309,,3,LECCE,15:40
2019-05-07,40.35636,18.18714,,1,LECCE,19:55
2019-05-08,40.34643,18.17096,,1,LECCE,09:15
2019-05-09,40.33805,18.17761,,1,LECCE,08:15
2019-05-09,40.34866,18.19391,,1,LECCE,12:55
2019-05-09,40.3599,18.17322,,1,LECCE,16:40
2019-05-10,40.33145,18.16747,,1,LECCE,13:20
2019-05-10,40.37656,18.15653,,1,LECCE,16:30
2019-05-11,40.35413,18.18215,,,LECCE,13:00
2019-05-11,40.35186,18.17864,,1,LECCE,14:45
2019-05-12,40.36607,18.18709,,,LECCE,11:05
2019-05-12,40.36523,18.17686,,,LECCE,12:00
2019-05-12,40.35368,18.18573,,4,LECCE,16:55
2019-05-13,40.36322,18.1669,,1,LECCE,13:20
2019-05-13,40.35139,18.18697,,,LECCE,14:30
2019-05-15,40.35066,18.17989,,2,LECCE,06:45
2019-05-15,40.34712,18.15357,,,LECCE,15:00
2019-05-15,40.34338,18.1252,,3,LECCE,20:30
2019-05-16,40.38544,18.10597,,1,LECCE,08:20
2019-05-16,40.34553,18.17447,,1,LECCE,15:35
2019-05-16,40.32592,18.16303,,,LECCE,18:30
2019-05-16,40.3543,18.16558,,,LECCE,21:05
2019-05-17,40.40076,18.11007,,2,LECCE,07:00
2019-05-17,40.36187,18.15319,,1,LECCE,15:10
2019-05-17,40.3552,18.17632,,1,LECCE,16:50
2019-05-17,40.3544,18.17635,,2,LECCE,19:15
2019-05-17,40.34833,18.17636,,1,LECCE,19:55
2019-05-18,40.34147,18.13368,,,LECCE,10:00
2019-05-18,40.3537,18.17743,,1,LECCE,15:15
2019-05-20,40.35639,18.16833,,,LECCE,08:05
2019-05-20,40.38524,18.10716,,2,LECCE,08:30
2019-05-20,40.35496,18.18296,,,LECCE,14:45
2019-05-21,40.35122,18.16381,,,LECCE,08:05
2019-05-21,40.3446,18.18274,,1,LECCE,11:45
2019-05-21,40.34806,18.18391,,1,LECCE,16:00
2019-05-21,40.352,18.186,,1,LECCE,19:00
2019-05-21,40.34395,18.17508,,,LECCE,19:25
2019-05-22,40.35677,18.16734,,1,LECCE,15:05
2019-05-22,40.35242,18.19067,,1,LECCE,19:00
2019-05-23,40.35476,18.15173,,,LECCE,07:55
2019-05-23,40.3587,18.16671,,1,LECCE,08:10
2019-05-23,40.35085,18.18577,,1,LECCE,09:00
2019-05-24,40.3626,18.18134,,1,LECCE,09:05
2019-05-24,40.36066,18.1699,,,LECCE,22:00
2019-05-25,40.35406,18.18515,,3,LECCE,17:10
2019-05-25,40.36155,18.17092,,2,LECCE,20:45
2019-05-25,40.35098,18.15543,,,LECCE,22:50
2019-05-27,40.35264,18.18024,,1,LECCE,08:50
2019-05-27,40.35993,18.16685,,1,LECCE,13:10
2019-05-27,40.36445,18.14664,,1,LECCE,19:05
2019-05-28,40.3617,18.17905,,1,LECCE,08:20
2019-05-28,40.3386,18.16237,,2,LECCE,13:35
2019-05-28,40.35092,18.18605,,,LECCE,16:55
2019-05-29,40.34795,18.17338,,5,LECCE,14:15
2019-05-29,40.36432,18.18517,,3,LECCE,23:25
2019-05-30,40.35583,18.19468,,1,LECCE,10:36
2019-05-30,40.35618,18.13258,,,LECCE,17:00
2019-05-30,40.34786,18.17765,,1,LECCE,19:15
2019-05-31,40.3557,18.16485,,2,LECCE,10:30
2019-05-31,40.34315,18.15919,,2,LECCE,12:00
2019-05-31,40.39508,18.21653,,,LECCE,17:00
2019-05-31,40.37077,18.15127,,2,LECCE,19:45
2019-06-01,40.35094,18.20879,,1,LECCE,15:30
2019-06-02,40.37274,18.14883,,1,LECCE,19:45
2019-06-03,40.35361,18.16519,,2,LECCE,10:00
2019-06-03,40.3542,18.15879,,1,LECCE,19:00
2019-06-04,40.35073,18.1823,,3,LECCE,13:40
2019-06-05,40.350977,18.169651,,,LECCE,10:30
2019-06-05,40.35062,18.16352,,,LECCE,12:07
2019-06-05,40.36505,18.20904,,,LECCE,19:15
2019-06-06,40.35728,18.16657,,,LECCE,18:43
2019-06-08,40.36658,18.20087,,1,LECCE,14:10
2019-06-08,40.3426,18.17568,,1,LECCE,16:15
2019-06-09,40.34662,18.18126,,,LECCE,08:05
2019-06-09,40.467544,18.192275,,,LECCE,17:15
2019-06-10,40.34722,18.17173,,,LECCE,12:45
2019-06-10,40.35063,18.16351,,1,LECCE,16:50
2019-06-11,40.3531,18.17703,,,LECCE,19:00
2019-06-13,40.34964,18.1619,,,LECCE,02:30
2019-06-13,40.34728,18.16086,,1,LECCE,15:10
2019-06-13,40.36278,18.17521,,,LECCE,16:30
2019-06-13,40.34764,18.18175,,,LECCE,20:30
2019-06-14,40.33964,18.16501,,2,LECCE,09:40
2019-06-14,40.35187,18.179,,2,LECCE,17:30
2019-06-14,40.3578,18.19129,,,LECCE,23:00
2019-06-15,40.35059,18.16359,,,LECCE,02:25
2019-06-16,40.36253,18.20514,,,LECCE,01:10
2019-06-17,40.36089,18.18052,,,LECCE,07:20
2019-06-17,40.36478,18.17073,,2,LECCE,11:30
2019-06-17,40.36742,18.18454,,,LECCE,20:00
2019-06-18,40.36278,18.17521,,1,LECCE,08:15
2019-06-18,40.35185,18.17866,,1,LECCE,16:00
2019-06-18,40.33899,18.17721,,1,LECCE,19:00
2019-06-19,40.36362,18.20866,,1,LECCE,09:15
2019-06-19,40.37523,18.16951,,2,LECCE,19:00
2019-06-20,40.36076,18.16978,,,LECCE,10:05
2019-06-20,40.3908,18.21973,,3,LECCE,18:40
2019-06-21,40.34662,18.16647,,,LECCE,11:15
2019-06-21,40.343,18.17791,,,LECCE,20:05
2019-06-22,40.34624,18.20499,,1,LECCE,00:30
2019-06-22,40.36325,18.16685,,,LECCE,18:35
2019-06-24,40.366558,18.20078,,2,LECCE,00:05
2019-06-24,40.34788,18.17761,,1,LECCE,18:05
2019-06-26,40.35418,18.17394,,1,LECCE,11:00
2019-06-26,40.36257,18.16726,,,LECCE,14:02
2019-06-27,40.38604,18.10236,,4,LECCE,08:45
2019-06-27,40.346465,18.189208,,1,LECCE,09:30
2019-06-27,40.34781,18.18477,,,LECCE,11:00
2019-06-28,40.39192,18.11113,,,LECCE,09:00
2019-06-29,40.43174,18.17835,,2,LECCE,00:45
2019-06-29,40.36251,18.1773,,1,LECCE,10:06
2019-06-29,40.36235,18.19678,,,LECCE,13:45
2019-06-29,40.37679,18.16929,,1,LECCE,15:00
2019-06-30,40.34798,18.17017,,,LECCE,09:05
2019-07-01,40.3638,18.20005,,1,LECCE,07:57
2019-07-01,40.33928,18.12942,,2,LECCE,09:40
2019-07-01,40.3558,18.19464,,1,LECCE,10:30
2019-07-01,40.36238,18.17661,,3,LECCE,12:30
2019-07-02,40.3524,18.19084,,1,LECCE,21:00
2019-07-04,40.3562,18.17528,,1,LECCE,17:10
2019-07-06,40.36065,18.18658,,1,LECCE,00:55
2019-07-07,40.38742,18.29638,,2,LECCE,13:45
2019-07-07,40.34912,18.17287,,1,LECCE,21:00
2019-07-08,40.41264,18.20242,,1,LECCE,13:00
2019-07-08,40.35283,18.1811,,,LECCE,13:30
2019-07-09,40.35361,18.16519,,,LECCE,14:45
2019-07-11,40.3436,18.17375,,1,LECCE,09:45
2019-07-11,40.39194,18.29715,,1,LECCE,19:30
2019-07-12,40.35315,18.21415,,2,LECCE,03:45
2019-07-12,40.35505,18.18509,,,LECCE,10:50
2019-07-12,40.362983,18.174029,,,LECCE,20:06
2019-07-12,40.34394,18.17509,,1,LECCE,21:35
2019-07-13,40.36244,18.15796,,2,LECCE,18:55
2019-07-14,40.37153,18.23709,,2,LECCE,04:35
2019-07-14,40.35944,18.18468,,1,LECCE,09:30
2019-07-14,40.38987,18.30479,,1,LECCE,11:40
2019-07-15,40.34449,18.15712,,,LECCE,10:30
2019-07-15,40.34863,18.17359,,,LECCE,11:05
2019-07-15,40.35712,18.18901,,,LECCE,17:20
2019-07-15,40.36234,18.17659,,,LECCE,22:30
2019-07-16,40.35124,18.18063,,2,LECCE,14:40
2019-07-16,40.33288,18.13256,,2,LECCE,19:15
2019-07-17,40.35379,18.18527,,,LECCE,16:50
2019-07-18,40.35005,18.17376,,,LECCE,19:50
2019-07-19,40.34967,18.16121,,2,LECCE,04:00
2019-07-19,40.35428,18.18879,,3,LECCE,18:20
2019-07-20,40.358568,18.193523,,1,LECCE,08:25
2019-07-20,40.35624,18.19971,,1,LECCE,09:10
2019-07-20,40.36303,18.20053,,1,LECCE,19:00
2019-07-21,40.35285,18.18108,,1,LECCE,20:20
2019-07-22,40.36596,18.20404,,1,LECCE,08:30
2019-07-22,40.381768,18.20198,,5,LECCE,09:30
2019-07-22,40.357,18.16449,,1,LECCE,17:30
2019-07-23,40.35315,18.16166,,1,LECCE,23:00
2019-07-24,40.466995,18.194361,,,LECCE,01:15
2019-07-24,40.35118,18.1639,,1,LECCE,11:00
2019-07-24,40.36324,18.19625,,2,LECCE,18:00
2019-07-24,40.33145,18.19773,,1,LECCE,20:50
2019-07-25,40.37122,18.17823,,4,LECCE,02:30
2019-07-25,40.36114,18.18006,,1,LECCE,10:05
2019-07-26,40.46825,18.1821,,,LECCE,07:45
2019-07-26,40.35546,18.15882,,,LECCE,10:15
2019-07-26,40.35384,18.17975,,,LECCE,10:45
2019-07-26,40.35773,18.16499,,,LECCE,23:30
2019-07-27,40.35443,18.16524,,,LECCE,05:07
2019-07-27,40.47787,18.16717,,4,LECCE,14:50
2019-07-29,40.34725,18.16922,,1,LECCE,16:15
2019-07-31,40.35404,18.18543,,,LECCE,07:55
2019-08-01,40.363988,18.166103,,,LECCE,10:15
2019-08-02,40.34623,18.17073,,1,LECCE,13:22
2019-08-02,40.35946,18.20248,,3,LECCE,18:45
2019-08-03,40.36256,18.18628,,,LECCE,16:40
2019-08-04,40.34457,18.14641,,,LECCE,00:40
2019-08-04,40.37833,18.13564,,2,LECCE,02:30
2019-08-04,40.35855,18.19359,,,LECCE,18:20
2019-08-05,40.34425,18.17247,,3,LECCE,09:40
2019-08-05,40.34819,18.16539,,,LECCE,17:45
2019-08-06,40.35318,18.15626,,1,LECCE,18:40
2019-08-07,40.35772,18.15883,,,LECCE,22:30
2019-08-08,40.34896,18.17402,,,LECCE,07:20
2019-08-08,40.36073,18.18648,,1,LECCE,21:00
2019-08-08,40.34817,18.17686,,2,LECCE,22:45
2019-08-09,40.36263,18.16872,,,LECCE,10:15
2019-08-09,40.34733,18.18685,,1,LECCE,18:20
2019-08-10,40.35776,18.19129,,1,LECCE,08:45
2019-08-10,40.37833,18.26184,,2,LECCE,10:10
2019-08-10,40.35699,18.15585,,1,LECCE,12:30
2019-08-10,40.34153,18.21548,,1,LECCE,16:50
2019-08-10,40.35905,18.17293,,4,LECCE,20:35
2019-08-11,40.36814,18.14496,,,LECCE,11:25
2019-08-11,40.36491,18.0726,,1,LECCE,19:00
2019-08-11,40.34709,18.18383,,,LECCE,22:15
2019-08-13,40.3556,18.19154,,1,LECCE,08:05
2019-08-13,40.35865,18.19138,,1,LECCE,09:30
2019-08-13,40.38735,18.30405,,2,LECCE,18:15
2019-08-13,40.38727,18.30397,,,LECCE,18:50
2019-08-14,40.35844,18.18308,,1,LECCE,11:15
2019-08-14,40.34009,18.13591,,1,LECCE,16:50
2019-08-14,40.35523,18.17773,,1,LECCE,18:00
2019-08-16,40.34644,18.18939,,,LECCE,13:30
2019-08-17,40.35775,18.16788,,,LECCE,20:10
2019-08-18,40.34468,18.18091,,1,LECCE,05:00
2019-08-19,40.48864,18.10056,,2,LECCE,06:40
2019-08-19,40.3516,18.17472,,,LECCE,22:25
2019-08-20,40.347486,18.171478,,,LECCE,13:50
2019-08-20,40.35283,18.1811,,1,LECCE,13:57
2019-08-20,40.34357,18.17312,,,LECCE,20:00
2019-08-20,40.36235,18.16987,,1,LECCE,22:30
2019-08-21,40.35685,18.16739,,,LECCE,23:16
2019-08-22,40.34589,18.18329,,2,LECCE,13:10
2019-08-22,40.39442,18.17067,,3,LECCE,14:25
2019-08-23,40.35468,18.18521,,,LECCE,16:15
2019-08-24,40.34343,18.17864,,1,LECCE,04:45
2019-08-24,40.3552,18.17632,,,LECCE,19:00
2019-08-26,40.34702,18.16696,,,LECCE,13:30
2019-08-27,40.36074,18.16978,,,LECCE,10:20
2019-08-27,40.36178,18.16883,,,LECCE,11:06
2019-08-27,40.36079,18.17029,,,LECCE,18:30
2019-08-28,40.36222,18.17705,,,LECCE,08:40
2019-08-28,40.35619,18.17539,,1,LECCE,11:40
2019-08-28,40.32625,18.15145,,1,LECCE,13:20
2019-08-29,40.35167,18.181,,,LECCE,03:00
2019-08-29,40.34789,18.15992,,1,LECCE,12:30
2019-08-30,40.35016,18.16224,,,LECCE,02:20
2019-08-30,40.35867,18.18027,,1,LECCE,11:15
2019-08-30,40.36434,18.20191,,2,LECCE,19:30
2019-08-30,40.34748,18.1715,,,LECCE,23:15
2019-08-31,40.34824,18.18298,,1,LECCE,09:15
2019-08-31,40.34733,18.16087,,1,LECCE,14:10
2019-09-01,40.357,18.16449,,2,LECCE,01:44
2019-09-02,40.34519,18.20005,,,LECCE,03:00
2019-09-02,40.35351,18.17414,,1,LECCE,10:39
2019-09-02,40.33646,18.19141,,1,LECCE,16:50
2019-09-02,40.34816,18.17718,,,LECCE,22:15
2019-09-03,40.3656,18.19982,,1,LECCE,08:40
2019-09-03,40.3431,18.15916,,,LECCE,15:40
2019-09-04,40.35037,18.17837,,1,LECCE,11:30
2019-09-04,40.36581,18.16026,1,,LECCE,20:00
2019-09-05,40.33648,18.15558,,1,LECCE,07:00
2019-09-05,40.35364,18.17653,,,LECCE,20:25
2019-09-06,40.34622,18.19006,,,LECCE,07:30
2019-09-06,40.34788,18.17762,,3,LECCE,20:20
2019-09-07,40.36207,18.17959,,,LECCE,13:07
2019-09-07,40.34531,18.14807,,1,LECCE,14:30
2019-09-09,40.34134,18.20286,,1,LECCE,02:15
2019-09-09,40.32627,18.14927,,,LECCE,09:05
2019-09-09,40.3475,18.17149,,1,LECCE,16:45
2019-09-09,40.35387,18.18485,,1,LECCE,20:00
2019-09-10,40.34032,18.16546,,,LECCE,09:40
2019-09-10,40.3537,18.16478,,1,LECCE,17:00
2019-09-13,40.36239,18.1813,,1,LECCE,20:00
2019-09-15,40.35184,18.16431,,1,LECCE,18:10
2019-09-15,40.35574,18.18465,,1,LECCE,23:25
2019-09-17,40.34659,18.18924,,1,LECCE,11:15
2019-09-18,40.35085,18.1858,,,LECCE,21:45
2019-09-19,40.35975,18.16904,,,LECCE,14:35
2019-09-20,40.36392,18.17662,,2,LECCE,08:15
2019-09-20,40.36239,18.18128,,2,LECCE,08:35
2019-09-21,40.3465,18.15415,,1,LECCE,09:40
2019-09-21,40.36059,18.18662,,2,LECCE,09:45
2019-09-21,40.35583,18.18135,,1,LECCE,19:15
2019-09-22,40.34834,18.15716,,,LECCE,19:55
2019-09-22,40.34939,18.1619,,1,LECCE,23:10
2019-09-23,40.36416,18.20173,,2,LECCE,13:25
2019-09-23,40.36054,18.16965,,1,LECCE,21:05
2019-09-23,40.349,18.16627,,1,LECCE,22:44
2019-09-24,40.36917,18.17317,,1,LECCE,12:00
2019-09-24,40.35853,18.19484,,,LECCE,16:40
2019-09-25,40.33155,18.16059,,1,LECCE,08:45
2019-09-25,40.34438,18.1701,,,LECCE,14:20
2019-09-25,40.34445,18.17403,,2,LECCE,16:05
2019-09-25,40.35187,18.17865,,3,LECCE,20:10
2019-09-26,40.3609,18.18626,,,LECCE,13:45
2019-09-26,40.34801,18.16982,,,LECCE,17:00
2019-09-30,40.38726,18.17691,,2,LECCE,07:45
2019-09-30,40.32857,18.18353,,,LECCE,19:45
2019-10-01,40.34142,18.13825,,5,LECCE,13:00
2019-10-01,40.3644,18.16524,,,LECCE,17:10
2019-10-02,40.35214,18.18119,,1,LECCE,11:55
2019-10-02,40.35965,18.17225,,2,LECCE,16:05
2019-10-02,40.33742,18.1934,,1,LECCE,19:40
2019-10-02,40.35666,18.17427,,1,LECCE,22:35
2019-10-03,40.35284,18.18109,,,LECCE,13:50
2019-10-03,40.36712,18.18893,,2,LECCE,18:50
2019-10-04,40.35924,18.07848,,1,LECCE,09:05
2019-10-04,40.38501,18.15733,,1,LECCE,14:25
2019-10-04,40.34056,18.17266,,,LECCE,15:10
2019-10-05,40.3492,18.14516,,1,LECCE,09:30
2019-10-05,40.34276,18.15992,,2,LECCE,11:50
2019-10-07,40.353983,18.180929,,,LECCE,00:25
2019-10-07,40.35383,18.19496,,1,LECCE,20:15
2019-10-08,40.3614,18.18784,,1,LECCE,09:30
2019-10-08,40.37788,18.15052,,,LECCE,12:45
2019-10-08,40.36253,18.19782,,2,LECCE,15:35
2019-10-08,40.35599,18.18481,,,LECCE,17:25
2019-10-10,40.34664,18.16645,,3,LECCE,06:25
2019-10-10,40.36238,18.17656,,1,LECCE,12:50
2019-10-10,40.34788,18.17191,,2,LECCE,14:05
2019-10-10,40.35439,18.17631,,1,LECCE,23:15
2019-10-12,40.35218,18.18939,,1,LECCE,18:30
2019-10-12,40.34697,18.16939,,1,LECCE,23:40
2019-10-13,40.40055,18.11055,,2,LECCE,20:10
2019-10-14,40.35246,18.17415,,1,LECCE,11:40
2019-10-14,40.37027,18.17764,,3,LECCE,12:00
2019-10-14,40.36112,18.18013,,,LECCE,14:35
2019-10-15,40.35321,18.18759,,,LECCE,18:05
2019-10-16,40.36302,18.18022,,1,LECCE,08:05
2019-10-16,40.34513,18.17715,,,LECCE,12:40
2019-10-16,40.34295,18.1772,,1,LECCE,21:30
2019-10-17,40.3475,18.17149,,2,LECCE,12:50
2019-10-18,40.35077,18.16333,,1,LECCE,16:20
2019-10-19,40.35589,18.17616,,,LECCE,22:00
2019-10-20,40.34246,18.18726,,3,LECCE,15:30
2019-10-21,40.3406,18.12563,,2,LECCE,04:45
2019-10-21,40.3464,18.18224,,1,LECCE,10:30
2019-10-22,40.35592,18.19592,,,LECCE,13:30
2019-10-22,40.3635,18.17288,,1,LECCE,16:30
2019-10-23,40.34786,18.17048,,1,LECCE,16:45
2019-10-23,40.3669,18.19555,,1,LECCE,17:50
2019-10-24,40.35266,18.17798,,,LECCE,12:15
2019-10-25,40.32275,18.18622,,2,LECCE,13:45
2019-10-25,40.36422,18.19233,,1,LECCE,16:15
2019-10-26,40.35666,18.17435,,,LECCE,10:30
2019-10-27,40.35922,18.16647,,,LECCE,09:00
2019-10-27,40.35291,18.18916,,2,LECCE,16:15
2019-10-28,40.35458,18.17961,,4,LECCE,12:20
2019-10-28,40.34307,18.16975,,2,LECCE,17:45
2019-10-28,40.35611,18.19589,,1,LECCE,19:30
2019-10-29,40.32871,18.1516,,1,LECCE,10:00
2019-10-29,40.35709,18.15395,,2,LECCE,10:40
2019-10-29,40.35302,18.17985,,,LECCE,10:45
2019-10-30,40.35269,18.17982,,2,LECCE,08:05
2019-10-30,40.3724,18.1598,,1,LECCE,08:05
2019-10-30,40.34398,18.15787,,,LECCE,08:20
2019-10-30,40.34284,18.17638,,,LECCE,10:50
2019-10-30,40.34633,18.1834,,1,LECCE,13:20
2019-10-30,40.36284,18.16738,,,LECCE,15:00
2019-10-30,40.36636,18.1618,,5,LECCE,17:00
2019-10-30,40.36153,18.17088,,,LECCE,19:00
2019-10-31,40.35073,18.1823,,1,LECCE,10:10
2019-10-31,40.36124,18.17301,,2,LECCE,15:30
2019-10-31,40.34104,18.17632,,1,LECCE,21:00
2019-11-01,40.34504,18.14412,,,LECCE,14:55
2019-11-02,40.34319,18.17779,,1,LECCE,01:20
2019-11-02,40.36147,18.16951,,,LECCE,07:55
2019-11-02,40.36108,18.17991,,,LECCE,19:00
2019-11-04,40.35877,18.18274,,,LECCE,12:40
2019-11-05,40.38473,18.17146,,1,LECCE,16:30
2019-11-05,40.34869,18.16231,,1,LECCE,17:40
2019-11-06,40.35717,18.17247,,1,LECCE,01:10
2019-11-06,40.34928,18.13934,,1,LECCE,09:00
2019-11-07,40.33648,18.17468,,1,LECCE,10:45
2019-11-07,40.34623,18.20499,,1,LECCE,11:00
2019-11-07,40.36441,18.16533,,,LECCE,12:00
2019-11-07,40.33537,18.13005,,1,LECCE,14:10
2019-11-09,40.35747,18.16222,,1,LECCE,11:30
2019-11-10,40.33833,18.15658,,2,LECCE,20:51
2019-11-10,40.36383,18.20018,,5,LECCE,23:55
2019-11-11,40.36017,18.15808,,2,LECCE,15:30
2019-11-12,40.35811,18.16339,,,LECCE,17:30
2019-11-13,40.33132,18.15814,,,LECCE,04:00
2019-11-13,40.35915,18.16248,,1,LECCE,08:10
2019-11-13,40.34692,18.16686,,1,LECCE,12:30
2019-11-13,40.36277,18.16967,,,LECCE,13:45
2019-11-13,40.35803,18.19216,1,,LECCE,17:05
2019-11-14,40.34293,18.17711,,,LECCE,15:45
2019-11-14,40.35736,18.17391,,1,LECCE,16:15
2019-11-16,40.35374,18.18559,,,LECCE,09:50
2019-11-16,40.35728,18.17387,,,LECCE,10:40
2019-11-17,40.36538,18.14356,,7,LECCE,16:20
2019-11-17,40.35238,18.18588,,,LECCE,17:30
2019-11-17,40.36365,18.18724,,1,LECCE,19:40
2019-11-18,40.34462,18.15684,,1,LECCE,08:05
2019-11-18,40.35297,18.17669,,1,LECCE,12:05
2019-11-19,40.35483,18.13318,,1,LECCE,16:17
2019-11-20,40.35489,18.13312,,,LECCE,08:05
2019-11-20,40.357,18.16449,,,LECCE,08:15
2019-11-20,40.34489,18.17089,,,LECCE,11:10
2019-11-21,40.34777,18.17801,,3,LECCE,10:50
2019-11-22,40.34363,18.17263,,1,LECCE,13:50
2019-11-22,40.38145,18.21887,,2,LECCE,16:25
2019-11-23,40.349,18.16881,,,LECCE,06:00
2019-11-23,40.34868,18.16455,,1,LECCE,20:25
2019-11-25,40.3444,18.17218,,,LECCE,08:30
2019-11-25,40.34298,18.17793,,2,LECCE,14:20
2019-11-25,40.35891,18.19375,,1,LECCE,17:20
2019-11-25,40.35099,18.18604,,,LECCE,19:30
2019-11-26,40.36023,18.1822,,1,LECCE,09:00
2019-11-26,40.34526,18.19662,,1,LECCE,11:45
2019-11-26,40.33431,18.13167,,,LECCE,13:00
2019-11-27,40.34658,18.18379,,1,LECCE,17:35
2019-11-28,40.3644,18.16523,,,LECCE,11:35
2019-11-28,40.33696,18.19924,,2,LECCE,15:25
2019-11-28,40.35458,18.17961,,1,LECCE,21:15
2019-11-29,40.36044,18.16933,,,LECCE,01:10
2019-11-29,40.34909,18.18144,,,LECCE,16:15
2019-11-29,40.3475,18.17149,,,LECCE,18:35
2019-11-29,40.35441,18.17639,,,LECCE,22:22
2019-11-30,40.35942,18.16029,,,LECCE,00:30
2019-11-30,40.34796,18.17338,,2,LECCE,21:20
2019-12-01,40.36376,18.17178,,1,LECCE,12:15
2019-12-01,40.36868,18.14535,,,LECCE,17:15
2019-12-02,40.34483,18.15634,,1,LECCE,19:10
2019-12-03,40.3437,18.17903,,,LECCE,00:10
2019-12-03,40.35697,18.16724,,1,LECCE,09:30
2019-12-04,40.35713,18.18902,,1,LECCE,08:05
2019-12-04,40.3509,18.17932,,1,LECCE,16:23
2019-12-05,40.34901,18.16628,,,LECCE,17:45
2019-12-06,40.36433,18.16427,,,LECCE,02:40
2019-12-06,40.35177,18.17676,,1,LECCE,10:12
2019-12-06,40.34896,18.17402,,1,LECCE,10:20
2019-12-06,40.36018,18.18134,,1,LECCE,20:00
2019-12-07,40.35287,18.1741,,,LECCE,12:00
2019-12-08,40.35507,18.17666,,2,LECCE,13:25
2019-12-08,40.34846,18.16116,,1,LECCE,18:50
2019-12-09,40.35288,18.18591,,,LECCE,09:07
2019-12-10,40.36458,18.14605,,,LECCE,07:45
2019-12-11,40.34616,18.19021,,3,LECCE,17:20
2019-12-11,40.35378,18.17937,,,LECCE,17:20
2019-12-11,40.34833,18.15945,,1,LECCE,23:30
2019-12-12,40.3515,18.20742,,,LECCE,13:00
2019-12-12,40.35404,18.18543,,1,LECCE,17:50
2019-12-13,40.36725,18.14437,,,LECCE,02:30
2019-12-13,40.36286,18.15053,,,LECCE,07:30
2019-12-14,40.35606,18.17488,,,LECCE,18:15
2019-12-15,40.42735,18.24345,,,LECCE,16:50
2019-12-15,40.36135,18.17048,,1,LECCE,20:40
2019-12-16,40.35653,18.18391,,1,LECCE,12:25
2019-12-16,40.34831,18.17328,,2,LECCE,13:00
2019-12-16,40.35119,18.12438,,1,LECCE,18:00
2019-12-17,40.34644,18.17054,,,LECCE,10:50
2019-12-17,40.35425,18.16562,,,LECCE,12:45
2019-12-18,40.34502,18.18209,,,LECCE,08:25
2019-12-18,40.34624,18.20499,,1,LECCE,11:50
2019-12-20,40.47604,18.08694,,1,LECCE,07:50
2019-12-20,40.35032,18.18458,,2,LECCE,17:45
2019-12-21,40.34827,18.1732,,1,LECCE,18:20
2019-12-22,40.36263,18.16872,,1,LECCE,21:10
2019-12-23,40.34789,18.15992,,1,LECCE,11:50
2019-12-24,40.36201,18.20534,,,LECCE,11:10
2019-12-25,40.34357,18.17312,,1,LECCE,13:20
2019-12-25,40.36024,18.20512,,1,LECCE,18:25
2019-12-27,40.34145,18.15562,,,LECCE,09:45
2019-12-27,40.35366,18.18097,,,LECCE,17:40
2019-12-28,40.34053,18.12551,,,LECCE,13:15
2019-12-29,40.35465,18.17827,,,LECCE,01:00
2019-12-29,40.36571,18.14243,,,LECCE,22:35
2019-12-30,40.34134,18.17585,,1,LECCE,11:20
2019-12-30,40.36064,18.15655,,2,LECCE,15:30
2019-12-30,40.33965,18.17873,,,LECCE,21:30
2020-01-01,40.36573,18.19991,,4,LECCE,01:40
2020-01-02,40.35728,18.17393,,,LECCE,10:15
2020-01-03,40.34912,18.17287,,,LECCE,19:40
2020-01-05,40.35591,18.1757,,1,LECCE,08:30
2020-01-06,40.36066,18.1699,,1,LECCE,11:25
2020-01-06,40.34095,18.20137,,,LECCE,20:00
2020-01-06,40.34548,18.20437,,2,LECCE,20:20
2020-01-07,40.36588,18.16279,,2,LECCE,10:35
2020-01-07,40.35513,18.16726,,4,LECCE,11:25
2020-01-07,40.36018,18.18134,,1,LECCE,13:00
2020-01-07,40.35283,18.18445,,,LECCE,20:25
2020-01-08,40.36386,18.20002,,1,LECCE,14:30
2020-01-10,40.34558,18.15821,,1,LECCE,13:15
2020-01-11,40.36221,18.17208,,2,LECCE,17:08
2020-01-11,40.35857,18.19629,,,LECCE,22:40
2020-01-13,40.36851,18.21897,,2,LECCE,13:15
2020-01-13,40.36157,18.18534,,,LECCE,14:15
2020-01-14,40.33558,18.16745,,1,LECCE,07:40
2020-01-14,40.35073,18.1823,,,LECCE,09:20
2020-01-14,40.34575,18.16643,,,LECCE,18:05
2020-01-15,40.33905,18.1842,,1,LECCE,18:30
2020-01-15,40.36146,18.1699,,1,LECCE,20:30
2020-01-16,40.37903,18.26432,,1,LECCE,18:05
2020-01-16,40.36191,18.17857,,,LECCE,21:50
2020-01-17,40.34522,18.18249,,1,LECCE,02:20
2020-01-17,40.34086,18.13767,,2,LECCE,06:30
2020-01-17,40.34663,18.18124,,,LECCE,09:30
2020-01-17,40.35877,18.19143,,1,LECCE,09:45
2020-01-17,40.33183,18.16777,,,LECCE,15:35
2020-01-17,40.35661,18.1654,,3,LECCE,17:40
2020-01-18,40.3736,18.15003,,1,LECCE,12:00
2020-01-18,40.35655,18.16077,,,LECCE,14:30
2020-01-19,40.34304,18.17784,,1,LECCE,11:15
2020-01-19,40.34624,18.20499,,1,LECCE,17:35
2020-01-19,40.34624,18.20499,,1,LECCE,20:00
2020-01-20,40.3475,18.17149,,1,LECCE,05:50
2020-01-20,40.34506,18.17542,,,LECCE,13:40
2020-01-20,40.35483,18.13318,,1,LECCE,15:50
2020-01-20,40.36441,18.14636,,,LECCE,17:55
2020-01-21,40.35858,18.13243,,,LECCE,08:15
2020-01-21,40.36013,18.1048,,4,LECCE,16:10
2020-01-21,40.35581,18.18136,,,LECCE,19:25
2020-01-22,40.3568,18.17076,,,LECCE,00:00
2020-01-22,40.34335,18.17304,,1,LECCE,12:50
2020-01-23,40.35921,18.1665,,,LECCE,11:20
2020-01-23,40.36356,18.19827,,,LECCE,20:15
2020-01-24,40.35469,18.17387,,,LECCE,11:35
2020-01-25,40.35051,18.17409,,,LECCE,20:45
2020-01-26,40.35536,18.17087,,,LECCE,02:10
2020-01-26,40.34666,18.16646,,1,LECCE,16:45
2020-01-27,40.36251,18.16733,,1,LECCE,12:55
2020-01-28,40.35124,18.18197,,,LECCE,15:10
2020-01-28,40.34456,18.17007,,1,LECCE,18:35
2020-01-29,40.34591,18.18327,,1,LECCE,09:00
2020-01-29,40.35325,18.17974,,1,LECCE,12:20
2020-01-30,40.3457,18.18331,,1,LECCE,07:30
2020-01-30,40.36125,18.17081,,1,LECCE,11:00
2020-01-30,40.36048,18.18068,,,LECCE,14:35
2020-01-31,40.34679,18.17007,,,LECCE,07:25
2020-01-31,40.34974,18.17496,,,LECCE,09:25
2020-01-31,40.34791,18.17184,,1,LECCE,17:20
2020-02-01,40.35063,18.16351,,1,LECCE,08:30
2020-02-01,40.34878,18.17499,,1,LECCE,17:10
2020-02-01,40.36643,18.15924,,,LECCE,19:05
2020-02-01,40.37643,18.16119,,2,LECCE,23:15
2020-02-03,40.34371,18.17281,,1,LECCE,12:10
2020-02-04,40.34886,18.17265,,1,LECCE,10:40
2020-02-04,40.35073,18.1823,,2,LECCE,15:10
2020-02-05,40.35741,18.17724,,,LECCE,15:30
2020-02-06,40.33665,18.17501,,2,LECCE,07:55
2020-02-06,40.33652,18.17527,,1,LECCE,08:40
2020-02-06,40.33983,18.16476,,,LECCE,18:10
2020-02-06,40.35157,18.27439,,1,LECCE,21:20
2020-02-07,40.34599,18.1918,,1,LECCE,08:15
2020-02-07,40.36498,18.14453,,2,LECCE,12:00
2020-02-07,40.3365,18.17271,,1,LECCE,13:10
2020-02-07,40.3524,18.16466,,,LECCE,16:20
2020-02-09,40.35543,18.17818,,,LECCE,21:05
2020-02-10,40.35936,18.11338,,1,LECCE,07:20
2020-02-10,40.36196,18.1886,,1,LECCE,12:10
2020-02-10,40.36018,18.18134,,,LECCE,12:27
2020-02-10,40.36081,18.17027,,,LECCE,14:10
2020-02-10,40.34459,18.1944,,4,LECCE,16:05
2020-02-10,40.35502,18.18352,,1,LECCE,20:45
2020-02-11,40.36498,18.14453,,,LECCE,08:20
2020-02-11,40.35152,18.17502,,1,LECCE,08:25
2020-02-11,40.34698,18.15316,,,LECCE,13:50
2020-02-11,40.35661,18.19143,,1,LECCE,16:25
2020-02-11,40.38273,18.19881,,2,LECCE,18:20
2020-02-13,40.3431,18.15912,,,LECCE,16:55
2020-02-14,40.35483,18.13318,,,LECCE,10:45
2020-02-14,40.35517,18.16608,,1,LECCE,15:00
2020-02-15,40.36645,18.22018,,,LECCE,01:00
2020-02-15,40.35561,18.15615,,1,LECCE,10:50
2020-02-15,40.35381,18.17965,,1,LECCE,23:55
2020-02-17,40.34398,18.15787,,1,LECCE,09:20
2020-02-17,40.34804,18.15631,,,LECCE,20:00
2020-02-18,40.34058,18.1748,,1,LECCE,08:10
2020-02-18,40.36129,18.16949,,2,LECCE,08:10
2020-02-18,40.36337,18.18516,,,LECCE,15:55
2020-02-18,40.36395,18.14313,,,LECCE,17:45
2020-02-18,40.4176,18.25095,,1,LECCE,18:25
2020-02-20,40.35498,18.15966,,,LECCE,14:25
2020-02-20,40.35869,18.1556,,1,LECCE,15:45
2020-02-20,40.353,18.16436,,,LECCE,20:55
2020-02-21,40.36181,18.16883,,,LECCE,16:50
2020-02-21,40.34037,18.13668,,1,LECCE,21:20
2020-02-22,40.347,18.15314,,,LECCE,08:15
2020-02-22,40.35891,18.16864,,1,LECCE,18:15
2020-02-23,40.34848,18.16112,,2,LECCE,12:30
2020-02-23,40.34819,18.16766,,,LECCE,18:15
2020-02-23,40.35595,18.18517,,1,LECCE,19:10
2020-02-24,40.3541,18.18299,,,LECCE,15:20
2020-02-25,40.34859,18.16696,,,LECCE,05:15
2020-02-25,40.35371,18.18565,,,LECCE,07:15
2020-02-26,40.34612,18.18314,,,LECCE,08:05
2020-02-26,40.33653,18.17189,,1,LECCE,18:50
2020-02-27,40.34653,18.16888,,,LECCE,16:40
2020-02-28,40.35474,18.15545,,2,LECCE,07:50
2020-02-28,40.32389,18.12646,,1,LECCE,12:45
2020-02-29,40.34065,18.17663,,1,LECCE,22:20
2020-03-01,40.36696,18.19777,,1,LECCE,12:55
2020-03-01,40.36449,18.19261,,,LECCE,19:50
2020-03-01,40.36732,18.17243,,1,LECCE,21:30
2020-03-02,40.356,18.17831,,,LECCE,11:20
2020-03-02,40.3908,18.21973,,1,LECCE,15:45
2020-03-03,40.37271,18.15982,,2,LECCE,00:30
2020-03-04,40.35719,18.18929,,1,LECCE,08:45
2020-03-04,40.35965,18.1803,,2,LECCE,17:55
2020-03-05,40.35198,18.10388,,3,LECCE,13:40
2020-03-05,40.34969,18.18318,,1,LECCE,19:00
2020-03-07,40.35665,18.17423,,1,LECCE,13:10
2020-03-09,40.34633,18.17058,,,LECCE,08:50
2020-03-10,40.35541,18.17818,,1,LECCE,07:05
2020-03-15,40.35377,18.1778,,,LECCE,02:20
2020-03-16,40.34176,18.1584,,,LECCE,13:20
2020-03-17,40.3551,18.18511,,,LECCE,08:00
2020-03-19,40.35704,18.17143,,1,LECCE,14:35
2020-03-23,40.33778,18.18733,1,,LECCE,07:51
2020-03-24,40.35511,18.18505,,2,LECCE,07:32
2020-03-26,40.35285,18.21072,,,LECCE,15:00
2020-04-01,40.36114,18.18016,,,LECCE,18:30
2020-04-06,40.35114,18.16356,,1,LECCE,13:20
2020-04-07,40.38585,18.10343,,1,LECCE,15:50
2020-04-07,40.35579,18.19419,,,LECCE,19:05
2020-04-12,40.36818,18.18343,,,LECCE,23:20
2020-04-13,40.3529,18.18215,,2,LECCE,22:55
2020-04-15,40.36451,18.20185,,,LECCE,16:00
2020-04-16,40.34802,18.16759,,1,LECCE,10:20
2020-04-17,40.36054,18.19841,,1,LECCE,13:50
2020-04-20,40.35656,18.12982,,1,LECCE,05:15
2020-04-22,40.3247,18.18654,,1,LECCE,06:00
2020-04-23,40.32151,18.19082,,1,LECCE,13:30
2020-04-27,40.35863,18.19778,,1,LECCE,11:40
2020-04-28,40.37359,18.17961,,1,LECCE,12:30
2020-05-07,40.34472,18.15738,,,LECCE,19:55
2020-05-09,40.36375,18.08088,,1,LECCE,18:50
2020-05-10,40.35579,18.1941,,,LECCE,11:50
2020-05-11,40.35142,18.17681,,1,LECCE,10:30
2020-05-11,40.35541,18.17819,,,LECCE,14:30
2020-05-12,40.34086,18.17605,,,LECCE,10:05
2020-05-12,40.35561,18.16771,,1,LECCE,14:30
2020-05-12,40.35712,18.16761,,,LECCE,16:35
2020-05-14,40.357,18.1675,,,LECCE,14:45
2020-05-15,40.35497,18.183,,1,LECCE,08:15
2020-05-15,40.36194,18.17921,,,LECCE,17:45
2020-05-16,40.3543,18.16561,,1,LECCE,12:12
2020-05-16,40.34942,18.17311,,1,LECCE,23:15
2020-05-17,40.36236,18.1677,,,LECCE,17:50
2020-05-19,40.36357,18.19906,,1,LECCE,18:45
2020-05-21,40.35716,18.16761,,2,LECCE,00:45
2020-05-22,40.34641,18.18223,,1,LECCE,00:00
2020-05-23,40.36256,18.17612,,,LECCE,10:05
2020-05-24,40.34166,18.17716,,,LECCE,00:30
2020-05-24,40.35223,18.18225,,,LECCE,17:00
2020-05-26,40.35783,18.16247,,2,LECCE,00:00
2020-05-26,40.35302,18.18853,,1,LECCE,18:05
2020-05-27,40.36063,18.18671,,,LECCE,19:00
2020-05-27,40.35009,18.18541,,1,LECCE,21:10
2020-05-28,40.32799,18.18304,,1,LECCE,19:40
2020-05-29,40.34646,18.16614,,1,LECCE,08:40
2020-05-29,40.3426,18.17566,,1,LECCE,19:00
2020-05-30,40.35238,18.18585,,,LECCE,02:33
2020-05-31,40.37123,18.18643,,1,LECCE,12:30
2020-05-31,40.34571,18.19165,,1,LECCE,16:15
2020-06-03,40.38205,18.27617,,1,LECCE,13:25
2020-06-03,40.35444,18.18765,,,LECCE,18:20
2020-06-03,40.35063,18.16351,,1,LECCE,19:25
2020-06-04,40.35741,18.15414,,1,LECCE,08:50
2020-06-06,40.35821,18.19108,,1,LECCE,12:05
2020-06-07,40.36133,18.17624,,2,LECCE,13:30
2020-06-07,40.35442,18.17655,,1,LECCE,20:40
2020-06-07,40.34118,18.20154,,1,LECCE,22:20
2020-06-08,40.35756,18.18752,,,LECCE,17:20
2020-06-08,40.37607,18.16599,,1,LECCE,18:15
2020-06-08,40.3555,18.17919,,,LECCE,19:50
2020-06-09,40.36851,18.16867,,,LECCE,12:00
2020-06-10,40.36399,18.20994,,1,LECCE,16:30
2020-06-11,40.3623,18.17711,,2,LECCE,00:05
2020-06-11,40.35105,18.17664,,1,LECCE,12:55
2020-06-11,40.35251,18.17727,,,LECCE,17:00
2020-06-12,40.36004,18.10552,,1,LECCE,11:45
2020-06-13,40.37138,18.23615,,,LECCE,03:30
2020-06-13,40.36297,18.17403,,,LECCE,10:40
2020-06-14,40.35439,18.17642,,5,LECCE,03:30
2020-06-14,40.34908,18.18054,,3,LECCE,17:30
2020-06-14,40.36622,18.20626,1,1,LECCE,22:00
2020-06-15,40.35788,18.16452,,1,LECCE,08:35
2020-06-16,40.35234,18.17408,,1,LECCE,14:45
2020-06-17,40.35855,18.18301,,,LECCE,01:10
2020-06-17,40.34578,18.18312,,,LECCE,09:20
2020-06-18,40.34526,18.19656,,,LECCE,13:15
2020-06-18,40.36239,18.18128,,,LECCE,14:00
2020-06-20,40.3471,18.15472,,,LECCE,07:30
2020-06-20,40.35729,18.18649,,1,LECCE,13:05
2020-06-20,40.35292,18.18215,,1,LECCE,15:15
2020-06-20,40.35309,18.17704,,1,LECCE,18:20
2020-06-20,40.35153,18.16391,,,LECCE,20:30
2020-06-23,40.36397,18.14719,,1,LECCE,11:50
2020-06-24,40.33656,18.16778,,,LECCE,10:30
2020-06-24,40.35705,18.1674,,1,LECCE,18:00
2020-06-24,40.35819,18.17889,,,LECCE,19:15
2020-06-25,40.35188,18.2058,,1,LECCE,18:20
2020-06-26,40.32737,18.14365,,,LECCE,11:10
2020-06-26,40.34643,18.17058,,,LECCE,18:00
2020-06-26,40.34789,18.17765,,1,LECCE,18:30
2020-06-27,40.35174,18.16679,,1,LECCE,02:15
2020-06-27,40.34771,18.16849,,1,LECCE,18:30
2020-06-27,40.46636,18.19154,,2,LECCE,20:00
2020-06-28,40.36817,18.18358,,4,LECCE,11:34
2020-06-29,40.34478,18.14683,,,LECCE,17:15
2020-06-29,40.40816,18.17051,,2,LECCE,17:45
2020-06-30,40.32727,18.19235,,1,LECCE,10:15
2020-06-30,40.32519,18.19072,,1,LECCE,14:15
2020-06-30,40.34621,18.19017,,1,LECCE,19:50
2020-07-02,40.36109,18.17043,,1,LECCE,18:05
2020-07-04,40.3566,18.18432,,1,LECCE,10:20
2020-07-04,40.35289,18.18584,,,LECCE,19:05
2020-07-05,40.35186,18.17865,,2,LECCE,10:30
2020-07-05,40.35186,18.17865,,3,LECCE,21:30
2020-07-06,40.34674,18.18884,,1,LECCE,10:00
2020-07-08,40.35791,18.19267,,,LECCE,19:35
2020-07-09,40.34413,18.20584,,,LECCE,00:10
2020-07-09,40.34623,18.17085,,,LECCE,18:25
2020-07-10,40.35604,18.17537,,,LECCE,19:45
2020-07-12,40.3633,18.14936,,1,LECCE,11:00
2020-07-13,40.35511,18.18507,,1,LECCE,09:14
2020-07-14,40.34108,18.1746,,2,LECCE,16:55
2020-07-14,40.4321,18.2508,,2,LECCE,21:50
2020-07-16,40.35108,18.18137,,,LECCE,16:35
2020-07-16,40.35218,18.17781,,,LECCE,19:50
2020-07-16,40.33679,18.15139,,2,LECCE,23:45
2020-07-17,40.3926,18.0964,,,LECCE,12:30
2020-07-18,40.34145,18.16205,,1,LECCE,16:50
2020-07-18,40.3483,18.16948,,,LECCE,18:15
2020-07-20,40.34251,18.1724,,,LECCE,02:30
2020-07-20,40.35089,18.18583,,3,LECCE,10:28
2020-07-21,40.35285,18.18109,,1,LECCE,17:00
2020-07-21,40.35124,18.18063,,2,LECCE,17:30
2020-07-23,40.34624,18.20499,,,LECCE,03:30
2020-07-23,40.36018,18.18134,,2,LECCE,18:00
2020-07-23,40.37555,18.16937,,2,LECCE,20:00
2020-07-24,40.34759,18.17224,,1,LECCE,19:00
2020-07-24,40.34443,18.17238,,1,LECCE,21:45
2020-07-25,40.34627,18.17091,,,LECCE,08:30
2020-07-25,40.36332,18.19627,,,LECCE,17:34
2020-07-26,40.36111,18.19049,,,LECCE,12:10
2020-07-26,40.35784,18.19125,,1,LECCE,16:40
2020-07-27,40.36305,18.08494,,5,LECCE,10:34
2020-07-28,40.3657,18.17454,,,LECCE,10:40
2020-07-28,40.36017,18.17203,,1,LECCE,14:50
2020-07-28,40.34865,18.16229,,1,LECCE,23:10
2020-07-29,40.32703,18.14419,,,LECCE,04:45
2020-07-29,40.35776,18.1913,,1,LECCE,09:30
2020-07-30,40.36167,18.17883,,1,LECCE,13:30
2020-07-31,40.35899,18.19275,,,LECCE,12:35
2020-08-01,40.34795,18.1699,,1,LECCE,20:10
2020-08-02,40.35497,18.17633,,,LECCE,19:00
2020-08-02,40.35898,18.16867,,2,LECCE,22:40
2020-08-03,40.3666,18.2214,,1,LECCE,07:35
2020-08-03,40.33654,18.17529,,,LECCE,12:15
2020-08-03,40.34673,18.15306,,,LECCE,13:25
2020-08-04,40.38858,18.30356,,1,LECCE,13:40
2020-08-05,40.35418,18.17401,,,LECCE,18:25
2020-08-05,40.45625,18.20532,,,LECCE,20:30
2020-08-06,40.35483,18.13318,,,LECCE,09:00
2020-08-06,40.32365,18.18968,,,LECCE,20:35
2020-08-07,40.34789,18.15992,,1,LECCE,10:10
2020-08-07,40.36266,18.17568,,1,LECCE,12:10
2020-08-07,40.36428,18.14309,,,LECCE,15:45
2020-08-07,40.35581,18.18136,,,LECCE,17:45
2020-08-10,40.32627,18.14877,,4,LECCE,08:30
2020-08-10,40.37313,18.17476,,2,LECCE,14:45
2020-08-11,40.35346,18.16533,,1,LECCE,11:40
2020-08-13,40.39194,18.29715,,2,LECCE,19:00
2020-08-15,40.36092,18.16984,,,LECCE,06:30
2020-08-16,40.36272,18.17516,,,LECCE,18:20
2020-08-17,40.36271,18.17518,,,LECCE,22:25
2020-08-18,40.37833,18.26194,,3,LECCE,13:20
2020-08-18,40.35439,18.17611,,,LECCE,20:30
2020-08-20,40.35813,18.1549,,1,LECCE,08:00
2020-08-22,40.46345,18.19781,,1,LECCE,18:00
2020-08-23,40.33773,18.11695,,1,LECCE,07:05
2020-08-23,40.38178,18.27509,,,LECCE,10:15
2020-08-24,40.37895,18.12153,,,LECCE,23:10
2020-08-25,40.36268,18.18645,,1,LECCE,18:16
2020-08-28,40.35377,18.1856,,,LECCE,11:40
2020-08-28,40.35718,18.1862,,1,LECCE,12:10
2020-08-28,40.36133,18.17624,,1,LECCE,13:40
2020-08-28,40.36967,18.16862,,1,LECCE,15:55
2020-08-28,40.34859,18.18545,,,LECCE,17:20
2020-08-28,40.35848,18.19353,,1,LECCE,22:50
2020-08-30,40.33656,18.17581,,,LECCE,17:00
2020-08-30,40.3999,18.17048,,4,LECCE,18:20
2020-08-30,40.35783,18.17967,,,LECCE,20:50
2020-08-31,40.3572,18.18003,,3,LECCE,03:15
2020-08-31,40.36091,18.1695,,,LECCE,10:00
2020-08-31,40.34749,18.1736,,,LECCE,18:50
2020-09-01,40.3813,18.28551,,1,LECCE,20:15
2020-09-02,40.3605,18.15697,,,LECCE,19:10
2020-09-04,40.36216,18.18578,,1,LECCE,20:15
2020-09-06,40.46548,18.1922,,,LECCE,20:15
2020-09-07,40.38832,18.08787,,1,LECCE,06:40
2020-09-07,40.38623,18.297,,3,LECCE,18:15
2020-09-07,40.3475,18.17149,,,LECCE,21:58
2020-09-08,40.32968,18.16359,,1,LECCE,16:30
2020-09-09,40.41926,18.22292,,1,LECCE,16:30
2020-09-10,40.38256,18.20043,,,LECCE,09:15
2020-09-11,40.34659,18.18802,,,LECCE,19:55
2020-09-12,40.36113,18.18739,,1,LECCE,09:00
2020-09-13,40.34358,18.20767,,,LECCE,20:30
2020-09-14,40.32656,18.14576,,1,LECCE,12:15
2020-09-14,40.35337,18.17297,,2,LECCE,17:37
2020-09-15,40.34909,18.17419,,1,LECCE,09:15
2020-09-15,40.35429,18.16566,,,LECCE,12:30
2020-09-15,40.34761,18.17226,,1,LECCE,18:15
2020-09-16,40.34766,18.18473,,,LECCE,09:15
2020-09-16,40.35458,18.17961,,1,LECCE,12:48
2020-09-16,40.34941,18.17311,,,LECCE,20:15
2020-09-16,40.37788,18.15088,,1,LECCE,22:00
2020-09-17,40.35519,18.17636,,1,LECCE,00:40
2020-09-17,40.35483,18.13318,,,LECCE,05:50
2020-09-17,40.32784,18.16223,,2,LECCE,08:15
2020-09-17,40.3561,18.1959,,1,LECCE,10:10
2020-09-17,40.34661,18.16022,,,LECCE,11:45
2020-09-17,40.36643,18.16901,,1,LECCE,19:05
2020-09-18,40.34445,18.1884,,,LECCE,09:35
2020-09-18,40.44533,18.09946,,2,LECCE,18:38
2020-09-19,40.35573,18.19314,,1,LECCE,19:30
2020-09-19,40.36609,18.18708,,2,LECCE,21:55
2020-09-20,40.34817,18.16772,,1,LECCE,16:30
2020-09-21,40.37376,18.1497,,1,LECCE,16:15
2020-09-21,40.34521,18.19645,,,LECCE,16:30
2020-09-22,40.35374,18.1856,,1,LECCE,10:10
2020-09-23,40.34362,18.15845,,2,LECCE,13:15
2020-09-23,40.36113,18.16988,,1,LECCE,17:00
2020-09-24,40.34588,18.18292,,,LECCE,08:10
2020-09-24,40.34996,18.18573,,,LECCE,11:50
2020-09-24,40.3426,18.17566,,2,LECCE,20:20
2020-09-25,40.35384,18.19504,,1,LECCE,08:20
2020-09-25,40.41311,18.17349,,2,LECCE,17:00
2020-09-25,40.35552,18.17949,,1,LECCE,20:25
2020-09-26,40.33558,18.1551,,3,LECCE,13:45
2020-09-26,40.35822,18.15496,,1,LECCE,23:20
2020-09-28,40.35831,18.17515,,1,LECCE,13:17
2020-09-29,40.36293,18.086,,4,LECCE,08:40
2020-09-29,40.34697,18.15953,,1,LECCE,13:50
2020-09-30,40.32708,18.14422,,2,LECCE,10:00
2020-09-30,40.34859,18.16696,,1,LECCE,11:50
2020-09-30,40.368,18.22268,,,LECCE,19:50
2020-10-01,40.34236,18.20221,,3,LECCE,07:20
2020-10-01,40.35425,18.1658,,1,LECCE,16:58
2020-10-01,40.35854,18.18303,,1,LECCE,21:35
2020-10-02,40.36176,18.16957,,1,LECCE,08:50
2020-10-02,40.35026,18.17385,,1,LECCE,12:30
2020-10-05,40.3569,18.15373,,3,LECCE,14:45
2020-10-06,40.34506,18.17663,,,LECCE,09:10
2020-10-06,40.35672,18.16732,,,LECCE,10:05
2020-10-07,40.3369,18.17697,,,LECCE,16:00
2020-10-07,40.34653,18.20519,,,LECCE,17:50
2020-10-07,40.34617,18.20493,,,LECCE,21:00
2020-10-08,40.3512,18.17655,,1,LECCE,15:25
2020-10-09,40.33404,18.18498,,2,LECCE,12:50
2020-10-10,40.36131,18.17626,,1,LECCE,16:55
2020-10-12,40.37071,18.15145,,,LECCE,15:30
2020-10-12,40.36287,18.15022,,,LECCE,15:45
2020-10-13,40.35026,18.17741,,,LECCE,14:15
2020-10-13,40.35638,18.17802,,,LECCE,23:15
2020-10-14,40.32547,18.20347,,3,LECCE,21:15
2020-10-15,40.34305,18.15914,,,LECCE,10:25
2020-10-16,40.35479,18.1517,,2,LECCE,01:30
2020-10-16,40.35996,18.18115,,1,LECCE,08:35
2020-10-16,40.35195,18.17385,,1,LECCE,13:15
2020-10-16,40.35394,18.18093,,1,LECCE,22:00
2020-10-17,40.37816,18.1217,,,LECCE,02:00
2020-10-17,40.35039,18.15931,,,LECCE,18:14
2020-10-17,40.35019,18.152,,1,LECCE,23:30
2020-10-19,40.36681,18.20892,,,LECCE,07:15
2020-10-20,40.34897,18.17402,,1,LECCE,10:55
2020-10-20,40.33998,18.17678,,,LECCE,12:00
2020-10-20,40.36159,18.15418,,2,LECCE,13:30
2020-10-20,40.33998,18.17678,,1,LECCE,15:25
2020-10-20,40.3466,18.1838,,,LECCE,19:25
2020-10-20,40.38569,18.16867,,,LECCE,20:08
2020-10-20,40.35307,18.18833,,1,LECCE,23:50
2020-10-21,40.33996,18.13482,,1,LECCE,12:57
2020-10-21,40.36414,18.20172,,1,LECCE,21:00
2020-10-22,40.37161,18.17758,,,LECCE,17:00
2020-10-23,40.35483,18.13318,,2,LECCE,13:30
2020-10-23,40.37832,18.26186,,3,LECCE,15:30
2020-10-23,40.33675,18.182,,,LECCE,18:45
2020-10-24,40.37159,18.17754,,,LECCE,11:30
2020-10-24,40.38385,18.2718,,2,LECCE,11:50
2020-10-24,40.35387,18.19116,,2,LECCE,16:30
2020-10-25,40.36105,18.17007,,1,LECCE,15:15
2020-10-26,40.35382,18.19243,,1,LECCE,10:40
2020-10-26,40.35373,18.18564,,,LECCE,11:50
2020-10-28,40.3526,18.17806,,,LECCE,08:05
2020-10-28,40.33539,18.13667,,1,LECCE,08:40
2020-10-28,40.34577,18.20461,,,LECCE,09:25
2020-10-28,40.35098,18.18309,,,LECCE,15:10
2020-10-30,40.38448,18.16867,,2,LECCE,21:45
2020-10-31,40.35017,18.152,,1,LECCE,22:20
2020-11-01,40.39227,18.29644,,1,LECCE,11:30
2020-11-02,40.33578,18.16977,,1,LECCE,12:10
2020-11-02,40.36604,18.21042,,,LECCE,22:00
2020-11-03,40.3557,18.19143,,2,LECCE,06:30
2020-11-03,40.32996,18.16247,,2,LECCE,08:35
2020-11-03,40.35441,18.16857,,,LECCE,10:30
2020-11-03,40.35905,18.18301,,,LECCE,15:30
2020-11-04,40.36256,18.17575,,2,LECCE,01:35
2020-11-06,40.36188,18.17838,,,LECCE,13:30
2020-11-07,40.3468,18.18801,,,LECCE,10:05
2020-11-07,40.36218,18.17195,,1,LECCE,15:30
2020-11-10,40.3794,18.15167,,,LECCE,07:00
2020-11-10,40.34871,18.16454,,1,LECCE,08:32
2020-11-13,40.34612,18.17079,,1,LECCE,20:30
2020-11-14,40.35189,18.20581,,2,LECCE,10:50
2020-11-16,40.36813,18.1696,,,LECCE,08:50
2020-11-16,40.35331,18.18731,,1,LECCE,13:50
2020-11-16,40.38932,18.30609,,,LECCE,17:00
2020-11-18,40.34996,18.1856,,,LECCE,07:45
2020-11-18,40.35414,18.15618,,3,LECCE,13:15
2020-11-19,40.34294,18.17805,,1,LECCE,17:40
2020-11-21,40.35375,18.19499,,,LECCE,20:00
2020-11-23,40.35587,18.13452,,1,LECCE,14:15
2020-11-25,40.47638,18.08724,,2,LECCE,12:30
2020-11-27,40.3512,18.18701,,1,LECCE,09:10
2020-11-27,40.32747,18.1861,,2,LECCE,12:15
2020-11-28,40.36108,18.18729,,1,LECCE,10:50
2020-11-29,40.35379,18.16221,,1,LECCE,20:15
2020-11-30,40.35117,18.17639,,,LECCE,11:10
2020-12-01,40.36016,18.17172,,,LECCE,17:05
2020-12-01,40.35374,18.19497,,,LECCE,20:10
2020-12-02,40.35937,18.16886,,,LECCE,17:30
2020-12-04,40.35394,18.18093,,,LECCE,17:35
2020-12-04,40.36253,18.19315,,1,LECCE,18:30
2020-12-04,40.35835,18.16825,,,LECCE,18:50
2020-12-06,40.35159,18.1768,,1,LECCE,10:00
2020-12-06,40.35097,18.16361,,1,LECCE,17:00
2020-12-06,40.35483,18.13318,,,LECCE,19:30
2020-12-07,40.34023,18.16513,,,LECCE,17:50
2020-12-08,40.34749,18.17151,,1,LECCE,12:10
2020-12-08,40.35093,18.20318,,,LECCE,17:50
2020-12-09,40.33876,18.17715,,1,LECCE,08:35
2020-12-10,40.34979,18.16306,,1,LECCE,09:35
2020-12-10,40.3497,18.1619,,1,LECCE,10:00
2020-12-10,40.36018,18.18097,,1,LECCE,13:40
2020-12-10,40.36117,18.18009,,2,LECCE,20:30
2020-12-11,40.35846,18.16652,,1,LECCE,10:02
2020-12-12,40.33172,18.19689,,1,LECCE,20:25
2020-12-12,40.34595,18.18338,,,LECCE,21:30
2020-12-14,40.3613,18.18025,,,LECCE,09:50
2020-12-14,40.3552,18.18755,,,LECCE,14:45
2020-12-15,40.35483,18.13318,,1,LECCE,14:00
2020-12-17,40.3582,18.18971,,1,LECCE,10:45
2020-12-17,40.35812,18.18651,,1,LECCE,11:55
2020-12-18,40.36847,18.19843,,1,LECCE,08:50
2020-12-19,40.4523,18.02725,,1,LECCE,12:00
2020-12-19,40.34502,18.17039,,1,LECCE,19:30
2020-12-19,40.3502,18.17381,,1,LECCE,22:00
2020-12-20,40.34761,18.17227,,2,LECCE,12:00
2020-12-20,40.35869,18.15332,,,LECCE,20:15
2020-12-21,40.34859,18.16696,,1,LECCE,07:45
2020-12-21,40.35586,18.19324,,,LECCE,10:00
2020-12-21,40.34451,18.15713,,,LECCE,19:40
2020-12-23,40.34704,18.18694,,1,LECCE,11:50
2020-12-23,40.35963,18.18449,,1,LECCE,14:00
2020-12-23,40.35443,18.16524,,,LECCE,20:45
2020-12-27,40.35791,18.17513,,,LECCE,20:00
2020-12-29,40.35242,18.1859,,2,LECCE,13:30
2020-12-29,40.38636,18.10092,,1,LECCE,13:45
2020-12-29,40.36381,18.16609,,4,LECCE,19:00
2020-12-31,40.35428,18.1888,,,LECCE,11:15
2021-01-04,40.35233,18.1859,,1,LECCE,07:30
2021-01-04,40.32846,18.18339,,,LECCE,12:30
2021-01-04,40.34641,18.16095,,1,LECCE,16:30
2021-01-04,40.36642,18.16907,,1,LECCE,18:30
2021-01-05,40.34564,18.18272,,1,LECCE,18:00
2021-01-06,40.38327,18.15629,,1,LECCE,11:30
2021-01-08,40.33998,18.17678,,1,LECCE,09:00
2021-01-08,40.36018,18.18134,,1,LECCE,13:00
2021-01-08,40.36297,18.16724,,1,LECCE,17:40
2021-01-08,40.35285,18.18403,,2,LECCE,18:05
2021-01-09,40.34577,18.20461,,,LECCE,18:55
2021-01-09,40.34956,18.16727,,1,LECCE,21:50
2021-01-10,40.3524,18.18587,,,LECCE,20:02
2021-01-11,40.35096,18.16968,,,LECCE,08:10
2021-01-11,40.33611,18.16863,,,LECCE,10:00
2021-01-11,40.3417,18.16645,,,LECCE,17:30
2021-01-12,40.3523,18.18268,,1,LECCE,13:30
2021-01-13,40.35477,18.15179,,2,LECCE,16:45
2021-01-13,40.3539,18.17965,,,LECCE,19:50
2021-01-14,40.36141,18.16937,,1,LECCE,08:10
2021-01-14,40.36864,18.21398,,,LECCE,20:45
2021-01-15,40.36017,18.18136,,1,LECCE,09:05
2021-01-15,40.36465,18.17336,,1,LECCE,20:25
2021-01-17,40.35993,18.16926,,1,LECCE,22:00
2021-01-18,40.36605,18.1871,,,LECCE,08:10
2021-01-18,40.35695,18.18193,,1,LECCE,16:20
2021-01-19,40.34466,18.17476,,,LECCE,14:45
2021-01-19,40.36561,18.16355,,2,LECCE,20:40
2021-01-20,40.42614,18.23953,,1,LECCE,06:30
2021-01-23,40.34777,18.17798,,,LECCE,09:30
2021-01-23,40.37118,18.17822,,1,LECCE,11:35
2021-01-26,40.34902,18.16865,,,LECCE,09:00
2021-01-26,40.35545,18.15421,,,LECCE,11:50
2021-01-26,40.35188,18.16109,,,LECCE,14:40
2021-01-27,40.36812,18.16957,,1,LECCE,14:00
2021-01-28,40.34664,18.18924,,,LECCE,18:00
2021-01-29,40.34323,18.17809,,1,LECCE,09:40
2021-01-29,40.35516,18.17638,,1,LECCE,20:40
2021-01-30,40.35447,18.13256,,1,LECCE,09:30
2021-01-30,40.35508,18.19131,,,LECCE,14:20
2021-02-01,40.34789,18.15992,,2,LECCE,07:40
2021-02-01,40.33648,18.09065,,2,LECCE,08:50
2021-02-02,40.363,18.16803,,1,LECCE,07:55
2021-02-02,40.35812,18.19248,,,LECCE,19:30
2021-02-03,40.45121,18.18796,,,LECCE,08:00
2021-02-03,40.34942,18.148,,1,LECCE,10:40
2021-02-08,40.36507,18.16711,,,LECCE,10:05
2021-02-10,40.37027,18.21862,,1,LECCE,06:20
2021-02-10,40.38631,18.16865,,2,LECCE,16:40
2021-02-10,40.35464,18.17827,,1,LECCE,20:00
2021-02-13,40.32736,18.18628,,1,LECCE,12:30
2021-02-13,40.35019,18.15203,,2,LECCE,15:58
2021-02-13,40.32661,18.1455,,1,LECCE,19:40
2021-02-15,40.35535,18.17631,,,LECCE,19:00
2021-02-15,40.34985,18.17354,,2,LECCE,19:53
2021-02-17,40.35867,18.18014,,,LECCE,06:15
2021-02-17,40.34559,18.15431,,1,LECCE,15:50
2021-02-17,40.34436,18.18046,,1,LECCE,20:05
2021-02-18,40.35829,18.19546,,1,LECCE,20:35
2021-02-19,40.32552,18.18587,,1,LECCE,13:40
2021-02-19,40.35518,18.16025,,1,LECCE,15:30
2021-02-20,40.3541,18.17648,,,LECCE,09:20
2021-02-20,40.3572,18.18947,,,LECCE,10:30
2021-02-21,40.36717,18.22119,,3,LECCE,15:50
2021-02-21,40.34367,18.20726,,1,LECCE,16:00
2021-02-22,40.33576,18.15519,,3,LECCE,14:05
2021-02-22,40.38071,18.19703,,1,LECCE,14:15
2021-02-23,40.4424,18.09189,,1,LECCE,07:30
2021-02-23,40.34747,18.15739,,1,LECCE,16:20
2021-02-24,40.3439,18.20636,,2,LECCE,07:55
2021-02-26,40.34912,18.17287,,,LECCE,09:05
2021-02-26,40.35144,18.16349,,1,LECCE,09:30
2021-02-26,40.35285,18.18109,,1,LECCE,11:20
2021-02-27,40.35189,18.20366,,,LECCE,11:15
2021-02-28,40.35973,18.17225,,,LECCE,18:30
2021-03-01,40.33773,18.17751,,1,LECCE,09:42
2021-03-01,40.36041,18.16955,,1,LECCE,11:30
2021-03-01,40.34287,18.17671,1,1,LECCE,15:25
2021-03-01,40.35438,18.17643,,,LECCE,16:15
2021-03-02,40.35031,18.17581,,2,LECCE,11:05
2021-03-04,40.34671,18.17877,,,LECCE,10:20
2021-03-04,40.36074,18.18069,,1,LECCE,12:55
2021-03-04,40.35636,18.18639,,,LECCE,16:15
2021-03-08,40.34599,18.17576,,1,LECCE,08:15
2021-03-08,40.36385,18.17672,,,LECCE,17:10
2021-03-09,40.35428,18.16566,,1,LECCE,10:30
2021-03-09,40.34823,18.1506,,,LECCE,13:25
2021-03-10,40.3521,18.17737,,1,LECCE,09:30
2021-03-11,40.35413,18.19104,,1,LECCE,21:00
2021-03-12,40.34901,18.17412,,1,LECCE,15:40
2021-03-12,40.36247,18.15794,,2,LECCE,19:40
2021-03-19,40.36531,18.14584,,1,LECCE,08:40
2021-03-19,40.35871,18.19843,,2,LECCE,14:10
2021-03-21,40.35733,18.16754,,1,LECCE,19:30
2021-03-22,40.36643,18.19593,,,LECCE,09:00
2021-03-22,40.408,18.2304,,,LECCE,17:30
2021-03-23,40.357,18.16502,,,LECCE,10:55
2021-03-24,40.33199,18.19656,,,LECCE,12:30
2021-03-25,40.34673,18.1813,,1,LECCE,07:35
2021-03-27,40.36607,18.17334,,1,LECCE,13:20
2021-03-29,40.34537,18.18376,,,LECCE,12:00
2021-03-29,40.35614,18.18528,,,LECCE,20:15
2021-03-30,40.34664,18.16656,,1,LECCE,09:04
2021-03-30,40.3629,18.1673,,,LECCE,19:50
2021-04-01,40.35534,18.17822,,1,LECCE,16:30
2021-04-01,40.36057,18.18663,,2,LECCE,18:30
2021-04-03,40.385,18.18917,,,LECCE,20:10
2021-04-05,40.43482,18.24991,,1,LECCE,11:30
2021-04-05,40.36486,18.17684,,,LECCE,19:00
2021-04-07,40.34063,18.12548,,1,LECCE,17:05
2021-04-08,40.35234,18.18592,,1,LECCE,02:35
2021-04-08,40.34384,18.14371,,1,LECCE,12:10
2021-04-08,40.34956,18.16727,,1,LECCE,18:10
2021-04-11,40.35792,18.1791,,1,LECCE,12:30
2021-04-14,40.35444,18.18766,,,LECCE,10:25
2021-04-14,40.41613,18.10028,,1,LECCE,14:50
2021-04-15,40.35588,18.19505,,,LECCE,18:45
2021-04-16,40.38616,18.18814,,2,LECCE,12:47
2021-04-17,40.36536,18.19277,,2,LECCE,16:50
2021-04-19,40.33482,18.13064,,2,LECCE,13:00
2021-04-19,40.34876,18.16151,,1,LECCE,14:25
2021-04-20,40.35286,18.18588,,,LECCE,19:40
2021-04-22,40.35646,18.17583,,1,LECCE,09:45
2021-04-22,40.35892,18.17296,,,LECCE,10:50
2021-04-22,40.36857,18.17697,,2,LECCE,13:15
2021-04-22,40.37364,18.21662,,,LECCE,17:15
2021-04-23,40.36233,18.17667,,1,LECCE,11:25
2021-04-24,40.34553,18.15952,,,LECCE,13:30
2021-04-24,40.34323,18.15916,,1,LECCE,14:15
2021-04-24,40.39078,18.07309,,1,LECCE,15:30
2021-04-25,40.32081,18.19103,,1,LECCE,21:40
2021-04-26,40.36416,18.20173,,3,LECCE,12:40
2021-04-28,40.34872,18.1623,,,LECCE,21:15
2021-04-29,40.36663,18.20081,,1,LECCE,17:30
2021-04-30,40.35224,18.19427,,,LECCE,18:30
2021-04-30,40.35361,18.22765,,1,LECCE,18:30
2021-04-30,40.3556,18.1889,,1,LECCE,19:30
2021-05-03,40.34867,18.16223,,,LECCE,11:15
2021-05-04,40.34456,18.17007,,1,LECCE,09:00
2021-05-04,40.34584,18.17442,,1,LECCE,12:00
2021-05-05,40.3529,18.18589,,,LECCE,09:45
2021-05-05,40.35427,18.16572,,1,LECCE,11:50
2021-05-05,40.34915,18.1855,,1,LECCE,19:15
2021-05-07,40.36164,18.17915,,1,LECCE,13:05
2021-05-08,40.3939,18.21761,,1,LECCE,13:30
2021-05-08,40.36056,18.18665,1,,LECCE,16:40
2021-05-09,40.35537,18.1818,,,LECCE,08:40
2021-05-10,40.35874,18.16668,,1,LECCE,13:10
2021-05-11,40.35564,18.19145,,1,LECCE,16:15
2021-05-12,40.34247,18.17609,,3,LECCE,11:20
2021-05-12,40.34616,18.20492,,3,LECCE,14:00
2021-05-13,40.36289,18.1505,,1,LECCE,10:25
2021-05-13,40.35999,18.18903,,1,LECCE,14:50
2021-05-14,40.34825,18.16099,,1,LECCE,10:20
2021-05-14,40.35502,18.15203,,1,LECCE,13:40
2021-05-14,40.3561,18.17448,,,LECCE,14:45
2021-05-15,40.34653,18.16813,,,LECCE,21:30
2021-05-17,40.35576,18.15783,,1,LECCE,15:25
2021-05-17,40.35092,18.16407,,1,LECCE,21:40
2021-05-18,40.35729,18.13726,,,LECCE,09:00
2021-05-19,40.33956,18.15722,,4,LECCE,10:10
2021-05-20,40.34967,18.18317,1,1,LECCE,17:25
2021-05-20,40.35025,18.18048,,1,LECCE,18:05
2021-05-21,40.37682,18.16932,,1,LECCE,15:30
2021-05-22,40.36431,18.196,,1,LECCE,12:00
2021-05-22,40.36255,18.17263,,1,LECCE,20:20
2021-05-23,40.46551,18.19224,,,LECCE,13:00
2021-05-24,40.3515,18.15137,,,LECCE,12:50
2021-05-25,40.36111,18.18007,,,LECCE,09:20
2021-05-25,40.36112,18.18005,,,LECCE,15:20
2021-05-26,40.3479,18.18473,,,LECCE,13:29
2021-05-26,40.35447,18.13256,,,LECCE,22:20
2021-05-27,40.35378,18.17445,,,LECCE,08:30
2021-05-28,40.35543,18.17819,,,LECCE,10:50
2021-05-29,40.34251,18.17222,,1,LECCE,03:00
2021-05-30,40.35113,18.17686,,1,LECCE,10:15
2021-05-30,40.34321,18.1722,,,LECCE,18:10
2021-05-31,40.34254,18.15661,,1,LECCE,15:00
2021-05-31,40.32176,18.14769,,1,LECCE,19:00
2021-05-31,40.34575,18.16643,,,LECCE,19:00
2021-05-31,40.36453,18.07549,,,LECCE,19:25
2021-05-31,40.35384,18.19223,,1,LECCE,22:50
2021-06-01,40.36563,18.19841,,1,LECCE,15:30
2021-06-03,40.35913,18.1687,,1,LECCE,18:07
2021-06-04,40.34341,18.17299,,1,LECCE,13:30
2021-06-04,40.35848,18.19475,,,LECCE,16:00
2021-06-05,40.34171,18.15846,,1,LECCE,08:40
2021-06-05,40.38459,18.18699,,1,LECCE,12:00
2021-06-07,40.35746,18.16772,,,LECCE,11:00
2021-06-07,40.35249,18.15057,,1,LECCE,16:00
2021-06-07,40.36062,18.18661,,2,LECCE,16:15
2021-06-08,40.35123,18.18061,,,LECCE,09:20
2021-06-08,40.36522,18.070615,,,LECCE,13:15
2021-06-08,40.32676,18.1503,,,LECCE,20:50
2021-06-09,40.3818,18.27519,,1,LECCE,13:35
2021-06-09,40.34484,18.18139,,1,LECCE,13:55
2021-06-09,40.35185,18.17865,,1,LECCE,20:25
2021-06-10,40.35451,18.17895,,,LECCE,19:50
2021-06-11,40.39716,18.19475,,,LECCE,07:55
2021-06-12,40.34605,18.19045,,,LECCE,02:50
2021-06-13,40.35808,18.18931,,,LECCE,12:30
2021-06-13,40.35123,18.18062,,,LECCE,18:40
2021-06-14,40.35869,18.17313,,1,LECCE,13:10
2021-06-14,40.37134,18.23625,,1,LECCE,19:29
2021-06-14,40.34296,18.15838,,,LECCE,19:30
2021-06-15,40.33765,18.16825,,,LECCE,03:55
2021-06-15,40.35535,18.1782,,,LECCE,11:30
2021-06-15,40.3641,18.17071,,1,LECCE,13:15
2021-06-15,40.35376,18.17956,,,LECCE,19:30
2021-06-15,40.3837,18.16877,,4,LECCE,23:55
2021-06-16,40.35237,18.18598,,,LECCE,12:20
2021-06-16,40.36374,18.16736,,,LECCE,16:30
2021-06-17,40.35447,18.13256,,1,LECCE,07:50
2021-06-17,40.35343,18.18997,,,LECCE,10:40
2021-06-17,40.35052,18.17813,,,LECCE,13:30
2021-06-17,40.36556,18.17545,,1,LECCE,19:05
2021-06-18,40.46374,18.19856,,2,LECCE,15:00
2021-06-18,40.36425,18.20434,,1,LECCE,19:50
2021-06-19,40.3537,18.18572,,,LECCE,14:30
2021-06-20,40.34858,18.15791,,1,LECCE,11:30
2021-06-21,40.35615,18.18265,,2,LECCE,04:27
2021-06-21,40.3842,18.28429,,1,LECCE,06:40
2021-06-21,40.35574,18.19316,,1,LECCE,08:35
2021-06-21,40.344,18.1579,,1,LECCE,11:47
2021-06-21,40.34762,18.16012,,1,LECCE,12:09
2021-06-21,40.36008,18.17576,,1,LECCE,14:45
2021-06-23,40.35633,18.13237,,1,LECCE,08:00
2021-06-23,40.38835,18.30488,,2,LECCE,15:35
2021-06-25,40.34249,18.15882,,1,LECCE,09:05
2021-06-25,40.35742,18.18696,,1,LECCE,17:00
2021-06-26,40.3855,18.18782,,1,LECCE,03:40
2021-06-26,40.36086,18.1706,,,LECCE,07:00
2021-06-26,40.35497,18.18296,,1,LECCE,11:30
2021-06-26,40.46644,18.17931,,,LECCE,15:40
2021-06-27,40.36243,18.17661,,1,LECCE,15:08
2021-06-27,40.32848,18.15237,,4,LECCE,19:45
2021-06-28,40.34714,18.15373,,3,LECCE,00:56
2021-06-28,40.33944,18.13016,,2,LECCE,11:30
2021-06-28,40.35186,18.17865,,1,LECCE,22:15
2021-06-29,40.46571,18.19222,,1,LECCE,14:20
2021-06-30,40.35661,18.1654,,1,LECCE,18:25
2021-06-30,40.32618,18.16101,,2,LECCE,23:50
2021-07-01,40.35512,18.19131,,1,LECCE,10:50
2021-07-02,40.36565,18.22019,,1,LECCE,20:30
2021-07-03,40.35556,18.17949,,1,LECCE,15:25
2021-07-04,40.3558,18.18136,,,LECCE,01:30
2021-07-04,40.42221,18.23176,,1,LECCE,09:45
2021-07-04,40.38567,18.16866,,5,LECCE,12:50
2021-07-04,40.38784,18.21985,,4,LECCE,21:10
2021-07-05,40.34621,18.19003,,,LECCE,00:15
2021-07-05,40.35611,18.1959,,1,LECCE,08:50
2021-07-05,40.34671,18.16862,,,LECCE,11:00
2021-07-06,40.35418,18.1588,,1,LECCE,15:55
2021-07-07,40.35193,18.17991,,,LECCE,00:25
2021-07-07,40.32629,18.14889,,2,LECCE,08:00
2021-07-07,40.32293,18.18622,,3,LECCE,13:30
2021-07-08,40.36244,18.17661,,1,LECCE,12:00
2021-07-08,40.35289,18.1858,,,LECCE,19:25
2021-07-08,40.35462,18.1706,,1,LECCE,22:10
2021-07-09,40.357658,18.137882,,1,LECCE,13:00
2021-07-10,40.36,18.20091,,1,LECCE,18:20
2021-07-11,40.3481,18.16789,,,LECCE,01:52
2021-07-11,40.46535,18.20055,,1,LECCE,16:00
2021-07-12,40.3548,18.15172,,,LECCE,12:25
2021-07-13,40.37533,18.16954,,1,LECCE,09:30
2021-07-13,40.36133,18.17624,,2,LECCE,16:38
2021-07-13,40.35447,18.13256,,2,LECCE,17:40
2021-07-14,40.35379,18.19505,,2,LECCE,00:15
2021-07-14,40.35745,18.16738,,,LECCE,02:20
2021-07-14,40.36272,18.20499,,4,LECCE,02:30
2021-07-15,40.34983,18.1502,,,LECCE,07:45
2021-07-15,40.35535,18.18643,,1,LECCE,08:50
2021-07-15,40.32627,18.14724,,,LECCE,18:00
2021-07-16,40.36589,18.22135,,2,LECCE,12:50
2021-07-16,40.35129,18.16399,,1,LECCE,16:55
2021-07-17,40.3475,18.1715,,1,LECCE,00:30
2021-07-17,40.35555,18.19154,,1,LECCE,08:45
2021-07-17,40.32976,18.15197,,1,LECCE,21:00
2021-07-18,40.37545,18.21471,,,LECCE,04:30
2021-07-19,40.3551,18.18502,,,LECCE,21:05
2021-07-20,40.35552,18.18898,,1,LECCE,18:15
2021-07-21,40.35609,18.15294,,1,LECCE,11:30
2021-07-21,40.35209,18.17671,,1,LECCE,13:35
2021-07-21,40.32462,18.19008,,,LECCE,16:20
2021-07-22,40.35848,18.16285,,1,LECCE,09:30
2021-07-22,40.35641,18.15835,,1,LECCE,13:40
2021-07-23,40.46416,18.19783,,2,LECCE,11:00
2021-07-24,40.3652,18.17345,,1,LECCE,09:00
2021-07-24,40.35219,18.1859,,1,LECCE,11:40
2021-07-25,40.35682,18.16753,,,LECCE,19:30
2021-07-26,40.352312,18.182236,,1,LECCE,09:45
2021-07-26,40.34568,18.18353,,2,LECCE,20:15
2021-07-27,40.34696,18.16583,,1,LECCE,09:00
2021-07-27,40.34789,18.18474,,,LECCE,12:00
2021-07-27,40.35201,18.189,,1,LECCE,20:45
2021-07-28,40.36742,18.18454,,,LECCE,16:15
2021-07-29,40.36818,18.18344,,1,LECCE,15:15
2021-07-29,40.46325,18.19513,,3,LECCE,15:50
2021-07-30,40.34191,18.17598,,1,LECCE,09:00
2021-07-30,40.35379,18.17893,,,LECCE,10:10
2021-07-30,40.32968,18.16368,,1,LECCE,12:00
2021-07-30,40.35428,18.18879,,,LECCE,15:20
2021-07-31,40.34641,18.17068,,1,LECCE,08:05
2021-07-31,40.34815,18.16099,,1,LECCE,08:50
2021-07-31,40.36064,18.1866,,1,LECCE,20:40
2021-08-01,40.35424,18.17457,,,LECCE,09:35
2021-08-01,40.34577,18.17514,,2,LECCE,19:40
2021-08-01,40.45908,18.20551,,6,LECCE,21:40
2021-08-02,40.36059,18.19842,,,LECCE,09:00
2021-08-02,40.3611,18.15894,,,LECCE,12:15
2021-08-02,40.36451,18.14762,,,LECCE,17:49
2021-08-02,40.35847,18.18055,,1,LECCE,23:00
2021-08-03,40.35284,18.16747,,,LECCE,14:00
2021-08-03,40.35719,18.17801,,1,LECCE,17:05
2021-08-04,40.474338,18.122333,,1,LECCE,11:20
2021-08-04,40.344545,18.180595,,1,LECCE,18:50
2021-08-05,40.36157,18.15921,,,LECCE,10:10
2021-08-06,40.44273,18.09371,,1,LECCE,01:50
2021-08-06,40.35719,18.08176,,3,LECCE,07:15
2021-08-06,40.34601,18.17622,,2,LECCE,22:40
2021-08-07,40.36803,18.22402,,1,LECCE,07:00
2021-08-07,40.34347,18.16836,,1,LECCE,10:40
2021-08-08,40.37484,18.21746,,,LECCE,07:20
2021-08-08,40.38924,18.16995,,4,LECCE,09:44
2021-08-08,40.41311,18.17349,,1,LECCE,20:30
2021-08-08,40.37139,18.23629,,3,LECCE,23:55
2021-08-09,40.347848,18.184696,,,LECCE,22:00
2021-08-10,40.33159,18.15814,,1,LECCE,08:45
2021-08-10,40.35628,18.13727,,,LECCE,18:00
2021-08-11,40.34621,18.17081,,,LECCE,11:15
2021-08-11,40.34979,18.17337,,,LECCE,18:10
2021-08-12,40.35887,18.18328,,1,LECCE,08:40
2021-08-12,40.3675,18.22342,,2,LECCE,15:35
2021-08-12,40.34398,18.15787,,2,LECCE,19:50
2021-08-13,40.39506,18.19427,,2,LECCE,10:50
2021-08-14,40.35091,18.17929,,,LECCE,08:34
2021-08-14,40.38741,18.30309,,,LECCE,11:00
2021-08-14,40.33387,18.13389,,,LECCE,12:45
2021-08-14,40.37125,18.07093,,1,LECCE,16:20
2021-08-14,40.35404,18.18202,,,LECCE,21:10
2021-08-15,40.33742,18.13159,,1,LECCE,10:30
2021-08-15,40.43846,18.22556,,3,LECCE,14:45
2021-08-16,40.33966,18.17375,,,LECCE,12:00
2021-08-18,40.357885,18.181173,,1,LECCE,16:15
2021-08-18,40.35308,18.17838,,1,LECCE,19:35
2021-08-18,40.35049,18.17401,,,LECCE,20:26
2021-08-19,40.344885,18.181899,,1,LECCE,07:00
2021-08-20,40.34298,18.15959,,1,LECCE,15:50
2021-08-20,40.46777,18.19994,,,LECCE,18:00
2021-08-21,40.32799,18.18304,,,LECCE,18:20
2021-08-24,40.383628,18.156516,,,LECCE,02:30
2021-08-24,40.36555,18.17517,,1,LECCE,14:00
2021-08-24,40.35872,18.16321,,,LECCE,14:45
2021-08-24,40.34392,18.17013,,1,LECCE,19:00
2021-08-25,40.35284,18.18531,,,LECCE,15:00
2021-08-26,40.36089,18.17745,,,LECCE,12:30
2021-08-27,40.34171,18.13919,,4,LECCE,16:45
2021-08-27,40.3425,18.17572,,2,LECCE,20:00
2021-08-28,40.35012,18.16208,,,LECCE,16:40
2021-08-30,40.34773,18.16847,,2,LECCE,10:06
2021-08-31,40.3452,18.19347,,1,LECCE,00:45
2021-08-31,40.35246,18.17411,,1,LECCE,12:10
2021-08-31,40.34614,18.15862,,,LECCE,19:40
2021-09-01,40.34861,18.1736,,,LECCE,13:30
2021-09-01,40.34752,18.1715,,,LECCE,21:00
2021-09-02,40.31765,18.18822,,1,LECCE,18:00
2021-09-03,40.35364,18.1856,,,LECCE,05:45
2021-09-03,40.39506,18.21657,,2,LECCE,08:10
2021-09-03,40.36573,18.16355,1,1,LECCE,15:00
2021-09-03,40.35869,18.19149,,1,LECCE,19:45
2021-09-06,40.32081,18.19103,,1,LECCE,12:30
2021-09-06,40.3558,18.18135,,,LECCE,16:50
2021-09-06,40.38762,18.16912,1,,LECCE,19:20
2021-09-06,40.36371,18.17665,,1,LECCE,20:08
2021-09-07,40.341314,18.158049,,1,LECCE,20:00
2021-09-08,40.39994,18.24994,,1,LECCE,14:45
2021-09-08,40.35379,18.17966,,,LECCE,22:30
2021-09-09,40.38664,18.1687,,,LECCE,19:00
2021-09-10,40.34816,18.18874,,,LECCE,08:25
2021-09-10,40.35847,18.16282,,1,LECCE,11:30
2021-09-11,40.40195,18.16996,,1,LECCE,08:00
2021-09-11,40.34804,18.19449,,1,LECCE,13:15
2021-09-13,40.360991,18.169775,,,LECCE,12:35
2021-09-13,40.35522,18.16054,,1,LECCE,19:55
2021-09-14,40.32908,18.15797,,,LECCE,12:00
2021-09-14,40.35666,18.18064,,,LECCE,18:00
2021-09-15,40.3544,18.17643,,,LECCE,14:00
2021-09-16,40.33922,18.12937,,3,LECCE,10:45
2021-09-16,40.35856,18.17537,,1,LECCE,13:00
2021-09-16,40.36145,18.15742,,1,LECCE,15:30
2021-09-16,40.36001,18.18146,,1,LECCE,21:00
2021-09-17,40.36235,18.17657,,1,LECCE,07:30
2021-09-17,40.34895,18.17405,,1,LECCE,12:00
2021-09-17,40.35151,18.17482,,1,LECCE,14:59
2021-09-18,40.36163,18.18525,,1,LECCE,10:45
2021-09-18,40.35831,18.11744,,2,LECCE,17:00
2021-09-18,40.34661,18.16645,,,LECCE,21:30
2021-09-19,40.34803,18.15083,,1,LECCE,15:15
2021-09-19,40.36266,18.20532,,2,LECCE,17:24
2021-09-20,40.32621,18.15986,,,LECCE,08:50
2021-09-20,40.32544,18.16458,,1,LECCE,08:50
2021-09-20,40.34149,18.12827,,1,LECCE,13:10
2021-09-21,40.35599,18.17602,,,LECCE,04:06
2021-09-21,40.35296,18.17664,,,LECCE,10:15
2021-09-21,40.37122,18.17823,,1,LECCE,16:10
2021-09-21,40.33194,18.15818,,,LECCE,19:20
2021-09-22,40.34482,18.147,,1,LECCE,13:20
2021-09-23,40.34605,18.17114,,,LECCE,00:30
2021-09-23,40.35447,18.13256,,,LECCE,16:00
2021-09-24,40.34362,18.17262,,,LECCE,02:00
2021-09-24,40.3557,18.16485,,1,LECCE,18:00
2021-09-24,40.35361,18.22768,,1,LECCE,20:00
2021-09-24,40.34743,18.1545,,,LECCE,20:50
2021-09-25,40.347153,18.153695,,1,LECCE,12:10
2021-09-25,40.336505,18.171586,,1,LECCE,15:35
2021-09-25,40.354071,18.1809,,1,LECCE,17:15
2021-09-25,40.35681,18.17419,,,LECCE,21:00
2021-09-25,40.357232,18.167493,,1,LECCE,21:40
2021-09-26,40.33948,18.15723,,3,LECCE,01:25
2021-09-26,40.35661,18.15373,,1,LECCE,03:45
2021-09-26,40.355883,18.16792,,,LECCE,12:20
2021-09-27,40.36092,18.18731,,1,LECCE,10:00
2021-09-27,40.35649,18.1743,,1,LECCE,16:20
2021-09-28,40.33537,18.1302,,,LECCE,09:30
2021-09-28,40.35815,18.16804,,1,LECCE,13:25
2021-09-29,40.35661,18.16724,,1,LECCE,01:00
2021-09-29,40.35095,18.15908,,,LECCE,02:30
2021-09-29,40.35137,18.19559,,,LECCE,08:25
2021-09-29,40.36844,18.17402,,1,LECCE,12:30
2021-09-29,40.35638,18.18836,,,LECCE,19:25
2021-09-30,40.36249,18.15793,,1,LECCE,15:45
2021-09-30,40.32081,18.19103,,1,LECCE,17:30
2021-10-01,40.35237,18.18597,,1,LECCE,12:35
2021-10-01,40.32595,18.15496,,,LECCE,22:04
2021-10-02,40.34608,18.18641,,2,LECCE,09:00
2021-10-03,40.34868,18.15952,,,LECCE,01:00
2021-10-04,40.34217,18.14261,,,LECCE,08:35
2021-10-04,40.34861,18.1317,,1,LECCE,17:30
2021-10-05,40.35607,18.17571,,1,LECCE,01:00
2021-10-06,40.34685,18.15331,,1,LECCE,08:20
2021-10-06,40.35864,18.18293,,,LECCE,17:10
2021-10-07,40.32424,18.19054,,1,LECCE,07:40
2021-10-07,40.35608,18.1745,,2,LECCE,08:45
2021-10-07,40.34608,18.1779,,2,LECCE,09:45
2021-10-07,40.35304,18.17658,,,LECCE,11:20
2021-10-07,40.3465,18.1705,,1,LECCE,14:45
2021-10-07,40.44462,18.09663,,,LECCE,15:10
2021-10-08,40.34313,18.15916,,1,LECCE,20:20
2021-10-09,40.33833,18.15658,,1,LECCE,16:10
2021-10-10,40.37418,18.14024,,1,LECCE,20:19
2021-10-10,40.33876,18.16211,,1,LECCE,23:30
2021-10-12,40.32081,18.19103,,,LECCE,07:50
2021-10-13,40.35834,18.15512,,2,LECCE,19:15
2021-10-15,40.36326,18.17976,,1,LECCE,13:20
2021-10-15,40.33295,18.13276,,,LECCE,16:55
2021-10-15,40.35284,18.18108,,,LECCE,17:25
2021-10-15,40.33775,18.16812,,1,LECCE,20:00
2021-10-15,40.36242,18.15796,,1,LECCE,22:15
2021-10-16,40.44947,18.10809,,1,LECCE,05:00
2021-10-17,40.35193,18.1799,,1,LECCE,13:15
2021-10-18,40.35368,18.18572,,,LECCE,21:46
2021-10-19,40.34708,18.18423,,1,LECCE,08:15
2021-10-20,40.34323,18.17797,,,LECCE,07:40
2021-10-20,40.346405,18.160055,,,LECCE,15:20
2021-10-21,40.35055,18.18125,,,LECCE,13:40
2021-10-21,40.34616,18.20492,,,LECCE,21:30
2021-10-22,40.37789,18.15142,,3,LECCE,07:00
2021-10-22,40.3515,18.16413,,1,LECCE,10:15
2021-10-22,40.34515,18.20041,,,LECCE,13:30
2021-10-22,40.36232,18.19553,,1,LECCE,18:15
2021-10-23,40.35874,18.17539,,2,LECCE,23:15
2021-10-24,40.36302,18.16801,,,LECCE,05:50
2021-10-24,40.34952,18.16156,,1,LECCE,08:40
2021-10-24,40.45906,18.20548,,3,LECCE,11:15
2021-10-24,40.35788,18.18117,,1,LECCE,20:45
2021-10-26,40.34664,18.17017,,,LECCE,11:20
2021-10-26,40.36911,18.17323,,2,LECCE,14:25
2021-10-26,40.3551,18.18502,,,LECCE,18:30
2021-10-27,40.38298,18.15625,,,LECCE,06:15
2021-10-27,40.35961,18.15156,,,LECCE,09:10
2021-10-27,40.35874,18.16668,,1,LECCE,11:00
2021-10-28,40.35907,18.19269,,1,LECCE,08:19
2021-10-28,40.345854,18.166519,,,LECCE,12:45
2021-10-29,40.34633,18.1834,,3,LECCE,00:05
2021-10-29,40.3268,18.14484,,1,LECCE,11:30
2021-10-29,40.35711,18.18604,,1,LECCE,13:50
2021-10-29,40.35406,18.18349,,1,LECCE,19:40
2021-10-30,40.348,18.19412,,1,LECCE,08:00
2021-10-30,40.35576,18.17359,,1,LECCE,09:35
2021-10-30,40.33403,18.19409,,3,LECCE,15:35
2021-11-01,40.35379,18.16221,,1,LECCE,05:25
2021-11-01,40.3329,18.13276,,2,LECCE,21:00
2021-11-02,40.35057,18.16358,,1,LECCE,08:00
2021-11-02,40.33199,18.16645,,1,LECCE,10:05
2021-11-02,40.36445,18.15909,,1,LECCE,11:10
2021-11-03,40.3908,18.21973,,1,LECCE,09:00
2021-11-05,40.34733,18.18445,,1,LECCE,12:15
2021-11-06,40.35995,18.18164,,1,LECCE,10:00
2021-11-06,40.36525,18.18849,,1,LECCE,15:55
2021-11-06,40.36078,18.19858,,1,LECCE,20:00
2021-11-07,40.35219,18.17147,,,LECCE,14:30
2021-11-08,40.35606,18.17488,,2,LECCE,13:40
2021-11-08,40.34441,18.19442,,1,LECCE,15:10
2021-11-08,40.4008,18.10983,,1,LECCE,21:30
2021-11-09,40.35246,18.24304,,,LECCE,07:15
2021-11-09,40.36594,18.21361,,1,LECCE,08:45
2021-11-09,40.34812,18.16779,,1,LECCE,10:30
2021-11-09,40.35418,18.17394,,1,LECCE,10:45
2021-11-09,40.3473,18.18685,,,LECCE,13:35
2021-11-10,40.35306,18.18846,,2,LECCE,14:45
2021-11-10,40.34762,18.16014,,2,LECCE,15:05
2021-11-12,40.35303,18.17646,,1,LECCE,01:20
2021-11-12,40.33517,18.1674,,1,LECCE,08:00
2021-11-12,40.34859,18.16696,,,LECCE,09:30
2021-11-12,40.36633,18.18165,,,LECCE,18:10
2021-11-12,40.3911,18.19188,,,LECCE,19:30
2021-11-13,40.35784,18.17502,,1,LECCE,02:50
2021-11-13,40.34717,18.16933,,1,LECCE,13:05
2021-11-13,40.35616,18.17506,,,LECCE,22:40
2021-11-14,40.34348,18.173,,,LECCE,05:45
2021-11-14,40.36336,18.18226,,1,LECCE,19:30
2021-11-15,40.34859,18.16696,,1,LECCE,08:25
2021-11-15,40.36983,18.21891,,,LECCE,17:55
2021-11-16,40.36174,18.18832,,2,LECCE,08:10
2021-11-16,40.34744,18.14763,,,LECCE,10:20
2021-11-16,40.34409,18.17257,,,LECCE,11:40
2021-11-16,40.36053,18.15697,,1,LECCE,13:50
2021-11-17,40.38304,18.19934,,1,LECCE,08:15
2021-11-17,40.3571,18.1955,,,LECCE,20:50
2021-11-18,40.35099,18.17672,,,LECCE,19:40
2021-11-19,40.34167,18.20058,,1,LECCE,05:50
2021-11-20,40.33524,18.13016,,,LECCE,01:00
2021-11-20,40.34909,18.18177,,1,LECCE,17:15
2021-11-22,40.34903,18.16631,,4,LECCE,00:30
2021-11-22,40.35447,18.13256,,3,LECCE,05:30
2021-11-22,40.34616,18.20492,,1,LECCE,10:12
2021-11-22,40.35912,18.1839,,1,LECCE,20:20
2021-11-22,40.33151,18.16628,,1,LECCE,21:00
2021-11-23,40.38775,18.16724,,,LECCE,07:50
2021-11-23,40.35601,18.18857,,1,LECCE,08:25
2021-11-23,40.34753,18.16467,,,LECCE,17:30
2021-11-23,40.35403,18.18197,,,LECCE,19:55
2021-11-23,40.364121,18.201754,,1,LECCE,20:00
2021-11-24,40.35212,18.17717,,,LECCE,08:15
2021-11-24,40.36897,18.16867,,1,LECCE,13:20
2021-11-24,40.32412,18.18935,,,LECCE,16:40
2021-11-25,40.34274,18.18156,,1,LECCE,19:30
2021-11-25,40.35893,18.16855,,1,LECCE,20:30
2021-11-26,40.32861,18.14214,,2,LECCE,01:10
2021-11-26,40.34699,18.18104,,1,LECCE,08:00
2021-11-26,40.37403,18.17317,,,LECCE,09:50
2021-11-26,40.35958,18.19434,,1,LECCE,16:30
2021-11-26,40.34633,18.1834,,,LECCE,18:30
2021-11-28,40.35872,18.17543,,1,LECCE,02:00
2021-11-30,40.35119,18.16393,,1,LECCE,18:35
2021-12-02,40.36543,18.17297,,,LECCE,00:01
2021-12-02,40.33792,18.1902,,,LECCE,07:00
2021-12-03,40.350863,18.203167,,,LECCE,08:30
2021-12-03,40.346997,18.186793,,,LECCE,10:26
2021-12-03,40.353794,18.185676,,,LECCE,14:20
2021-12-04,40.347639,18.179155,,,LECCE,02:30
2021-12-04,40.34971,18.18162,,2,LECCE,13:05
2021-12-04,40.34659,18.18174,,1,LECCE,16:45
2021-12-04,40.35388,18.17965,,2,LECCE,21:30
2021-12-04,40.35052,18.17812,,,LECCE,23:35
2021-12-06,40.3571,18.18603,,,LECCE,16:40
2021-12-06,40.32505,18.19053,,1,LECCE,17:00
2021-12-06,40.35062,18.17162,,1,LECCE,23:30
2021-12-07,40.36112,18.15723,,,LECCE,07:45
2021-12-07,40.36498,18.14453,,1,LECCE,10:25
2021-12-07,40.32322,18.18594,,,LECCE,15:10
2021-12-07,40.34419,18.1575,,2,LECCE,18:10
2021-12-07,40.3593,18.156,,1,LECCE,18:50
2021-12-08,40.3628,18.15066,,,LECCE,00:10
2021-12-08,40.34616,18.17608,,,LECCE,10:40
2021-12-08,40.36234,18.17661,,1,LECCE,18:00
2021-12-09,40.362698,18.168114,,,LECCE,12:15
2021-12-09,40.34943,18.17952,,2,LECCE,17:50
2021-12-10,40.35366,18.1765,,6,LECCE,11:20
2021-12-10,40.35718,18.18627,,1,LECCE,16:15
2021-12-10,40.35413,18.17397,,1,LECCE,19:35
2021-12-10,40.36115,18.16997,,,LECCE,22:35
2021-12-11,40.35695,18.15376,,1,LECCE,00:35
2021-12-11,40.38499,18.18917,,,LECCE,08:55
2021-12-11,40.36756,18.21948,,,LECCE,09:40
2021-12-11,40.35663,18.18062,,,LECCE,10:45
2021-12-11,40.34315,18.1779,,1,LECCE,13:50
2021-12-12,40.36442,18.16515,,2,LECCE,00:20
2021-12-12,40.35231,18.16541,,,LECCE,18:05
2021-12-15,40.356965,18.1819,,1,LECCE,15:30
2021-12-15,40.3503,18.17576,,1,LECCE,16:35
2021-12-16,40.33754,18.11566,,2,LECCE,10:04
2021-12-16,40.35284,18.18109,,,LECCE,20:05
2021-12-17,40.36317,18.19617,,,LECCE,14:00
2021-12-17,40.3297,18.16355,,,LECCE,19:00
2021-12-18,40.39026,18.08271,,,LECCE,07:00
2021-12-18,40.43977,18.22409,,,LECCE,11:00
2021-12-18,40.358539,18.162734,,1,LECCE,20:15
2021-12-19,40.348281,18.173697,,3,LECCE,13:00
2021-12-20,40.37299,18.2454,,,LECCE,15:45
2021-12-20,40.32415,18.19009,,1,LECCE,20:30
2021-12-21,40.360346,18.156866,,1,LECCE,18:50
2021-12-21,40.354645,18.181619,,1,LECCE,20:50
2021-12-22,40.354506,18.173604,,1,LECCE,11:40
2021-12-22,40.345959,18.182922,,,LECCE,19:30
2021-12-22,40.360055,18.17178,,1,LECCE,21:40
2021-12-23,40.357488,18.190824,,1,LECCE,12:50
2021-12-23,40.364249,18.192248,,2,LECCE,20:00
2021-12-24,40.36376,18.16968,,,LECCE,12:59
2021-12-24,40.35981,18.17924,,,LECCE,19:00
2021-12-25,40.38559,18.18672,,1,LECCE,00:15
2021-12-25,40.357251,18.173915,,,LECCE,22:15
2021-12-26,40.368303,18.218252,,,LECCE,08:00
2021-12-26,40.378158,18.261706,,,LECCE,11:45
2021-12-26,40.35097,18.1766,,2,LECCE,23:16
2021-12-28,40.349878,18.185952,,1,LECCE,07:00
2021-12-30,40.32244,18.18888,,,LECCE,18:00
2021-12-31,40.351908,18.179892,,1,LECCE,08:41
2022-01-01,40.372296,18.148666,,1,LECCE,03:50
2022-01-01,40.362492,18.167398,,,LECCE,05:15
2022-01-03,40.34616,18.19021,,1,LECCE,10:55
2022-01-03,40.36141,18.15421,,,LECCE,16:40
2022-01-03,40.35528,18.18516,,,LECCE,18:20
2022-01-03,40.34751,18.17152,,1,LECCE,23:15
2022-01-04,40.35122,18.17678,,1,LECCE,00:05
2022-01-04,40.3486,18.17361,,2,LECCE,18:30
2022-01-04,40.34311,18.17803,,1,LECCE,20:05
2022-01-04,40.35236,18.16387,,,LECCE,21:00
2022-01-06,40.36174,18.1856,,,LECCE,00:00
2022-01-06,40.35945,18.17718,,1,LECCE,11:50
2022-01-06,40.347922,18.177509,,,LECCE,21:25
2022-01-07,40.35832,18.20341,,,LECCE,01:30
2022-01-07,40.35815,18.18101,,1,LECCE,15:15
2022-01-08,40.346158,18.204915,,,LECCE,08:40
2022-01-08,40.364433,18.165516,,,LECCE,12:15
2022-01-08,40.357825,18.180024,,1,LECCE,12:20
2022-01-08,40.399147,17.930272,,2,LECCE,13:40
2022-01-09,40.35223,18.17987,,1,LECCE,20:40
2022-01-10,40.34395,18.1751,,,LECCE,10:00
2022-01-10,40.353631,18.185749,,,LECCE,11:00
2022-01-13,40.343386,18.173046,,,LECCE,08:51
2022-01-13,40.3551,18.17367,,1,LECCE,15:50
2022-01-13,40.32318,18.17402,,,LECCE,21:20
2022-01-14,40.35719,18.17798,,1,LECCE,09:00
2022-01-16,40.35667,18.18415,,1,LECCE,13:00
2022-01-16,40.3837,18.15702,,1,LECCE,20:50
2022-01-17,40.351395,18.186971,,1,LECCE,12:56
2022-01-17,40.365633,18.198407,,,LECCE,15:55
2022-01-17,40.34849,18.20472,,,LECCE,20:30
2022-01-18,40.33816,18.133,,1,LECCE,08:15
2022-01-20,40.34492,18.20392,,1,LECCE,09:05
2022-01-20,40.357778,18.173333,,1,LECCE,12:40
2022-01-20,40.351917,18.258879,,1,LECCE,15:00
2022-01-21,40.371247,18.186365,,1,LECCE,08:50
2022-01-21,40.39208,18.219038,,2,LECCE,13:05
2022-01-21,40.370804,18.218513,,1,LECCE,19:32
2022-01-21,40.3523,18.18268,,,LECCE,23:30
2022-01-22,40.339829,18.135798,,2,LECCE,09:10
2022-01-22,40.346949,18.180242,,,LECCE,11:34
2022-01-24,40.366667,18.186055,,1,LECCE,11:31
2022-01-25,40.348172,18.176864,,1,LECCE,10:15
2022-01-25,40.34904,18.17406,,2,LECCE,13:15
2022-01-25,40.36142,18.17786,,,LECCE,13:30
2022-01-26,40.36485,18.16248,,,LECCE,21:30
2022-01-27,40.35717,18.1675,,,LECCE,08:05
2022-01-28,40.343536,18.173186,,1,LECCE,08:30
2022-01-28,40.358743,18.166683,,1,LECCE,15:32
2022-01-29,40.36358,18.16621,,,LECCE,21:30
2022-01-29,40.36581,18.16291,,2,LECCE,22:00
2022-01-30,40.36146,18.18815,,1,LECCE,00:40
2022-01-30,40.35174,18.17722,,1,LECCE,18:55
2022-02-01,40.346158,18.204915,,,LECCE,08:48
2022-02-01,40.340252,18.136168,,2,LECCE,10:50
2022-02-01,40.354037,18.185431,,,LECCE,12:30
2022-02-01,40.35386,18.17965,,1,LECCE,19:00
2022-02-02,40.452011,18.219853,,2,LECCE,12:00
2022-02-02,40.350878,18.185842,,,LECCE,16:20
2022-02-03,40.331511,18.160666,,,LECCE,11:00
2022-02-04,40.351904,18.176885,,,LECCE,13:45
2022-02-05,40.355405,18.179533,,1,LECCE,11:25
2022-02-05,40.34417,18.17979,,1,LECCE,19:40
2022-02-05,40.343985,18.157873,,,LECCE,21:30
2022-02-06,40.337902,18.132138,,,LECCE,05:45
2022-02-06,40.346602,18.146282,,1,LECCE,08:30
2022-02-08,40.353706,18.185685,,,LECCE,11:15
2022-02-09,40.350892,18.176919,,,LECCE,12:57
2022-02-09,40.354469,18.132562,,,LECCE,20:25
2022-02-10,40.351624,18.161368,,1,LECCE,09:45
2022-02-10,40.362386,18.181282,,1,LECCE,13:20
2022-02-10,40.339469,18.157204,,1,LECCE,15:00
2022-02-13,40.38082,18.133707,,1,LECCE,05:35
2022-02-13,40.36397,18.16586,,,LECCE,19:40
2022-02-14,40.35066,18.16345,,,LECCE,03:30
2022-02-14,40.35578,18.19369,,,LECCE,23:00
2022-02-15,40.34664,18.18856,,,LECCE,09:30
2022-02-15,40.360897,18.18074,,,LECCE,14:00
2022-02-16,40.344577,18.14442,,1,LECCE,07:50
2022-02-16,40.326146,18.152242,,,LECCE,12:50
2022-02-16,40.36316,18.19622,,1,LECCE,14:20
2022-02-17,40.34616,18.20492,,1,LECCE,00:01
2022-02-17,40.463745,18.198559,,1,LECCE,15:10
2022-02-18,40.35587,18.1849,,,LECCE,08:20
2022-02-18,40.34477,18.1843,,,LECCE,09:10
2022-02-18,40.3527,18.18599,,1,LECCE,09:20
2022-02-18,40.35095,18.18586,,,LECCE,18:00
2022-02-18,40.35297,18.18923,,2,LECCE,20:00
2022-02-19,40.35404,18.18253,,,LECCE,18:30
2022-02-19,40.35672,18.184226,,1,LECCE,19:00
2022-02-19,40.35712,18.18406,,,LECCE,21:25
2022-02-19,40.34586,18.19118,,,LECCE,21:48
2022-02-20,40.338052,18.159356,,,LECCE,12:30
2022-02-20,40.38748,18.09322,,1,LECCE,18:20
2022-02-20,40.33953,18.15722,,,LECCE,21:30
2022-02-21,40.356,18.18382,,,LECCE,10:30
2022-02-24,40.36058,18.18664,,2,LECCE,08:15
2022-02-24,40.349324,18.161851,,,LECCE,15:00
2022-02-25,40.341494,18.161847,,1,LECCE,11:50
2022-02-25,40.3489,18.180442,,,LECCE,13:40
2022-02-25,40.341711,18.139192,,,LECCE,18:40
2022-02-26,40.37264,18.17566,,4,LECCE,12:05
2022-02-26,40.35819,18.19101,,1,LECCE,13:15
2022-02-26,40.361037,18.193941,,1,LECCE,19:35
2022-02-26,40.3653,18.16413,,1,LECCE,23:40
2022-02-27,40.34749,18.17148,,1,LECCE,21:50
2022-02-28,40.357182,18.177988,,1,LECCE,17:00
2022-02-28,40.362965,18.150298,,1,LECCE,23:15
2022-03-01,40.349252,18.161861,,1,LECCE,03:00
2022-03-02,40.347995,18.160815,,,LECCE,12:15
2022-03-02,40.35478,18.18516,,1,LECCE,19:40
2022-03-03,40.32809,18.183127,,1,LECCE,18:00
2022-03-04,40.360716,18.170478,,,LECCE,13:00
2022-03-04,40.358699,18.13966,,2,LECCE,16:10
2022-03-04,40.35371,18.18567,,1,LECCE,19:00
2022-03-05,40.35431,18.1656,,,LECCE,16:40
2022-03-06,40.362547,18.172626,,1,LECCE,19:00
2022-03-06,40.38667,18.17472,,1,LECCE,22:30
2022-03-07,40.36133,18.17624,,1,LECCE,14:40
2022-03-07,40.352631,18.178663,,,LECCE,17:10
2022-03-08,40.333833,18.169981,,2,LECCE,13:45
2022-03-08,40.34167,18.20058,,,LECCE,17:15
2022-03-08,40.342815,18.176874,,1,LECCE,18:20
2022-03-08,40.33958,18.16876,,,LECCE,19:00
2022-03-08,40.346158,18.204915,,,LECCE,19:10
2022-03-08,40.34011,18.16898,,,LECCE,19:20
2022-03-09,40.34367,18.17444,,1,LECCE,10:25
2022-03-09,40.38702,18.16493,,,LECCE,10:35
2022-03-09,40.35375,18.19499,,,LECCE,12:25
2022-03-09,40.37356,18.1411,,3,LECCE,13:55
2022-03-10,40.35312,18.177532,,1,LECCE,10:30
2022-03-10,40.340791,18.201264,,,LECCE,13:00
2022-03-10,40.360747,18.169925,,1,LECCE,18:03
2022-03-11,40.360863,18.1698,,,LECCE,09:20
2022-03-11,40.34258,18.17551,,,LECCE,10:00
2022-03-11,40.326319,18.150148,,2,LECCE,16:50
2022-03-12,40.35599,18.17408,,1,LECCE,10:04
2022-03-12,40.36308,18.15002,,,LECCE,13:25
2022-03-13,40.3477,18.15534,,,LECCE,01:45
2022-03-13,40.446008,18.162441,,,LECCE,08:40
2022-03-13,40.336,18.16755,,1,LECCE,12:30
2022-03-13,40.371949,18.138464,,,LECCE,17:15
2022-03-13,40.34868,18.16456,,1,LECCE,18:40
2022-03-13,40.348594,18.166955,,1,LECCE,21:30
2022-03-14,40.35883,18.183349,,,LECCE,09:50
2022-03-14,40.3655,18.16637,,,LECCE,15:30
2022-03-15,40.336479,18.174696,,1,LECCE,13:08
2022-03-15,40.34137,18.17603,,,LECCE,15:30
2022-03-15,40.35124,18.17676,,1,LECCE,18:00
2022-03-15,40.34526,18.14517,,1,LECCE,20:30
2022-03-16,40.342574,18.176054,,1,LECCE,08:50
2022-03-17,40.36442,18.167227,,,LECCE,12:25
2022-03-17,40.360441,18.16911,,,LECCE,17:45
2022-03-18,40.351179,18.165542,,,LECCE,10:30
2022-03-19,40.362631,18.173995,,,LECCE,10:30
2022-03-19,40.34681,18.188183,,1,LECCE,13:15
2022-03-19,40.36305,18.14683,,2,LECCE,20:00
2022-03-20,40.353746,18.194985,,1,LECCE,16:15
2022-03-20,40.361462,18.180201,,,LECCE,17:00
2022-03-21,40.34416,18.14467,,1,LECCE,07:55
2022-03-21,40.36018,18.1743,,,LECCE,10:11
2022-03-21,40.350042,18.162409,,1,LECCE,11:20
2022-03-22,40.351481,18.185789,,3,LECCE,07:55
2022-03-22,40.339818,18.176728,,,LECCE,09:15
2022-03-22,40.36017,18.17688,,,LECCE,10:23
2022-03-22,40.346512,18.182284,,,LECCE,11:00
2022-03-22,40.349714,18.174923,,,LECCE,13:15
2022-03-23,40.34097,18.17472,,,LECCE,09:30
2022-03-24,40.358692,18.173132,,1,LECCE,08:20
2022-03-24,40.35515,18.18621,,1,LECCE,11:10
2022-03-24,40.350406,18.160803,,1,LECCE,20:30
2022-03-25,40.363972,18.165864,,1,LECCE,01:40
2022-03-25,40.36602,18.17209,,,LECCE,09:20
2022-03-26,40.349886,18.165846,,,LECCE,00:00
2022-03-26,40.34383,18.1839,,,LECCE,12:15
2022-03-26,40.3533,18.16602,,,LECCE,20:48
2022-03-27,40.37423,18.14888,,1,LECCE,03:30
2022-03-27,40.38878,18.30112,,,LECCE,12:30
2022-03-28,40.34933,18.17051,,,LECCE,01:00
2022-03-28,40.34543,18.20148,,1,LECCE,07:30
2022-03-28,40.39825,18.15561,,1,LECCE,09:00
2022-03-28,40.34957,18.16606,,1,LECCE,19:10
2022-03-29,40.371414,18.236616,,1,LECCE,07:40
2022-03-29,40.35289,18.18215,,,LECCE,09:25
2022-03-29,40.337959,18.174183,,1,LECCE,16:05
2022-03-29,40.34818,18.16772,,2,LECCE,17:05
2022-03-29,40.366583,18.186177,,1,LECCE,20:00
2022-03-30,40.357232,18.16211,,,LECCE,19:05
2022-03-30,40.346823,18.188094,,,LECCE,22:30
2022-03-31,40.364795,18.194222,,,LECCE,11:50
2022-03-31,40.350113,18.16317,,1,LECCE,15:31
2022-04-01,40.347618,18.185521,,,LECCE,10:30
2022-04-01,40.35019,18.173814,,,LECCE,12:00
2022-04-01,40.36252,18.17666,,1,LECCE,18:10
2022-04-01,40.343476,18.175194,,1,LECCE,21:20
2022-04-02,40.356692,18.2048,,1,LECCE,10:45
2022-04-03,40.338689,18.15305,,1,LECCE,19:20
2022-04-04,40.346158,18.204915,,1,LECCE,09:15
2022-04-05,40.347646,18.185987,,2,LECCE,09:22
2022-04-05,40.364208,18.19228,,1,LECCE,12:35
2022-04-05,40.443122,18.094459,,1,LECCE,16:15
2022-04-06,40.360593,18.186706,,1,LECCE,19:50
2022-04-07,40.35679,18.16067,,1,LECCE,11:00
2022-04-07,40.33924,18.1759,,1,LECCE,16:40
2022-04-07,40.347214,18.184409,,,LECCE,18:55
2022-04-07,40.355135,18.184988,,,LECCE,20:25
2022-04-08,40.357191,18.189294,,1,LECCE,09:10
2022-04-08,40.359724,18.206023,,,LECCE,13:15
2022-04-08,40.349178,18.185541,,,LECCE,16:45
2022-04-09,40.347009,18.15952,,1,LECCE,09:30
2022-04-10,40.35732,18.16893,,,LECCE,13:00
2022-04-10,40.35303,18.17646,,,LECCE,19:00
2022-04-11,40.362839,18.173111,,1,LECCE,01:55
2022-04-11,40.359302,18.202631,,,LECCE,13:05
2022-04-12,40.33635,18.15105,,,LECCE,15:15
2022-04-12,40.343985,18.157873,,3,LECCE,17:00
2022-04-12,40.32634,18.14724,,,LECCE,19:20
2022-04-12,40.3529,18.17293,,1,LECCE,19:45
2022-04-13,40.3652,18.17677,,1,LECCE,07:00
2022-04-13,40.34719,18.17191,,1,LECCE,08:30
2022-04-13,40.354422,18.179515,,2,LECCE,09:30
2022-04-14,40.35509,18.15983,,1,LECCE,17:55
2022-04-15,40.365295,18.209028,,1,LECCE,00:05
2022-04-15,40.351187,18.165549,,,LECCE,11:30
2022-04-15,40.35613,18.18237,,1,LECCE,22:15
2022-04-16,40.3538,18.17965,,3,LECCE,00:10
2022-04-17,40.349315,18.171087,,1,LECCE,09:35
2022-04-17,40.369975,18.180634,,,LECCE,23:45
2022-04-18,40.356856,18.176749,,,LECCE,13:21
2022-04-19,40.362787,18.175355,,,LECCE,13:00
2022-04-19,40.347602,18.172244,,1,LECCE,17:50
2022-04-19,40.34516,18.19804,,,LECCE,19:20
2022-04-20,40.347988,18.194124,,,LECCE,09:15
2022-04-20,40.35097,18.1831,,1,LECCE,12:50
2022-04-20,40.357001,18.16449,,,LECCE,18:00
2022-04-21,40.384628,18.168722,,,LECCE,10:25
2022-04-21,40.34533,18.14796,,1,LECCE,19:25
2022-04-22,40.37378,18.24497,,,LECCE,02:00
2022-04-23,40.35372,18.19407,,,LECCE,01:40
2022-04-23,40.34376,18.17435,,1,LECCE,19:00
2022-04-24,40.343943,18.175047,,,LECCE,19:00
2022-04-25,40.35238,18.18606,,1,LECCE,10:30
2022-04-26,40.354675,18.218896,,,LECCE,16:15
2022-04-27,40.32634,18.14715,,2,LECCE,08:50
2022-04-27,40.35822,18.18414,,,LECCE,11:50
2022-04-27,40.36795,18.20241,,,LECCE,15:30
2022-04-27,40.34799,18.19412,,3,LECCE,17:10
2022-04-28,40.34919,18.17803,,,LECCE,11:00
2022-04-28,40.35428,18.18879,,1,LECCE,12:41
2022-04-29,40.34306,18.17233,,,LECCE,02:00
2022-04-29,40.36239,18.16965,,,LECCE,10:15
2022-04-29,40.352436,18.169324,,1,LECCE,10:50
2022-04-30,40.364981,18.144526,,1,LECCE,12:15
2022-04-30,40.33502,18.16785,,,LECCE,13:35
2022-05-01,40.35465,18.17827,,1,LECCE,02:15
2022-05-01,40.35405,18.18077,,,LECCE,03:30
2022-05-01,40.35875,18.19148,,2,LECCE,12:30
2022-05-01,40.349424,18.185917,,1,LECCE,20:05
2022-05-02,40.35461,18.17059,,,LECCE,11:15
2022-05-03,40.35887,18.20006,,1,LECCE,07:40
2022-05-03,40.356614,18.165397,,1,LECCE,07:47
2022-05-03,40.3574,18.15401,,,LECCE,21:00
2022-05-04,40.338356,18.180921,,,LECCE,08:10
2022-05-06,40.364256,18.22062,,2,LECCE,11:11
2022-05-06,40.3651,18.16712,,,LECCE,11:55
2022-05-06,40.3421,18.17389,,1,LECCE,12:55
2022-05-07,40.346848,18.187459,,1,LECCE,18:30
2022-05-07,40.354,18.17659,,1,LECCE,19:30
2022-05-07,40.35396,18.18311,,1,LECCE,21:45
2022-05-09,40.354469,18.132562,,1,LECCE,07:30
2022-05-09,40.36789,18.1444,,1,LECCE,13:30
2022-05-09,40.338594,18.161226,,,LECCE,15:20
2022-05-09,40.35359,18.16196,,,LECCE,15:30
2022-05-10,40.356425,18.176691,,,LECCE,06:00
2022-05-10,40.362588,18.186676,,,LECCE,07:00
2022-05-10,40.33901,18.17724,,,LECCE,10:30
2022-05-10,40.35997,18.166853,,,LECCE,17:05
2022-05-11,40.33955,18.17184,,,LECCE,12:10
2022-05-11,40.33796,18.17209,,1,LECCE,17:10
2022-05-12,40.364471,18.165202,,1,LECCE,10:30
2022-05-12,40.350974,18.176432,,,LECCE,11:50
2022-05-12,40.39331,18.301997,,,LECCE,14:00
2022-05-12,40.32679,18.187,,2,LECCE,15:54
2022-05-12,40.35445,18.15134,,3,LECCE,20:15
2022-05-13,40.348738,18.17372,,,LECCE,08:40
2022-05-13,40.337795,18.199821,,1,LECCE,13:50
2022-05-13,40.354,18.17659,,1,LECCE,21:50
2022-05-14,40.369671,18.168622,,,LECCE,06:20
2022-05-15,40.3557,18.1915,,1,LECCE,11:30
2022-05-15,40.36301,18.20647,,4,LECCE,18:10
2022-05-15,40.3552,18.17632,,1,LECCE,21:00
2022-05-16,40.34616,18.20492,,1,LECCE,15:55
2022-05-16,40.36092,18.17374,,,LECCE,23:05
2022-05-18,40.34541,18.1723,,,LECCE,08:30
2022-05-18,40.351796,18.161871,,,LECCE,14:35
2022-05-18,40.36898,18.16866,,1,LECCE,19:45
2022-05-19,40.359578,18.194339,,,LECCE,08:30
2022-05-19,40.343145,18.173494,,2,LECCE,13:25
2022-05-19,40.36292,18.14857,,,LECCE,14:30
2022-05-19,40.3883,18.08957,,1,LECCE,21:15
2022-05-20,40.340527,18.163595,,1,LECCE,09:20
2022-05-20,40.33571,18.19211,,1,LECCE,16:55
2022-05-20,40.33324,18.13424,,1,LECCE,19:20
2022-05-21,40.35224,18.17736,,1,LECCE,09:15
2022-05-21,40.36007,18.17576,,,LECCE,15:00
2022-05-23,40.359946,18.166855,,,LECCE,09:55
2022-05-23,40.371217,18.178232,,,LECCE,12:10
2022-05-23,40.36108,18.1705,,1,LECCE,19:10
2022-05-24,40.364571,18.178275,,,LECCE,08:30
2022-05-24,40.341672,18.200582,,1,LECCE,10:50
2022-05-24,40.36778,18.20221,,1,LECCE,15:45
2022-05-25,40.47944,18.15452,,,LECCE,15:30
2022-05-25,40.364981,18.144526,,1,LECCE,20:20
2022-05-26,40.36126,18.17628,,,LECCE,19:40
2022-05-26,40.34377,18.17433,,1,LECCE,22:00
2022-05-27,40.351934,18.164567,,1,LECCE,04:20
2022-05-27,40.359071,18.172941,,1,LECCE,13:15
2022-05-27,40.345178,18.193677,,1,LECCE,14:45
2022-05-27,40.36601,18.19004,,,LECCE,17:30
2022-05-28,40.35468,18.2189,,,LECCE,11:15
2022-05-28,40.37074,18.20208,,1,LECCE,22:30
2022-05-30,40.354469,18.132562,,,LECCE,14:08
2022-05-31,40.347988,18.194124,,3,LECCE,09:05
2022-05-31,40.34763,18.17223,,,LECCE,15:45
2022-05-31,40.353563,18.180986,,,LECCE,20:50
2022-06-01,40.36342,18.187042,,1,LECCE,08:50
2022-06-01,40.34912,18.172871,,1,LECCE,16:18
2022-06-01,40.35375,18.19499,,1,LECCE,18:10
2022-06-01,40.34437,18.157219,,2,LECCE,19:40
2022-06-02,40.357,18.18399,,,LECCE,15:40
2022-06-02,40.359676,18.184888,,,LECCE,18:10
2022-06-03,40.351048,18.163856,,,LECCE,12:00
2022-06-04,40.35377,18.17168,,1,LECCE,11:00
2022-06-04,40.387299,18.164183,1,,LECCE,13:04
2022-06-05,40.351838,18.178665,,,LECCE,02:45
2022-06-05,40.35104,18.176773,,1,LECCE,07:10
2022-06-05,40.33215,18.19614,,,LECCE,11:55
2022-06-06,40.329824,18.163431,,1,LECCE,11:00
2022-06-06,40.348168,18.172921,,2,LECCE,13:30
2022-06-06,40.360514,18.180858,,,LECCE,19:13
2022-06-07,40.35755,18.21746,,1,LECCE,06:40
2022-06-07,40.339061,18.157251,,,LECCE,11:05
2022-06-07,40.34774,18.16071,,1,LECCE,12:00
2022-06-07,40.35235,18.16881,,,LECCE,17:40
2022-06-07,40.369671,18.168622,,,LECCE,17:55
2022-06-07,40.34849,18.20472,,,LECCE,18:30
2022-06-08,40.3408,18.17317,,,LECCE,14:00
2022-06-08,40.36721,18.20176,,,LECCE,15:30
2022-06-08,40.36739,18.21912,,,LECCE,17:50
2022-06-08,40.352214,18.186114,,1,LECCE,20:14
2022-06-08,40.352214,18.186114,,,LECCE,20:14
2022-06-10,40.342214,18.121574,,,LECCE,07:00
2022-06-11,40.355688,18.166687,,1,LECCE,20:20
2022-06-11,40.34984,18.1869,,1,LECCE,21:40
2022-06-12,40.342843,18.174435,,1,LECCE,17:08
2022-06-12,40.35364,18.17651,,1,LECCE,20:45
2022-06-12,40.341701,18.170402,,,LECCE,21:55
2022-06-12,40.46381,18.15643,,1,LECCE,22:15
2022-06-12,40.357,18.18205,,,LECCE,22:30
2022-06-13,40.34449,18.14566,,1,LECCE,16:50
2022-06-13,40.354003,18.176591,,1,LECCE,22:30
2022-06-14,40.352634,18.177658,,,LECCE,13:30
2022-06-14,40.347014,18.184302,,,LECCE,14:50
2022-06-14,40.35715,18.15707,,,LECCE,15:20
2022-06-14,40.35427,18.18302,,1,LECCE,20:00
2022-06-15,40.35259,18.17871,,1,LECCE,11:00
2022-06-15,40.362748,18.175273,,1,LECCE,16:30
2022-06-16,40.186471,18.086958,,,LECCE,13:00
2022-06-17,40.356546,18.186646,,1,LECCE,09:40
2022-06-17,40.36319,18.16967,,,LECCE,13:45
2022-06-17,40.361439,18.17335,,1,LECCE,15:25
2022-06-17,40.339193,18.178989,,,LECCE,20:45
2022-06-18,40.320808,18.19103,,1,LECCE,11:35
2022-06-18,40.344,18.17963,,1,LECCE,11:45
2022-06-18,40.359202,18.168731,,,LECCE,17:20
2022-06-18,40.34398,18.15787,,,LECCE,18:15
2022-06-19,40.355429,18.177047,,,LECCE,13:10
2022-06-19,40.36856,18.20174,,,LECCE,20:40
2022-06-19,40.36672,18.20089,,,LECCE,20:45
2022-06-20,40.351516,18.175016,,1,LECCE,09:00
2022-06-20,40.345237,18.182639,,,LECCE,16:30
2022-06-20,40.326821,18.186823,,,LECCE,17:00
2022-06-21,40.357792,18.175018,,,LECCE,12:30
2022-06-21,40.35508,18.18419,,,LECCE,14:02
2022-06-22,40.33679,18.19016,,1,LECCE,19:20
2022-06-24,40.34876,18.17415,,,LECCE,20:35
2022-06-25,40.33964,18.18544,,,LECCE,11:50
2022-06-25,40.439591,18.142911,1,1,LECCE,14:00
2022-06-26,40.381629,18.202513,1,,LECCE,10:30
2022-06-26,40.34316,18.15921,,3,LECCE,14:40
2022-06-26,40.38645,18.10743,,1,LECCE,20:30
2022-06-27,40.35415,18.18538,,1,LECCE,07:55
2022-06-27,40.351517,18.16273,,,LECCE,09:40
2022-06-27,40.36351,18.17898,,,LECCE,11:30
2022-06-27,40.34977,18.15767,,,LECCE,18:40
2022-06-27,40.35297,18.1831,,1,LECCE,21:20
2022-06-28,40.35788,18.18117,,1,LECCE,08:40
2022-06-29,40.32653,18.15582,,2,LECCE,13:05
2022-06-29,40.363012,18.206473,,,LECCE,20:15
2022-06-30,40.34025,18.16514,,,LECCE,01:20
2022-06-30,40.360178,18.181342,,,LECCE,20:00
2022-07-01,40.35882,18.19185,,1,LECCE,08:05
2022-07-01,40.34398,18.15787,,1,LECCE,16:20
2022-07-02,40.353715,18.177599,,1,LECCE,12:30
2022-07-02,40.342586,18.175664,,1,LECCE,21:00
2022-07-03,40.352983,18.178538,,1,LECCE,12:40
2022-07-04,40.338106,18.157668,,1,LECCE,08:10
2022-07-04,40.382703,18.225857,,1,LECCE,09:25
2022-07-04,40.350832,18.177673,,,LECCE,17:45
2022-07-05,40.34398,18.15787,,1,LECCE,08:10
2022-07-05,40.35205,18.18149,,,LECCE,15:50
2022-07-06,40.32472,18.18539,,,LECCE,03:45
2022-07-06,40.36239,18.18128,,1,LECCE,09:10
2022-07-06,40.341721,18.121351,,,LECCE,10:25
2022-07-06,40.35252,18.17711,,1,LECCE,11:20
2022-07-06,40.35223,18.18307,,1,LECCE,19:00
2022-07-07,40.35393,18.18512,,,LECCE,00:05
2022-07-07,40.35415,18.18538,,,LECCE,01:00
2022-07-07,40.353739,18.194986,,1,LECCE,13:38
2022-07-07,40.361,18.15489,,,LECCE,14:30
2022-07-07,40.35243,18.17713,,1,LECCE,17:45
2022-07-07,40.34859,18.16696,,1,LECCE,19:00
2022-07-08,40.363483,18.178543,,1,LECCE,12:25
2022-07-08,40.3247,18.14726,,1,LECCE,19:30
2022-07-08,40.35466,18.17827,,,LECCE,21:30
2022-07-09,40.348647,18.173578,,1,LECCE,10:00
2022-07-09,40.355909,18.195708,,1,LECCE,12:00
2022-07-09,40.342812,18.210465,,,LECCE,15:30
2022-07-10,40.3552,18.17632,,,LECCE,20:20
2022-07-11,40.34659,18.18383,,1,LECCE,11:45
2022-07-11,40.361327,18.176242,,1,LECCE,12:30
2022-07-11,40.36498,18.14453,,1,LECCE,18:20
2022-07-11,40.35095,18.18309,,,LECCE,21:05
2022-07-12,40.347876,18.168184,,,LECCE,12:25
2022-07-12,40.33587,18.146957,,,LECCE,14:25
2022-07-13,40.35415,18.18538,,2,LECCE,19:55
2022-07-14,40.36019,18.18581,,1,LECCE,08:45
2022-07-15,40.33833,18.15658,,3,LECCE,19:20
2022-07-15,40.38143,18.21891,,8,LECCE,20:10
2022-07-16,40.369001,18.160702,,4,LECCE,04:50
2022-07-16,40.35682,18.18486,,1,LECCE,13:50
2022-07-17,40.34179,18.13926,,,LECCE,01:00
2022-07-17,40.348555,18.168109,,,LECCE,10:53
2022-07-17,40.351405,18.17539,,4,LECCE,16:02
2022-07-17,40.348188,18.165392,,,LECCE,16:30
2022-07-17,40.46832,18.18538,,,LECCE,18:00
2022-07-18,40.35297,18.18081,,,LECCE,15:30
2022-07-19,40.34259,18.15886,,,LECCE,07:45
2022-07-19,40.34396,18.17512,,2,LECCE,12:45
2022-07-20,40.36148,18.18823,,,LECCE,17:36
2022-07-22,40.391104,18.191882,,,LECCE,20:00
2022-07-22,40.385881,18.187855,,,LECCE,20:09
2022-07-24,40.34663,18.18124,,1,LECCE,00:20
2022-07-25,40.35659,18.15308,,1,LECCE,09:20
2022-07-25,40.359202,18.168731,,1,LECCE,19:30
2022-07-27,40.360178,18.181342,,,LECCE,09:45
2022-07-27,40.36316,18.15836,,2,LECCE,19:20
2022-07-27,40.35465,18.18302,,,LECCE,22:30
2022-07-28,40.34533,18.19814,,1,LECCE,10:00
2022-07-28,40.355491,18.151431,,1,LECCE,10:45
2022-07-28,40.35911,18.17795,,1,LECCE,12:00
2022-07-28,40.351902,18.20304,,3,LECCE,13:00
2022-07-29,40.34727,18.17908,,1,LECCE,09:10
2022-07-29,40.35999,18.18903,,,LECCE,09:10
2022-07-30,40.35015,18.17574,,1,LECCE,11:25
2022-07-30,40.371217,18.178232,,,LECCE,17:40
2022-07-31,40.35458,18.1807,,3,LECCE,02:00
2022-07-31,40.337682,18.174543,,,LECCE,11:30
2022-08-02,40.347894,18.178926,,,LECCE,10:25
2022-08-02,40.337593,18.168084,,1,LECCE,12:50
2022-08-02,40.343586,18.173583,,1,LECCE,17:45
2022-08-02,40.36599,18.17175,,,LECCE,17:50
2022-08-02,40.34668,18.205421,,1,LECCE,18:45
2022-08-03,40.348594,18.166955,,1,LECCE,11:20
2022-08-03,40.36216,18.18577,,1,LECCE,17:20
2022-08-03,40.369256,18.168856,,1,LECCE,17:30
2022-08-03,40.347887,18.156147,,,LECCE,18:30
2022-08-04,40.354469,18.132562,,1,LECCE,04:55
2022-08-04,40.37139,18.21993,,2,LECCE,06:00
2022-08-04,40.35095,18.15899,,1,LECCE,10:45
2022-08-04,40.351516,18.175016,,,LECCE,16:15
2022-08-04,40.3529,18.1554,,2,LECCE,22:15
2022-08-05,40.34292,18.18826,,2,LECCE,12:30
2022-08-05,40.36638,18.17694,,1,LECCE,17:07
2022-08-05,40.35769,18.17369,,,LECCE,17:40
2022-08-05,40.35152,18.17502,,,LECCE,21:20
2022-08-06,40.471537,18.177089,,1,LECCE,07:45
2022-08-06,40.348245,18.18302,,2,LECCE,12:50
2022-08-06,40.36397,18.16586,,,LECCE,22:15
2022-08-07,40.373468,18.165088,,1,LECCE,03:50
2022-08-07,40.37122,18.17823,,,LECCE,23:00
2022-08-08,40.34698,18.1691,,,LECCE,02:15
2022-08-10,40.347152,18.190624,,,LECCE,07:00
2022-08-10,40.352879,18.180812,,,LECCE,10:45
2022-08-10,40.332476,18.12184,,,LECCE,16:00
2022-08-11,40.35541,18.17642,,,LECCE,18:20
2022-08-12,40.345222,18.183616,,,LECCE,05:20
2022-08-12,40.358395,18.168035,,1,LECCE,13:05
2022-08-12,40.348685,18.185296,,,LECCE,16:20
2022-08-12,40.35661,18.1654,,,LECCE,20:40
2022-08-13,40.33653,18.15537,,3,LECCE,19:30
2022-08-13,40.36967,18.16862,,,LECCE,20:35
2022-08-14,40.344546,18.181045,,,LECCE,08:20
2022-08-14,40.36912,18.1589,,,LECCE,19:40
2022-08-14,40.38471,18.19226,1,2,LECCE,20:30
2022-08-15,40.36082,18.18467,,,LECCE,12:45
2022-08-16,40.361327,18.176242,,,LECCE,12:50
2022-08-17,40.34171,18.13919,,,LECCE,10:15
2022-08-17,40.46374,18.19856,,3,LECCE,14:55
2022-08-17,40.34663,18.181244,,1,LECCE,22:05
2022-08-19,40.35528,18.17708,,2,LECCE,10:10
2022-08-19,40.359175,18.193968,,1,LECCE,17:00
2022-08-19,40.3372,18.156,,1,LECCE,19:00
2022-08-19,40.34575,18.16643,,,LECCE,20:50
2022-08-20,40.3542,18.17408,,,LECCE,12:15
2022-08-20,40.3637,18.16716,,1,LECCE,18:50
2022-08-22,40.345406,18.167968,,1,LECCE,06:35
2022-08-22,40.359555,18.182868,,,LECCE,13:15
2022-08-22,40.352039,18.103728,,2,LECCE,15:45
2022-08-23,40.34729,18.1672,,1,LECCE,00:00
2022-08-24,40.366188,18.189107,,,LECCE,05:47
2022-08-24,40.357421,18.137892,,,LECCE,18:55
2022-08-26,40.350729,18.163294,,,LECCE,15:55
2022-08-26,40.36563,18.19841,,1,LECCE,22:30
2022-08-27,40.344129,18.177126,,1,LECCE,20:00
2022-08-29,40.360544,18.178476,,,LECCE,10:45
2022-08-29,40.372638,18.175662,,,LECCE,15:30
2022-08-29,40.35125,18.18061,,1,LECCE,21:25
2022-08-30,40.35875,18.18274,,1,LECCE,09:53
2022-08-30,40.35154,18.18253,,,LECCE,09:56
2022-08-30,40.36238,18.18928,,2,LECCE,20:10
2022-09-02,40.35204,18.20097,,2,LECCE,00:55
2022-09-02,40.3446,18.15686,,,LECCE,17:20
2022-09-02,40.35142,18.1639,,1,LECCE,22:10
2022-09-03,40.37157,18.17778,,,LECCE,18:30
2022-09-03,40.35549,18.17952,,,LECCE,21:15
2022-09-03,40.35553,18.1795,,1,LECCE,21:40
2022-09-04,40.35282,18.18917,,2,LECCE,01:15
2022-09-05,40.37284,18.213942,,,LECCE,13:15
2022-09-05,40.34981,18.18013,,,LECCE,16:15
2022-09-06,40.35714,18.18602,,4,LECCE,06:45
2022-09-06,40.36079,18.17723,,,LECCE,11:00
2022-09-07,40.34989,18.17895,,,LECCE,00:50
2022-09-07,40.35736,18.16216,,1,LECCE,09:30
2022-09-07,40.34622,18.17075,,,LECCE,16:25
2022-09-07,40.35194,18.20586,,,LECCE,20:00
2022-09-07,40.35724,18.1675,,1,LECCE,21:20
2022-09-08,40.36557,18.19509,,1,LECCE,14:00
2022-09-09,40.35515,18.184912,,,LECCE,07:00
2022-09-09,40.35711,18.18587,,,LECCE,07:50
2022-09-09,40.35157,18.16318,,1,LECCE,21:05
2022-09-10,40.354469,18.132562,,,LECCE,05:35
2022-09-10,40.35415,18.18538,,,LECCE,09:45
2022-09-10,40.336707,18.176703,,1,LECCE,11:15
2022-09-10,40.34286,18.17805,,,LECCE,17:35
2022-09-10,40.36014,18.17545,,1,LECCE,19:10
2022-09-11,40.36754,18.20204,,2,LECCE,17:20
2022-09-12,40.35329,18.16604,,,LECCE,14:40
2022-09-12,40.34786,18.17764,,2,LECCE,17:00
2022-09-12,40.36243,18.17669,,1,LECCE,17:20
2022-09-12,40.36111,18.18017,,2,LECCE,19:55
2022-09-13,40.35311,18.18132,,,LECCE,19:30
2022-09-13,40.36743,18.16891,,1,LECCE,21:30
2022-09-14,40.35225,18.17234,,1,LECCE,12:00
2022-09-14,40.35858,18.20377,,,LECCE,14:15
2022-09-14,40.363012,18.206473,,1,LECCE,18:00
2022-09-15,40.358969,18.203103,,,LECCE,12:30
2022-09-15,40.353725,18.179133,,,LECCE,13:00
2022-09-16,40.359177,18.192918,,1,LECCE,10:55
2022-09-16,40.34916,18.16848,,2,LECCE,13:25
2022-09-16,40.36125,18.20662,,1,LECCE,19:30
2022-09-17,40.350299,18.152035,,,LECCE,17:30
2022-09-18,40.352543,18.176967,,,LECCE,07:45
2022-09-18,40.354146,18.185382,,2,LECCE,10:35
2022-09-19,40.35803,18.17919,,,LECCE,01:45
2022-09-19,40.35375,18.19499,,,LECCE,10:00
2022-09-19,40.385235,18.289312,,1,LECCE,10:35
2022-09-19,40.354469,18.132562,,,LECCE,13:50
2022-09-19,40.36273,18.17416,,1,LECCE,14:10
2022-09-20,40.34928,18.13934,,1,LECCE,09:45
2022-09-20,40.35711,18.18556,,2,LECCE,12:50
2022-09-20,40.378404,18.213006,,1,LECCE,17:30
2022-09-21,40.36346,18.19807,,1,LECCE,11:15
2022-09-21,40.357076,18.185749,,1,LECCE,16:40
2022-09-22,40.344531,18.170149,,1,LECCE,08:55
2022-09-22,40.35176,18.17683,,1,LECCE,12:40
2022-09-22,40.34398,18.15787,,1,LECCE,21:10
2022-09-23,40.435212,18.217273,,,LECCE,07:55
2022-09-23,40.337635,18.131811,,,LECCE,12:01
2022-09-23,40.366314,18.169218,,1,LECCE,17:00
2022-09-24,40.38956,18.30686,,1,LECCE,11:40
2022-09-24,40.339832,18.174071,,2,LECCE,13:00
2022-09-24,40.360944,18.149791,,2,LECCE,15:45
2022-09-25,40.348821,18.17484,,,LECCE,15:30
2022-09-26,40.351892,18.18571,,,LECCE,15:00
2022-09-26,40.3502,18.15201,,,LECCE,16:20
2022-09-26,40.354675,18.218896,,,LECCE,18:30
2022-09-26,40.32203,18.18931,,,LECCE,22:00
2022-09-27,40.350722,18.176154,,,LECCE,10:20
2022-09-27,40.34636,18.15445,,,LECCE,14:00
2022-09-27,40.36399,18.19995,,1,LECCE,18:00
2022-09-28,40.361781,18.172712,,1,LECCE,11:40
2022-09-28,40.352515,18.187704,,,LECCE,21:15
2022-09-29,40.37264,18.17566,,1,LECCE,16:10
2022-09-29,40.360597,18.157165,,1,LECCE,18:46
2022-10-01,40.366667,18.186055,,1,LECCE,23:00
2022-10-02,40.339591,18.18021,,,LECCE,01:30
2022-10-02,40.35871,18.17543,,,LECCE,16:05
2022-10-02,40.3634,18.190739,,2,LECCE,17:16
2022-10-02,40.37479,18.13943,,,LECCE,20:00
2022-10-03,40.347978,18.188557,,1,LECCE,12:00
2022-10-03,40.35669,18.17902,,,LECCE,14:45
2022-10-03,40.35508,18.19131,,3,LECCE,20:10
2022-10-04,40.360934,18.17624,,1,LECCE,14:20
2022-10-04,40.33565,18.16231,,1,LECCE,16:40
2022-10-05,40.354469,18.132562,,,LECCE,08:50
2022-10-06,40.34762,18.178424,,,LECCE,01:40
2022-10-06,40.36244,18.17659,,1,LECCE,13:10
2022-10-06,40.338689,18.15305,,1,LECCE,13:35
2022-10-06,40.35732,18.15411,,,LECCE,19:00
2022-10-07,40.33961,18.132,,1,LECCE,11:30
2022-10-07,40.34243,18.17574,,1,LECCE,12:40
2022-10-07,40.36255,18.17263,,,LECCE,13:20
2022-10-08,40.360178,18.181342,,,LECCE,08:15
2022-10-08,40.354925,18.173902,,3,LECCE,11:40
2022-10-09,40.355197,18.176319,,1,LECCE,15:20
2022-10-10,40.351516,18.175016,,,LECCE,08:30
2022-10-10,40.349672,18.183163,,,LECCE,13:55
2022-10-10,40.37454,18.15011,,,LECCE,20:55
2022-10-11,40.35224,18.17672,,1,LECCE,08:30
2022-10-11,40.354469,18.132562,,2,LECCE,10:50
2022-10-11,40.355619,18.162866,,1,LECCE,13:15
2022-10-11,40.354469,18.132562,,1,LECCE,14:15
2022-10-12,40.32625,18.14889,,,LECCE,09:10
2022-10-12,40.35666,18.18064,,1,LECCE,10:25
2022-10-12,40.347932,18.206481,,,LECCE,18:35
2022-10-12,40.36197,18.171813,,,LECCE,21:25
2022-10-13,40.35631,18.17654,,,LECCE,15:12
2022-10-13,40.34866,18.19391,,2,LECCE,16:00
2022-10-13,40.34677,18.16998,,1,LECCE,18:20
2022-10-14,40.35341,18.16092,,1,LECCE,07:45
2022-10-14,40.349663,18.172249,,,LECCE,13:40
2022-10-14,40.354178,18.188129,,,LECCE,15:55
2022-10-15,40.35407,18.17282,,,LECCE,02:30
2022-10-15,40.349367,18.189049,,,LECCE,10:25
2022-10-15,40.353027,18.176463,,1,LECCE,12:30
2022-10-15,40.35712,18.18603,,1,LECCE,15:46
2022-10-16,40.35623,18.18342,,,LECCE,10:30
2022-10-17,40.361016,18.20175,,1,LECCE,12:36
2022-10-17,40.375052,18.148328,,,LECCE,13:45
2022-10-17,40.34849,18.20472,,,LECCE,19:00
2022-10-18,40.352156,18.178371,,1,LECCE,11:15
2022-10-18,40.356101,18.13329,,,LECCE,13:34
2022-10-19,40.34912,18.172871,,1,LECCE,10:15
2022-10-19,40.34031,18.12595,,,LECCE,19:01
2022-10-20,40.346881,18.173856,,,LECCE,09:30
2022-10-20,40.360917,18.173745,,1,LECCE,15:05
2022-10-20,40.369001,18.160702,,,LECCE,20:05
2022-10-20,40.354289,18.17481,,,LECCE,22:00
2022-10-20,40.354289,18.17481,,,LECCE,22:00
2022-10-21,40.36563,18.19841,,,LECCE,09:10
2022-10-21,40.35507,18.17666,,1,LECCE,09:15
2022-10-21,40.353344,18.174256,,1,LECCE,15:25
2022-10-21,40.35303,18.17646,,,LECCE,19:40
2022-10-22,40.357849,18.183771,,,LECCE,05:15
2022-10-22,40.34823,18.16099,,,LECCE,08:45
2022-10-22,40.37633,18.18829,,1,LECCE,11:45
2022-10-22,40.35991,18.173214,,1,LECCE,12:00
2022-10-23,40.360635,18.156549,,,LECCE,01:50
2022-10-23,40.355197,18.176319,,,LECCE,14:55
2022-10-25,40.34616,18.20492,,,LECCE,07:00
2022-10-25,40.358157,18.218063,,1,LECCE,12:00
2022-10-25,40.355129,18.151826,,,LECCE,20:00
2022-10-26,40.35511,18.184924,,1,LECCE,07:45
2022-10-26,40.35157,18.17482,,,LECCE,12:00
2022-10-26,40.3539,18.17658,,,LECCE,18:00
2022-10-27,40.34528,18.17388,,,LECCE,08:00
2022-10-27,40.363972,18.165864,,1,LECCE,09:15
2022-10-28,40.347097,18.205138,,1,LECCE,07:50
2022-10-28,40.34206,18.18783,,3,LECCE,13:15
2022-10-28,40.35519,18.17636,,1,LECCE,16:00
2022-10-28,40.350894,18.179322,,1,LECCE,16:35
2022-10-28,40.34928,18.13934,,1,LECCE,19:00
2022-10-28,40.35404,18.18202,,1,LECCE,22:15
2022-10-29,40.3645,18.177402,,1,LECCE,10:05
2022-10-29,40.358876,18.182703,,,LECCE,20:15
2022-10-29,40.361066,18.184429,,1,LECCE,21:40
2022-10-29,40.36018,18.18134,,1,LECCE,22:40
2022-10-30,40.339577,18.160735,,2,LECCE,17:15
2022-10-31,40.325402,18.191078,,2,LECCE,03:30
2022-10-31,40.350679,18.180342,,,LECCE,11:00
2022-10-31,40.34639,18.16625,,,LECCE,15:50
2022-10-31,40.3577,18.16704,,,LECCE,18:15
2022-10-31,40.3552,18.17632,,2,LECCE,23:25
2022-11-01,40.359487,18.17736,,,LECCE,12:00
2022-11-01,40.34652,18.16811,,,LECCE,22:40
2022-11-02,40.35152,18.17502,,,LECCE,15:17
2022-11-02,40.350273,18.152003,,1,LECCE,17:45
2022-11-02,40.362283,18.172362,,1,LECCE,18:45
2022-11-02,40.361855,18.153096,,1,LECCE,20:30
2022-11-03,40.354469,18.132562,,1,LECCE,08:30
2022-11-03,40.361634,18.175318,,1,LECCE,18:15
2022-11-03,40.35,18.17441,,,LECCE,19:40
2022-11-04,40.356287,18.181033,,,LECCE,09:10
2022-11-04,40.35031,18.16341,,,LECCE,09:50
2022-11-04,40.36081,18.1667,,1,LECCE,10:30
2022-11-04,40.356575,18.166932,,,LECCE,12:15
2022-11-04,40.359116,18.168599,,,LECCE,16:20
2022-11-05,40.35447,18.13256,,,LECCE,13:09
2022-11-05,40.34398,18.15787,,,LECCE,14:24
2022-11-05,40.3408,18.17317,,,LECCE,14:45
2022-11-05,40.34633,18.1834,,,LECCE,15:40
2022-11-07,40.35666,18.18064,,1,LECCE,11:30
2022-11-07,40.35514,18.17616,,,LECCE,12:00
2022-11-07,40.343985,18.157873,,2,LECCE,17:35
2022-11-07,40.34616,18.20492,,,LECCE,19:00
2022-11-08,40.362008,18.171746,,,LECCE,09:35
2022-11-09,40.346158,18.204915,,,LECCE,20:45
2022-11-11,40.341672,18.200582,,,LECCE,09:45
2022-11-11,40.36092,18.17374,,1,LECCE,09:50
2022-11-12,40.3476,18.16745,,1,LECCE,15:30
2022-11-12,40.355668,18.189675,,1,LECCE,17:04
2022-11-13,40.35511,18.184924,,1,LECCE,19:15
2022-11-14,40.352523,18.15731,,2,LECCE,08:50
2022-11-14,40.365156,18.176849,,,LECCE,21:40
2022-11-16,40.3657,18.16,,,LECCE,00:10
2022-11-16,40.365295,18.209028,,1,LECCE,02:10
2022-11-16,40.37081,18.19268,,2,LECCE,16:00
2022-11-17,40.354469,18.132562,,2,LECCE,14:02
2022-11-18,40.346861,18.15285,,,LECCE,13:30
2022-11-20,40.36882,18.22744,,,LECCE,06:00
2022-11-20,40.35631,18.16703,,1,LECCE,08:45
2022-11-20,40.343848,18.169898,,1,LECCE,12:55
2022-11-21,40.3313,18.15958,,1,LECCE,11:00
2022-11-21,40.35541,18.18834,,1,LECCE,11:15
2022-11-22,40.36529,18.20903,,1,LECCE,09:15
2022-11-22,40.359097,18.181211,,1,LECCE,12:10
2022-11-22,40.34849,18.20472,,,LECCE,13:15
2022-11-22,40.356641,18.190538,,,LECCE,14:00
2022-11-22,40.353019,18.164262,,,LECCE,16:10
2022-11-22,40.356899,18.19367,,1,LECCE,17:35
2022-11-23,40.3514,18.18697,,,LECCE,10:55
2022-11-25,40.344531,18.170149,,1,LECCE,10:55
2022-11-25,40.354928,18.173834,,1,LECCE,11:15
2022-11-25,40.36513,18.208977,,,LECCE,14:00
2022-11-25,40.35561,18.18906,,,LECCE,15:45
2022-11-25,40.354469,18.132562,,,LECCE,18:40
2022-11-26,40.35305,18.17834,,,LECCE,11:30
2022-11-26,40.35708,18.17961,,1,LECCE,16:45
2022-11-26,40.354469,18.132562,,2,LECCE,17:00
2022-11-26,40.33964,18.18544,,1,LECCE,19:10
2022-11-28,40.32692,18.144949,,1,LECCE,11:15
2022-11-28,40.34789,18.15992,,,LECCE,12:50
2022-11-28,40.41909,18.21865,,,LECCE,13:00
2022-11-28,40.360908,18.180752,,1,LECCE,14:30
2022-11-28,40.357203,18.180146,,,LECCE,15:40
2022-11-29,40.348988,18.166289,,1,LECCE,12:10
2022-11-29,40.349016,18.166242,,,LECCE,13:34
2022-12-01,40.36464,18.19122,,1,LECCE,08:05
2022-12-01,40.362386,18.181282,,,LECCE,13:30
2022-12-02,40.35152,18.17502,,,LECCE,01:35
2022-12-02,40.331301,18.15958,,,LECCE,08:20
2022-12-02,40.34554,18.158455,,,LECCE,17:05
2022-12-02,40.36255,18.14244,,,LECCE,19:20
2022-12-03,40.346158,18.204915,,1,LECCE,12:00
2022-12-04,40.33833,18.15658,,,LECCE,12:00
2022-12-04,40.33998,18.17678,,,LECCE,15:30
2022-12-04,40.33586,18.16472,,,LECCE,18:00
2022-12-04,40.351371,18.174912,,,LECCE,19:30
2022-12-04,40.33852,18.12675,,,LECCE,21:55
2022-12-05,40.352197,18.193335,,,LECCE,09:00
2022-12-05,40.340939,18.174484,,,LECCE,19:40
2022-12-05,40.354309,18.165608,,2,LECCE,21:55
2022-12-06,40.34633,18.1834,,1,LECCE,18:35
2022-12-06,40.365,18.18835,,,LECCE,19:00
2022-12-06,40.36502,18.18826,,,LECCE,19:00
2022-12-07,40.35243,18.18127,,,LECCE,09:00
2022-12-08,40.354057,18.179967,,1,LECCE,14:35
2022-12-09,40.34824,18.18298,,2,LECCE,14:24
2022-12-10,40.346158,18.204915,,2,LECCE,07:00
2022-12-10,40.37397,18.13641,,,LECCE,09:50
2022-12-10,40.35404,18.18202,,,LECCE,12:50
2022-12-10,40.35376,18.19332,,,LECCE,15:50
2022-12-11,40.35606,18.17488,,,LECCE,11:20
2022-12-11,40.33833,18.15658,,1,LECCE,22:35
2022-12-12,40.357801,18.155602,,1,LECCE,09:30
2022-12-12,40.367,18.17598,,,LECCE,13:00
2022-12-12,40.35868,18.17827,,1,LECCE,14:24
2022-12-12,40.35697,18.17928,,,LECCE,18:30
2022-12-13,40.350885,18.16412,,1,LECCE,08:15
2022-12-13,40.324112,18.189596,,1,LECCE,10:55
2022-12-13,40.35133,18.18183,,,LECCE,11:00
2022-12-13,40.348698,18.164541,,,LECCE,16:25
2022-12-13,40.356029,18.195964,,1,LECCE,17:00
2022-12-14,40.33649,18.17468,,,LECCE,10:20
2022-12-14,40.35511,18.18492,,1,LECCE,11:15
2022-12-14,40.362373,18.204978,,1,LECCE,14:05
2022-12-14,40.35874,18.16668,,,LECCE,16:25
2022-12-14,40.35541,18.18834,,2,LECCE,19:00
2022-12-16,40.360716,18.170478,,,LECCE,01:12
2022-12-16,40.34398,18.15787,,,LECCE,09:00
2022-12-16,40.334122,18.134278,,,LECCE,09:08
2022-12-17,40.352045,18.181491,,1,LECCE,19:30
2022-12-17,40.34874,18.17372,,1,LECCE,23:40
2022-12-18,40.35142,18.16409,,,LECCE,09:30
2022-12-18,40.342815,18.176874,,,LECCE,19:55
2022-12-19,40.346866,18.18396,,,LECCE,13:15
2022-12-19,40.347876,18.170484,,1,LECCE,13:38
2022-12-19,40.36397,18.16586,,,LECCE,17:30
2022-12-20,40.35158,18.17478,,,LECCE,12:15
2022-12-21,40.352041,18.193728,,1,LECCE,09:30
2022-12-21,40.34058,18.1748,,,LECCE,15:20
2022-12-21,40.35192,18.25888,,,LECCE,19:15
2022-12-21,40.34481,18.15767,,,LECCE,22:30
2022-12-22,40.346158,18.204915,,1,LECCE,00:19
2022-12-22,40.353118,18.177483,,,LECCE,08:15
2022-12-23,40.363496,18.187004,,,LECCE,16:10
2022-12-23,40.338325,18.17769,,,LECCE,20:00
2022-12-24,40.340872,18.137654,,,LECCE,07:20
2022-12-24,40.357102,18.18292,,,LECCE,12:45
2022-12-24,40.35431,18.16561,,,LECCE,13:00
2022-12-24,40.385078,18.189984,,,LECCE,17:15
2022-12-26,40.353908,18.176965,,1,LECCE,14:40
2022-12-26,40.36667,18.18605,,1,LECCE,18:00
2022-12-27,40.356405,18.168331,,,LECCE,16:10
2022-12-27,40.36535,18.17686,,,LECCE,20:25
2022-12-29,40.345914,18.172354,,,LECCE,01:50
2023-01-01,40.349269,18.181408,,1,LECCE,01:45
2023-01-01,40.354309,18.165608,,,LECCE,04:10
2023-01-01,40.357001,18.16449,,,LECCE,05:30
2023-01-01,40.387886,18.297387,,2,LECCE,05:45
2023-01-01,40.34069,18.17664,,1,LECCE,12:00
2023-01-02,40.350655,18.179886,,1,LECCE,11:25
2023-01-02,40.36081,18.1667,,1,LECCE,11:35
2023-01-02,40.37122,18.17823,,1,LECCE,12:30
2023-01-02,40.347279,18.179777,,1,LECCE,12:45
2023-01-02,40.3458,18.17135,,,LECCE,20:30
2023-01-02,40.3561,18.18239,,1,LECCE,22:15
2023-01-03,40.365588,18.169597,,,LECCE,11:00
2023-01-03,40.358026,18.179187,,,LECCE,12:40
2023-01-04,40.367356,18.211132,,,LECCE,16:05
2023-01-06,40.3471,18.18771,,,LECCE,16:30
2023-01-06,40.347508,18.186042,,,LECCE,18:55
2023-01-06,40.36568,18.20149,,1,LECCE,23:30
2023-01-07,40.342737,18.176248,,1,LECCE,06:00
2023-01-08,40.358712,18.175409,,,LECCE,00:14
2023-01-08,40.33263,18.19559,,3,LECCE,16:50
2023-01-08,40.34928,18.13934,,1,LECCE,17:30
2023-01-09,40.35601,18.19685,,,LECCE,16:45
2023-01-09,40.354772,18.165784,,1,LECCE,18:10
2023-01-09,40.346333,18.183399,,,LECCE,19:00
2023-01-10,40.34521,18.20013,,,LECCE,01:30
2023-01-10,40.348531,18.175892,,1,LECCE,14:13
2023-01-10,40.35376,18.19332,,,LECCE,16:00
2023-01-11,40.34587,18.18499,,1,LECCE,07:50
2023-01-11,40.34658,18.166408,,,LECCE,13:30
2023-01-11,40.351516,18.175016,,,LECCE,16:21
2023-01-12,40.443255,18.084,,,LECCE,02:45
2023-01-12,40.35782,18.162453,,,LECCE,18:20
2023-01-13,40.36063,18.17404,,1,LECCE,13:45
2023-01-14,40.342988,18.177892,,1,LECCE,15:00
2023-01-14,40.36171,18.19655,,1,LECCE,20:00
2023-01-14,40.38755,18.16552,,1,LECCE,21:50
2023-01-15,40.347597,18.167452,,2,LECCE,12:40
2023-01-16,40.337593,18.168084,,1,LECCE,07:50
2023-01-16,40.34817,18.17686,,1,LECCE,09:30
2023-01-16,40.358026,18.179187,,1,LECCE,10:30
2023-01-16,40.36374,18.15513,,1,LECCE,11:00
2023-01-17,40.357602,18.173184,,,LECCE,14:00
2023-01-17,40.34599,18.19181,,,LECCE,21:10
2023-01-18,40.35152,18.17502,,,LECCE,18:10
2023-01-18,40.353815,18.179652,,2,LECCE,22:15
2023-01-19,40.344546,18.181045,,,LECCE,07:27
2023-01-19,40.341815,18.200331,,,LECCE,12:35
2023-01-20,40.361066,18.184429,,2,LECCE,09:50
2023-01-20,40.36255,18.17263,,,LECCE,14:45
2023-01-20,40.346158,18.204915,,1,LECCE,21:20
2023-01-21,40.364455,18.159093,,,LECCE,13:20
2023-01-22,40.353888,18.191675,,,LECCE,15:50
2023-01-22,40.340379,18.137148,,1,LECCE,18:00
2023-01-22,40.35375,18.19499,,,LECCE,20:45
2023-01-23,40.337814,18.175005,,1,LECCE,10:25
2023-01-23,40.35684,18.18628,,1,LECCE,11:00
2023-01-23,40.352202,18.185579,,,LECCE,13:10
2023-01-23,40.364455,18.159093,,,LECCE,17:30
2023-01-23,40.3473,18.18671,,,LECCE,19:20
2023-01-24,40.35431,18.16561,,,LECCE,10:20
2023-01-24,40.347888,18.159924,,1,LECCE,19:30
2023-01-24,40.36991,18.15394,,,LECCE,22:30
2023-01-25,40.323149,18.187598,,,LECCE,12:45
2023-01-25,40.356314,18.17654,,,LECCE,16:10
2023-01-25,40.36222,18.195213,,1,LECCE,17:00
2023-01-25,40.37629,18.12357,,,LECCE,19:30
2023-01-26,40.34633,18.1834,,,LECCE,08:05
2023-01-26,40.354434,18.165243,,,LECCE,09:00
2023-01-26,40.36667,18.18605,,,LECCE,13:55
2023-01-26,40.362398,18.181537,,1,LECCE,17:00
2023-01-27,40.341672,18.200582,,1,LECCE,10:15
2023-01-28,40.38459,18.18699,,,LECCE,09:30
2023-01-28,40.33676,18.17374,,,LECCE,10:45
2023-01-28,40.33702,18.17001,,,LECCE,13:40
2023-01-28,40.354044,18.182485,,1,LECCE,20:00
2023-01-28,40.392665,18.119364,,,LECCE,22:34
2023-01-29,40.33587,18.16541,,,LECCE,18:45
2023-01-29,40.3834,18.15764,,,LECCE,20:00
2023-01-30,40.35869,18.17313,,1,LECCE,11:30
2023-01-30,40.360178,18.181342,,1,LECCE,12:25
2023-01-30,40.348738,18.17372,,1,LECCE,14:45
2023-01-30,40.34948,18.16546,,2,LECCE,17:50
2023-01-31,40.34296,18.12508,,1,LECCE,15:00
2023-01-31,40.370867,18.179034,,,LECCE,18:10
2023-02-01,40.354469,18.132562,,1,LECCE,09:50
2023-02-02,40.356,18.15212,,,LECCE,17:00
2023-02-02,40.33586,18.16472,,,LECCE,20:20
2023-02-02,40.36069,18.15139,,2,LECCE,20:30
2023-02-02,40.34616,18.20492,,,LECCE,22:00
2023-02-03,40.3689,18.17316,,,LECCE,10:30
2023-02-03,40.356147,18.174502,,1,LECCE,13:10
2023-02-03,40.338643,18.174323,,1,LECCE,13:35
2023-02-03,40.35116,18.17685,,1,LECCE,15:00
2023-02-03,40.35527,18.17942,,,LECCE,15:45
2023-02-03,40.356136,18.163834,,2,LECCE,22:20
2023-02-04,40.480055,18.159284,,,LECCE,10:00
2023-02-04,40.35764,18.18126,,,LECCE,16:30
2023-02-06,40.392031,18.270513,,,LECCE,11:15
2023-02-07,40.34912,18.17287,,1,LECCE,13:10
2023-02-07,40.34059,18.17258,,2,LECCE,16:40
2023-02-07,40.36281,18.17456,,,LECCE,20:40
2023-02-07,40.35447,18.13256,,1,LECCE,22:00
2023-02-09,40.36018,18.18134,,,LECCE,13:20
2023-02-10,40.3539,18.17874,,,LECCE,08:40
2023-02-10,40.34298,18.11962,,,LECCE,15:00
2023-02-10,40.354469,18.132562,,1,LECCE,18:55
2023-02-11,40.346158,18.204915,,1,LECCE,13:50
2023-02-11,40.34577,18.20474,,3,LECCE,20:50
2023-02-11,40.35709,18.18284,,1,LECCE,23:55
2023-02-12,40.351829,18.176917,,1,LECCE,16:40
2023-02-13,40.357261,18.197248,,1,LECCE,09:50
2023-02-14,40.333394,18.133643,,2,LECCE,08:30
2023-02-14,40.3557,18.19303,,,LECCE,12:40
2023-02-14,40.36491,18.18912,,,LECCE,13:00
2023-02-14,40.339045,18.165903,,,LECCE,16:05
2023-02-17,40.34864,18.18199,,1,LECCE,11:05
2023-02-18,40.35997,18.19229,,1,LECCE,13:05
2023-02-19,40.326388,18.148517,,1,LECCE,08:20
2023-02-20,40.35219,18.18307,,,LECCE,11:00
2023-02-20,40.348738,18.17372,,1,LECCE,20:14
2023-02-21,40.325244,18.10211,,1,LECCE,04:17
2023-02-21,40.34949,18.18676,,,LECCE,11:00
2023-02-21,40.360089,18.171397,,1,LECCE,11:25
2023-02-21,40.352377,18.17877,,,LECCE,15:30
2023-02-22,40.363034,18.176645,,1,LECCE,09:10
2023-02-22,40.346772,18.183773,,,LECCE,20:30
2023-02-23,40.348738,18.17372,,,LECCE,15:26
2023-02-23,40.339645,18.178719,,1,LECCE,20:00
2023-02-23,40.359578,18.194339,,,LECCE,23:00
2023-02-24,40.33859,18.189711,,1,LECCE,07:23
2023-02-24,40.36147,18.187854,,1,LECCE,10:20
2023-02-24,40.372638,18.175662,,1,LECCE,12:37
2023-02-24,40.345418,18.171902,,,LECCE,19:30
2023-02-25,40.35513,18.18552,,,LECCE,08:20
2023-02-25,40.34662,18.16104,,,LECCE,19:30
2023-02-26,40.35403,18.14626,,,LECCE,18:30
2023-02-27,40.3613,18.17076,,1,LECCE,17:30
2023-03-01,40.354469,18.132562,,1,LECCE,07:30
2023-03-01,40.35692,18.16734,,1,LECCE,18:45
2023-03-02,40.35363,18.16517,,1,LECCE,11:00
2023-03-02,40.34625,18.18977,,1,LECCE,12:00
2023-03-02,40.34874,18.17372,,1,LECCE,12:10
2023-03-02,40.36528,18.18847,,1,LECCE,12:45
2023-03-03,40.34142,18.15564,,1,LECCE,07:55
2023-03-03,40.347485,18.159773,,,LECCE,14:40
2023-03-03,40.360542,18.180862,,2,LECCE,19:30
2023-03-04,40.363813,18.184674,,,LECCE,13:10
2023-03-05,40.36739,18.21971,,,LECCE,09:30
2023-03-05,40.350006,18.161816,,1,LECCE,20:10
2023-03-06,40.354391,18.185506,,1,LECCE,08:10
2023-03-06,40.34023,18.12576,,,LECCE,11:45
2023-03-07,40.363204,18.186886,,,LECCE,10:50
2023-03-07,40.35876,18.18507,,,LECCE,13:00
2023-03-07,40.348757,18.164605,,,LECCE,18:30
2023-03-08,40.34769,18.17821,,,LECCE,18:55
2023-03-09,40.360178,18.181342,,1,LECCE,07:57
2023-03-09,40.346333,18.183399,,1,LECCE,13:20
2023-03-09,40.359502,18.193926,,1,LECCE,19:50
2023-03-10,40.34602,18.16003,,,LECCE,22:00
2023-03-11,40.463486,18.058527,,,LECCE,16:30
2023-03-12,40.36092,18.17374,,,LECCE,12:00
2023-03-12,40.3556,18.16089,,2,LECCE,15:00
2023-03-13,40.325133,18.15394,,2,LECCE,11:20
2023-03-13,40.349677,18.161976,,2,LECCE,14:10
2023-03-14,40.34628,18.174093,,1,LECCE,08:15
2023-03-14,40.34876,18.16234,,1,LECCE,09:20
2023-03-14,40.434899,18.205903,,1,LECCE,11:30
2023-03-14,40.37122,18.17823,,3,LECCE,13:15
2023-03-14,40.3404,18.15657,,,LECCE,20:45
2023-03-15,40.360326,18.193731,,1,LECCE,13:15
2023-03-15,40.34976,18.1615,,,LECCE,14:25
2023-03-16,40.3563,18.160557,,,LECCE,12:15
2023-03-16,40.3461,18.18299,,,LECCE,18:10
2023-03-17,40.356772,18.178191,,,LECCE,11:00
2023-03-17,40.341672,18.200582,,,LECCE,16:03
2023-03-17,40.399147,17.930272,,3,LECCE,18:30
2023-03-17,40.37711,18.14759,,,LECCE,18:55
2023-03-18,40.35923,18.16654,,,LECCE,02:30
2023-03-18,40.34976,18.16964,,,LECCE,11:25
2023-03-18,40.324003,18.189476,,1,LECCE,11:40
2023-03-19,40.346333,18.183399,,,LECCE,19:15
2023-03-20,40.359565,18.185349,,1,LECCE,08:40
2023-03-20,40.363498,18.17659,,,LECCE,10:15
2023-03-20,40.360889,18.177441,,1,LECCE,14:20
2023-03-20,40.362547,18.172626,,,LECCE,19:20
2023-03-20,40.35263,18.21019,,,LECCE,20:00
2023-03-21,40.346057,18.203571,,,LECCE,11:45
2023-03-21,40.35869,18.17313,,,LECCE,19:35
2023-03-22,40.347597,18.167452,,1,LECCE,08:15
2023-03-22,40.35152,18.17502,,,LECCE,09:15
2023-03-22,40.360042,18.191051,,1,LECCE,10:35
2023-03-23,40.368064,18.144952,,3,LECCE,15:40
2023-03-24,40.358475,18.160931,,1,LECCE,10:35
2023-03-24,40.361327,18.176242,,1,LECCE,13:20
2023-03-24,40.34058,18.174801,,1,LECCE,21:30
2023-03-25,40.329355,18.186719,,1,LECCE,18:40
2023-03-25,40.385515,18.105372,,1,LECCE,21:15
2023-03-27,40.32546,18.16473,,1,LECCE,13:45
2023-03-27,40.36287,18.19541,,1,LECCE,17:10
2023-03-28,40.370959,18.150791,,1,LECCE,06:35
2023-03-28,40.35383,18.17964,,,LECCE,16:18
2023-03-28,40.35563,18.17384,,,LECCE,20:00
2023-03-30,40.36255,18.17263,,2,LECCE,18:10
2023-03-31,40.342238,18.160613,,1,LECCE,19:25
2023-04-01,40.350067,18.177459,,,LECCE,10:29
2023-04-01,40.344474,18.145935,,1,LECCE,11:20
2023-04-01,40.34333,18.17837,,,LECCE,12:45
2023-04-01,40.345538,18.174484,,1,LECCE,13:35
2023-04-03,40.363882,18.200058,,1,LECCE,16:55
2023-04-04,40.357191,18.189294,,1,LECCE,08:13
2023-04-04,40.351963,18.103867,,1,LECCE,19:20
2023-04-04,40.356146,18.19775,,1,LECCE,21:40
2023-04-05,40.354434,18.165243,,3,LECCE,21:35
2023-04-06,40.356376,18.186151,,,LECCE,13:50
2023-04-06,40.36513,18.208977,,,LECCE,17:00
2023-04-06,40.348601,18.185064,,3,LECCE,19:30
2023-04-07,40.363972,18.165864,,1,LECCE,13:30
2023-04-08,40.3566,18.16555,,,LECCE,03:38
2023-04-08,40.362312,18.176934,,,LECCE,19:35
2023-04-09,40.341955,18.203553,,1,LECCE,12:50
2023-04-10,40.33591,18.16502,,,LECCE,21:30
2023-04-11,40.36397,18.16586,,,LECCE,13:30
2023-04-11,40.35827,18.16341,,1,LECCE,19:50
2023-04-12,40.341704,18.166447,,1,LECCE,08:20
2023-04-12,40.36358,18.17164,,1,LECCE,14:00
2023-04-12,40.35517,18.17693,,,LECCE,14:30
2023-04-12,40.35822,18.17758,,1,LECCE,17:00
2023-04-13,40.349761,18.178578,,,LECCE,08:05
2023-04-13,40.35602,18.1773,,1,LECCE,11:00
2023-04-13,40.355502,18.183259,,,LECCE,16:50
2023-04-13,40.3519,18.20584,,,LECCE,18:45
2023-04-14,40.368289,18.183568,,2,LECCE,09:45
2023-04-14,40.46347,18.197814,,,LECCE,10:15
2023-04-14,40.462046,18.200386,,,LECCE,10:50
2023-04-14,40.358914,18.199084,,1,LECCE,13:10
2023-04-14,40.357968,18.179475,,,LECCE,17:33
2023-04-15,40.35341,18.16085,,,LECCE,09:30
2023-04-15,40.352274,18.184211,,1,LECCE,10:55
2023-04-16,40.371217,18.178232,,,LECCE,15:30
2023-04-17,40.338329,18.156576,,1,LECCE,09:15
2023-04-17,40.349165,18.181764,,1,LECCE,11:20
2023-04-17,40.35143,18.16391,,1,LECCE,21:10
2023-04-18,40.34353,18.15745,,,LECCE,14:05
2023-04-18,40.339645,18.178719,,1,LECCE,16:20
2023-04-18,40.35588,18.19505,,,LECCE,17:30
2023-04-18,40.36253,18.17586,,,LECCE,17:50
2023-04-18,40.35588,18.19505,,,LECCE,19:15
2023-04-18,40.35585,18.19469,,,LECCE,20:30
2023-04-18,40.3522,18.19334,,1,LECCE,20:30
2023-04-19,40.35309,18.17704,,1,LECCE,13:20
2023-04-19,40.46728,18.19452,,1,LECCE,16:00
2023-04-20,40.361605,18.172523,,1,LECCE,09:40
2023-04-20,40.35152,18.17502,,1,LECCE,11:30
2023-04-20,40.35076,18.17636,,,LECCE,16:20
2023-04-20,40.35408,18.16533,,,LECCE,22:00
2023-04-21,40.359133,18.183014,,1,LECCE,14:00
2023-04-21,40.35764,18.191211,,,LECCE,16:25
2023-04-21,40.36498,18.14453,,1,LECCE,17:25
2023-04-21,40.3439,18.17267,,,LECCE,17:30
2023-04-23,40.33507,18.16826,,,LECCE,20:05
2023-04-24,40.385103,18.189026,,1,LECCE,12:50
2023-04-25,40.344091,18.172546,,1,LECCE,18:00
2023-04-25,40.33717,18.155994,,2,LECCE,20:10
2023-04-26,40.33123,18.15673,,,LECCE,11:10
2023-04-26,40.342182,18.169208,,1,LECCE,13:45
2023-04-26,40.353999,18.166566,,,LECCE,15:50
2023-04-26,40.36669,18.17679,,,LECCE,16:30
2023-04-26,40.35629,18.17021,,1,LECCE,17:45
2023-04-26,40.366804,18.161071,,,LECCE,18:15
2023-04-27,40.35919,18.172402,,,LECCE,07:35
2023-04-27,40.35588,18.19014,,1,LECCE,14:00
2023-04-27,40.34788,18.171851,,1,LECCE,17:15
2023-04-27,40.35677,18.17698,,,LECCE,18:40
2023-04-28,40.34734,18.15694,,1,LECCE,13:30
2023-04-28,40.366011,18.162741,,,LECCE,17:30
2023-04-28,40.349366,18.166648,,,LECCE,19:55
2023-04-28,40.346333,18.183399,,1,LECCE,20:30
2023-04-29,40.339645,18.178719,,2,LECCE,14:20
2023-04-29,40.35241,18.18987,,,LECCE,16:45
2023-04-29,40.32622,18.15529,,1,LECCE,17:30
2023-05-02,40.385659,18.2681,,1,LECCE,10:00
2023-05-03,40.363111,18.150419,,,LECCE,11:00
2023-05-03,40.35277,18.10418,,,LECCE,16:00
2023-05-03,40.34936,18.17433,,1,LECCE,16:10
2023-05-03,40.38036,18.11952,,,LECCE,18:00
2023-05-04,40.343985,18.157873,,1,LECCE,07:10
2023-05-04,40.35067,18.15202,,,LECCE,08:00
2023-05-04,40.37182,18.15041,,,LECCE,15:30
2023-05-04,40.364319,18.1653,,,LECCE,17:05
2023-05-04,40.338977,18.16191,,1,LECCE,19:40
2023-05-05,40.357305,18.156237,,1,LECCE,07:55
2023-05-05,40.353043,18.176663,,1,LECCE,12:30
2023-05-05,40.35721,18.16762,,,LECCE,16:00
2023-05-05,40.338334,18.189785,1,,LECCE,16:00
2023-05-05,40.361439,18.17981,,1,LECCE,18:20
2023-05-05,40.353756,18.193321,,1,LECCE,20:00
2023-05-06,40.377415,18.16931,,,LECCE,18:10
2023-05-06,40.355357,18.177215,,,LECCE,21:15
2023-05-07,40.34809,18.16646,,1,LECCE,01:30
2023-05-07,40.351516,18.175016,,6,LECCE,16:15
2023-05-07,40.351516,18.175016,,1,LECCE,16:57
2023-05-07,40.35376,18.19332,,,LECCE,18:50
2023-05-07,40.361003,18.15489,,1,LECCE,20:30
2023-05-07,40.34253,18.1757,,,LECCE,21:50
2023-05-08,40.33226,18.15827,,,LECCE,17:30
2023-05-09,40.35359,18.18562,,1,LECCE,13:00
2023-05-09,40.3741,18.14922,,,LECCE,13:00
2023-05-09,40.34697,18.159529,,,LECCE,13:15
2023-05-10,40.354685,18.17738,,,LECCE,07:35
2023-05-10,40.346158,18.204915,,2,LECCE,11:10
2023-05-10,40.35761,18.19122,,1,LECCE,13:30
2023-05-10,40.3423,18.16935,,1,LECCE,19:00
2023-05-11,40.357505,18.190878,,1,LECCE,12:30
2023-05-11,40.35871,18.18315,,1,LECCE,17:20
2023-05-11,40.35682,18.15465,,1,LECCE,20:00
2023-05-12,40.342021,18.177215,,,LECCE,16:15
2023-05-14,40.35874,18.16668,,1,LECCE,11:00
2023-05-14,40.35936,18.16639,,1,LECCE,11:20
2023-05-14,40.366836,18.197713,,,LECCE,14:50
2023-05-15,40.364529,18.159191,,3,LECCE,12:50
2023-05-15,40.331742,18.158513,,2,LECCE,14:40
2023-05-15,40.339497,18.130683,,,LECCE,15:40
2023-05-15,40.33749,18.17643,,,LECCE,20:55
2023-05-16,40.350462,18.151533,,,LECCE,09:30
2023-05-17,40.384546,18.304589,,,LECCE,02:00
2023-05-17,40.36229,18.17129,,1,LECCE,09:40
2023-05-17,40.350264,18.175545,,,LECCE,12:30
2023-05-17,40.36563,18.19841,,,LECCE,13:10
2023-05-17,40.362872,18.183206,,1,LECCE,17:05
2023-05-18,40.3486,18.17361,,,LECCE,10:10
2023-05-18,40.336495,18.172712,,1,LECCE,13:00
2023-05-19,40.34616,18.20492,,,LECCE,07:50
2023-05-19,40.354469,18.132562,,1,LECCE,22:00
2023-05-21,40.36397,18.16616,,,LECCE,00:20
2023-05-21,40.384872,18.108288,,,LECCE,08:10
2023-05-21,40.384411,18.109259,,,LECCE,08:11
2023-05-22,40.364678,18.199883,,1,LECCE,08:00
2023-05-22,40.33787,18.17743,,1,LECCE,08:10
2023-05-23,40.354091,18.183446,,1,LECCE,10:00
2023-05-23,40.36666,18.219625,,,LECCE,12:15
2023-05-23,40.342871,18.174562,,1,LECCE,18:00
2023-05-23,40.35458,18.1807,,1,LECCE,18:00
2023-05-24,40.377458,18.259031,,,LECCE,08:34
2023-05-24,40.346892,18.169835,,,LECCE,11:25
2023-05-24,40.370977,18.178397,,1,LECCE,19:45
2023-05-24,40.33363,18.18594,,,LECCE,21:00
2023-05-25,40.36576,18.17563,,,LECCE,10:00
2023-05-25,40.35288,18.18579,,1,LECCE,20:22
2023-05-26,40.34903,18.185,,2,LECCE,11:00
2023-05-26,40.364015,18.165811,,1,LECCE,14:30
2023-05-26,40.35738,18.18032,,,LECCE,16:50
2023-05-26,40.34594,18.17209,,,LECCE,18:05
2023-05-27,40.342601,18.156596,,1,LECCE,08:19
2023-05-27,40.350137,18.163304,,,LECCE,10:28
2023-05-27,40.35075,18.16331,,,LECCE,21:15
2023-05-27,40.35625,18.18459,,,LECCE,22:00
2023-05-28,40.3532,18.17223,,1,LECCE,08:30
2023-05-28,40.346158,18.204915,,,LECCE,18:00
2023-05-29,40.356111,18.181769,,,LECCE,13:45
2023-05-29,40.405676,17.692255,,,LECCE,14:50
2023-05-29,40.34679,18.20368,,,LECCE,17:25
2023-05-30,40.36814,18.2195,,,LECCE,05:50
2023-05-30,40.358475,18.190917,,2,LECCE,08:30
2023-05-30,40.35374,18.17843,,,LECCE,10:15
2023-05-30,40.34453,18.17015,,,LECCE,17:10
2023-05-30,40.34817,18.17686,,1,LECCE,19:50
2023-05-31,40.354469,18.132562,,1,LECCE,09:00
2023-05-31,40.349762,18.161497,,,LECCE,12:10
2023-05-31,40.36415,18.16604,,,LECCE,21:00
2023-05-31,40.35773,18.16723,,,LECCE,21:15
2023-05-31,40.35284,18.18109,,,LECCE,22:50
2023-06-01,40.352937,18.164397,,,LECCE,09:15
2023-06-01,40.35882,18.16852,,,LECCE,10:00
2023-06-01,40.3552,18.17632,,1,LECCE,13:30
2023-06-01,40.367023,18.176323,,,LECCE,15:30
2023-06-02,40.33471,18.16588,,,LECCE,10:00
2023-06-02,40.34393,18.18035,,,LECCE,10:30
2023-06-02,40.35398,18.18145,,1,LECCE,21:50
2023-06-03,40.35878,18.173,,1,LECCE,01:00
2023-06-03,40.343985,18.157873,,,LECCE,15:40
2023-06-03,40.351629,18.186121,,5,LECCE,18:55
2023-06-03,40.38184,18.16863,,1,LECCE,19:40
2023-06-04,40.3716,18.17754,,,LECCE,11:15
2023-06-04,40.35536,18.1777,,,LECCE,14:30
2023-06-04,40.35431,18.16561,,1,LECCE,20:30
2023-06-04,40.36301,18.20647,,1,LECCE,23:40
2023-06-05,40.35971,18.18516,,3,LECCE,11:40
2023-06-05,40.356352,18.156765,,1,LECCE,18:00
2023-06-06,40.34302,18.11975,,,LECCE,08:50
2023-06-06,40.359202,18.168731,,1,LECCE,10:30
2023-06-06,40.34726,18.16697,,1,LECCE,14:22
2023-06-06,40.37697,18.19198,,,LECCE,18:45
2023-06-06,40.35654,18.153363,,1,LECCE,19:00
2023-06-07,40.35511,18.184924,,1,LECCE,13:15
2023-06-07,40.47709,18.16988,,,LECCE,17:45
2023-06-08,40.352699,18.186175,,,LECCE,13:15
2023-06-09,40.359922,18.18137,,1,LECCE,08:00
2023-06-09,40.343985,18.157873,,,LECCE,12:38
2023-06-09,40.361752,18.179072,,,LECCE,18:50
2023-06-09,40.361847,18.168835,,3,LECCE,22:53
2023-06-10,40.358177,18.189638,,1,LECCE,12:40
2023-06-10,40.377847,18.260673,,1,LECCE,15:30
2023-06-10,40.35663,18.18417,,1,LECCE,17:10
2023-06-11,40.35675,18.16736,,1,LECCE,09:00
2023-06-12,40.361485,18.170831,,3,LECCE,09:10
2023-06-12,40.34521,18.20013,,,LECCE,10:00
2023-06-12,40.337831,18.167726,,2,LECCE,21:30
2023-06-13,40.346,18.1829,,,LECCE,08:15
2023-06-13,40.35858,18.16254,,,LECCE,09:20
2023-06-13,40.362628,18.16872,,2,LECCE,16:30
2023-06-14,40.341672,18.200582,,2,LECCE,12:00
2023-06-14,40.35794,18.16635,,,LECCE,16:00
2023-06-14,40.364455,18.159093,,1,LECCE,17:00
2023-06-15,40.35908,18.17112,,1,LECCE,09:50
2023-06-15,40.346333,18.183399,,1,LECCE,11:00
2023-06-15,40.360086,18.193393,,,LECCE,14:10
2023-06-15,40.33866,18.176232,,,LECCE,15:02
2023-06-15,40.36376,18.19991,,,LECCE,16:30
2023-06-15,40.33366,18.167103,,,LECCE,22:20
2023-06-16,40.38189,18.27516,,1,LECCE,10:55
2023-06-17,40.34796,18.16062,,,LECCE,10:30
2023-06-18,40.373009,18.053807,,,LECCE,17:00
2023-06-19,40.34265,18.20231,,,LECCE,00:45
2023-06-19,40.36163,18.18523,,1,LECCE,13:00
2023-06-19,40.36563,18.19841,,2,LECCE,20:30
2023-06-20,40.35686,18.19165,,,LECCE,13:00
2023-06-21,40.35587,18.13452,,2,LECCE,10:00
2023-06-23,40.363012,18.206473,,1,LECCE,15:00
2023-06-23,40.35428,18.18879,,5,LECCE,16:10
2023-06-23,40.37621,18.21943,,,LECCE,20:20
2023-06-24,40.355409,18.188339,,3,LECCE,18:00
2023-06-25,40.35267,18.1644,,1,LECCE,06:00
2023-06-26,40.36206,18.17199,,1,LECCE,09:10
2023-06-26,40.362445,18.189417,,,LECCE,12:05
2023-06-27,40.36043,18.18709,,1,LECCE,08:54
2023-06-27,40.363418,18.170616,,1,LECCE,09:17
2023-06-27,40.34878,18.18048,,1,LECCE,11:00
2023-06-28,40.39062,18.30264,,,LECCE,02:00
2023-06-28,40.356985,18.135525,,,LECCE,09:30
2023-06-28,40.34871,18.16172,,,LECCE,09:55
2023-06-28,40.497073,18.12117,,5,LECCE,14:16
2023-06-28,40.34859,18.16696,,2,LECCE,18:10
2023-06-29,40.353093,18.177039,,1,LECCE,12:39
2023-06-29,40.321521,18.190903,,,LECCE,17:15
2023-06-30,40.35952,18.20241,,1,LECCE,09:30
2023-06-30,40.35378,18.17902,,,LECCE,10:20
2023-06-30,40.35875,18.17318,,,LECCE,14:15
2023-06-30,40.365436,18.163673,,,LECCE,15:20
2023-06-30,40.35611,18.18239,,1,LECCE,21:20
2023-07-01,40.32969,18.15199,,1,LECCE,07:00
2023-07-01,40.35124,18.18063,,,LECCE,21:45
2023-07-02,40.33859,18.18971,,1,LECCE,11:05
2023-07-02,40.343972,18.157654,,2,LECCE,16:50
2023-07-02,40.34288,18.1217,,,LECCE,19:15
2023-07-02,40.36612,18.07111,,,LECCE,19:30
2023-07-03,40.381709,18.274654,,3,LECCE,06:30
2023-07-03,40.359578,18.194339,,2,LECCE,11:00
2023-07-03,40.372638,18.175662,,1,LECCE,15:05
2023-07-03,40.35152,18.17502,,1,LECCE,18:00
2023-07-03,40.34388,18.19614,,,LECCE,20:30
2023-07-03,40.35958,18.19434,,2,LECCE,22:00
2023-07-04,40.362547,18.172626,1,,LECCE,07:30
2023-07-04,40.3504,18.1638,,,LECCE,10:15
2023-07-04,40.35184,18.17866,,1,LECCE,11:00
2023-07-04,40.37195,18.13846,,1,LECCE,16:15
2023-07-04,40.34819,18.1654,,,LECCE,19:55
2023-07-05,40.359637,18.177011,,1,LECCE,06:54
2023-07-05,40.35252,18.168739,,,LECCE,11:15
2023-07-05,40.34934,18.16268,,1,LECCE,23:01
2023-07-06,40.343985,18.157873,,2,LECCE,10:50
2023-07-06,40.346786,18.188521,,,LECCE,12:20
2023-07-06,40.353073,18.18833,,3,LECCE,15:15
2023-07-06,40.349762,18.161497,,,LECCE,18:20
2023-07-06,40.36106,18.17001,,,LECCE,18:45
2023-07-06,40.358641,18.190931,,1,LECCE,20:50
2023-07-06,40.34616,18.20492,,,LECCE,22:00
2023-07-07,40.36239,18.17047,,1,LECCE,07:20
2023-07-07,40.338488,18.122827,,4,LECCE,17:06
2023-07-07,40.353052,18.188429,,1,LECCE,18:42
2023-07-08,40.395906,18.217981,,1,LECCE,08:55
2023-07-09,40.36225,18.1698,,1,LECCE,10:45
2023-07-09,40.3592,18.16873,,,LECCE,21:15
2023-07-11,40.361268,18.170099,,,LECCE,10:20
2023-07-11,40.3523,18.18587,,,LECCE,12:15
2023-07-11,40.354626,18.186465,,,LECCE,14:15
2023-07-11,40.360019,18.105898,,1,LECCE,14:15
2023-07-11,40.34612,18.17094,,1,LECCE,17:00
2023-07-12,40.390053,18.305597,,1,LECCE,07:31
2023-07-12,40.34616,18.20492,,1,LECCE,11:15
2023-07-12,40.35874,18.16668,,,LECCE,21:30
2023-07-13,40.339982,18.176777,,1,LECCE,20:30
2023-07-14,40.339312,18.126144,,,LECCE,06:55
2023-07-14,40.36563,18.19841,,1,LECCE,09:45
2023-07-14,40.346495,18.154108,,1,LECCE,14:12
2023-07-15,40.34697,18.15953,,1,LECCE,10:25
2023-07-16,40.33702,18.15587,,,LECCE,03:45
2023-07-16,40.353073,18.18833,,1,LECCE,21:00
2023-07-17,40.352373,18.182401,,,LECCE,10:46
2023-07-18,40.363972,18.165864,,,LECCE,09:30
2023-07-18,40.378656,18.262342,,,LECCE,21:30
2023-07-19,40.350928,18.176961,,,LECCE,06:40
2023-07-19,40.351516,18.175016,,2,LECCE,11:15
2023-07-19,40.34902,18.17416,,,LECCE,11:20
2023-07-20,40.35263,18.181206,,1,LECCE,10:15
2023-07-20,40.46893,18.18338,,,LECCE,22:00
2023-07-21,40.346215,18.1902,,1,LECCE,10:40
2023-07-21,40.351394,18.164455,,1,LECCE,18:10
2023-07-22,40.361106,18.20061,,,LECCE,08:03
2023-07-22,40.344593,18.146228,,1,LECCE,12:20
2023-07-23,40.35511,18.18492,1,,LECCE,12:14
2023-07-23,40.419309,18.223007,,3,LECCE,13:05
2023-07-23,40.373009,18.053807,,4,LECCE,18:00
2023-07-24,40.347788,18.163582,,,LECCE,14:15
2023-07-25,40.349762,18.161497,,,LECCE,08:00
2023-07-25,40.35031,18.18672,,,LECCE,11:55
2023-07-25,40.330294,18.161424,,,LECCE,13:45
2023-07-25,40.3555,18.17807,,,LECCE,14:30
2023-07-25,40.390562,18.300364,,1,LECCE,17:00
2023-07-26,40.35934,18.16638,,,LECCE,10:10
2023-07-27,40.343572,18.173118,,,LECCE,18:00
2023-07-28,40.360267,18.185746,,1,LECCE,08:21
2023-07-28,40.35788,18.18117,,1,LECCE,11:00
2023-07-28,40.354513,18.172313,,,LECCE,16:20
2023-07-28,40.465459,18.192144,,4,LECCE,17:30
2023-07-29,40.34616,18.20492,,1,LECCE,14:30
2023-07-29,40.4662,18.19224,,,LECCE,15:00
2023-07-30,40.335748,18.100759,,2,LECCE,09:05
2023-07-30,40.36301,18.20647,,2,LECCE,19:05
2023-07-31,40.376784,18.165819,,,LECCE,14:05
2023-08-01,40.346812,18.180566,,,LECCE,10:20
2023-08-01,40.36424,18.1642,,,LECCE,11:40
2023-08-02,40.35538,18.16074,,,LECCE,10:00
2023-08-02,40.351516,18.175016,,,LECCE,11:20
2023-08-02,40.35943,18.18198,,,LECCE,12:25
2023-08-02,40.354041,18.182018,,1,LECCE,13:10
2023-08-02,40.350252,18.162833,,1,LECCE,14:00
2023-08-04,40.35035,18.16332,,,LECCE,09:20
2023-08-04,40.342875,18.176569,,,LECCE,09:50
2023-08-04,40.342554,18.159105,,,LECCE,10:40
2023-08-04,40.36256,18.19305,,1,LECCE,12:50
2023-08-04,40.34946,18.16673,,1,LECCE,14:30
2023-08-05,40.35016,18.1624,,1,LECCE,05:00
2023-08-06,40.38797,18.301229,,,LECCE,11:40
2023-08-07,40.35645,18.16312,,,LECCE,08:35
2023-08-07,40.36392,18.176645,,,LECCE,14:25
2023-08-07,40.348208,18.206556,,2,LECCE,18:05
2023-08-07,40.34269,18.17467,,,LECCE,22:40
2023-08-08,40.360241,18.205123,,2,LECCE,20:00
2023-08-09,40.354469,18.132562,,1,LECCE,11:30
2023-08-09,40.343985,18.157873,,,LECCE,16:45
2023-08-09,40.39433,18.27086,,1,LECCE,18:40
2023-08-09,40.368554,18.198643,,,LECCE,21:30
2023-08-10,40.35665,18.17462,,1,LECCE,19:00
2023-08-11,40.350884,18.185827,,,LECCE,18:30
2023-08-11,40.38148,18.21887,,,LECCE,19:45
2023-08-12,40.363893,18.172035,,,LECCE,13:05
2023-08-12,40.343985,18.157873,,1,LECCE,21:00
2023-08-14,40.34876,18.16461,,1,LECCE,11:05
2023-08-14,40.358492,18.175348,,1,LECCE,13:55
2023-08-14,40.35247,18.17414,,1,LECCE,17:52
2023-08-14,40.331549,18.16022,,,LECCE,18:06
2023-08-15,40.349193,18.178027,,,LECCE,23:15
2023-08-17,40.349893,18.178947,,,LECCE,09:30
2023-08-17,40.34789,18.15992,,1,LECCE,17:11
2023-08-18,40.352346,18.17688,,1,LECCE,10:30
2023-08-18,40.35461,18.17059,,,LECCE,10:45
2023-08-18,40.34244,18.1705,,1,LECCE,14:30
2023-08-18,40.34731,18.17115,,1,LECCE,15:30
2023-08-19,40.35374,18.17843,,1,LECCE,11:15
2023-08-19,40.36563,18.19841,,2,LECCE,15:10
2023-08-19,40.351516,18.175016,1,1,LECCE,21:48
2023-08-21,40.46052,18.069372,,2,LECCE,07:50
2023-08-21,40.35546,18.17873,,1,LECCE,09:45
2023-08-21,40.346128,18.18314,,1,LECCE,18:30
2023-08-22,40.352,18.18122,,2,LECCE,17:45
2023-08-22,40.36689,18.204,,1,LECCE,22:40
2023-08-23,40.34616,18.20492,,1,LECCE,09:05
2023-08-24,40.355348,18.163625,,,LECCE,09:45
2023-08-24,40.348441,18.173218,,2,LECCE,16:20
2023-08-24,40.349338,18.162684,,,LECCE,17:35
2023-08-24,40.48082,18.15987,,,LECCE,21:55
2023-08-25,40.371611,18.17756,,,LECCE,15:05
2023-08-26,40.35675,18.18419,,1,LECCE,00:15
2023-08-26,40.349447,18.176509,,,LECCE,09:05
2023-08-26,40.346128,18.18314,,5,LECCE,21:05
2023-08-27,40.357316,18.179117,,1,LECCE,08:00
2023-08-27,40.3298,18.14068,,2,LECCE,11:00
2023-08-27,40.48107,18.15994,,,LECCE,14:00
2023-08-27,40.36909,18.1561,,1,LECCE,21:00
2023-08-29,40.343658,18.158818,,1,LECCE,13:10
2023-08-29,40.35005,18.17376,,,LECCE,13:15
2023-08-31,40.350064,18.174575,,,LECCE,16:55
2023-09-01,40.432854,18.179627,1,1,LECCE,16:50
2023-09-02,40.354469,18.132562,,3,LECCE,11:20
2023-09-02,40.363458,18.198072,,2,LECCE,19:00
2023-09-02,40.35097,18.16152,,,LECCE,20:30
2023-09-04,40.35216,18.15951,,1,LECCE,08:40
2023-09-04,40.35284,18.18109,,2,LECCE,19:00
2023-09-05,40.34171,18.13919,,1,LECCE,08:15
2023-09-05,40.35073,18.16328,,1,LECCE,15:10
2023-09-05,40.3451,18.2,,,LECCE,22:45
2023-09-06,40.35303,18.17646,,1,LECCE,11:50
2023-09-06,40.34394,18.15787,,,LECCE,15:15
2023-09-07,40.360752,18.198311,,,LECCE,11:30
2023-09-07,40.36498,18.14453,,2,LECCE,16:30
2023-09-07,40.34453,18.17015,,1,LECCE,18:00
2023-09-08,40.341776,18.214541,,1,LECCE,18:00
2023-09-09,40.35205,18.18149,,,LECCE,13:35
2023-09-09,40.36079,18.19868,,4,LECCE,18:15
2023-09-10,40.355382,18.194877,,,LECCE,18:00
2023-09-11,40.3414,18.20181,,,LECCE,13:30
2023-09-11,40.352045,18.200965,,1,LECCE,20:15
2023-09-12,40.35014,18.18102,,,LECCE,11:10
2023-09-12,40.371247,18.186365,,1,LECCE,13:30
2023-09-12,40.341711,18.139192,,1,LECCE,16:00
2023-09-13,40.34,18.17963,,,LECCE,08:00
2023-09-13,40.34878,18.18149,,2,LECCE,08:20
2023-09-14,40.355802,18.193859,,1,LECCE,14:31
2023-09-15,40.340063,18.179587,,2,LECCE,07:55
2023-09-15,40.338829,18.156844,,,LECCE,16:00
2023-09-15,40.3519,18.17688,,1,LECCE,20:45
2023-09-16,40.34779,18.18484,,,LECCE,11:18
2023-09-17,40.347542,18.160581,,,LECCE,16:10
2023-09-17,40.46678,18.19369,,,LECCE,17:20
2023-09-18,40.38688,18.09669,,1,LECCE,08:00
2023-09-18,40.359987,18.189034,,1,LECCE,13:20
2023-09-18,40.336815,18.177364,,1,LECCE,19:00
2023-09-19,40.35081,18.18783,,1,LECCE,20:00
2023-09-20,40.359821,18.179249,,,LECCE,13:15
2023-09-20,40.35958,18.19434,,,LECCE,16:00
2023-09-20,40.344091,18.172546,,,LECCE,18:14
2023-09-20,40.348757,18.164605,,2,LECCE,21:08
2023-09-21,40.350455,18.167148,,1,LECCE,15:10
2023-09-22,40.35829,18.19003,,1,LECCE,11:50
2023-09-23,40.351977,18.257616,,1,LECCE,11:10
2023-09-24,40.33945,18.17679,,,LECCE,17:00
2023-09-24,40.3592,18.16873,,1,LECCE,17:20
2023-09-24,40.33651,18.17654,,,LECCE,18:00
2023-09-24,40.34681,18.16012,,,LECCE,18:00
2023-09-24,40.33843,18.18185,,,LECCE,18:00
2023-09-24,40.34633,18.18355,,,LECCE,23:30
2023-09-25,40.369671,18.168622,,,LECCE,11:00
2023-09-25,40.354078,18.18401,,1,LECCE,13:30
2023-09-26,40.362251,18.197138,,,LECCE,16:25
2023-09-26,40.355619,18.162866,,,LECCE,19:55
2023-09-26,40.35683,18.16078,,1,LECCE,20:05
2023-09-27,40.36005,18.18121,,1,LECCE,09:00
2023-09-27,40.35152,18.17502,,,LECCE,10:00
2023-09-27,40.354984,18.159659,,1,LECCE,20:00
2023-09-28,40.346158,18.204915,,,LECCE,07:30
2023-09-28,40.35817,18.18292,,1,LECCE,09:10
2023-09-29,40.346158,18.204915,,1,LECCE,08:10
2023-09-29,40.356252,18.157034,,1,LECCE,14:40
2023-09-30,40.33857,18.17611,,1,LECCE,17:30
2023-10-01,40.356627,18.168464,,,LECCE,19:55
2023-10-02,40.326272,18.149855,,3,LECCE,09:00
2023-10-02,40.366809,18.220152,,,LECCE,11:55
2023-10-02,40.3522,18.18558,,1,LECCE,18:35
2023-10-03,40.356595,18.187752,,,LECCE,06:55
2023-10-03,40.362124,18.174246,,1,LECCE,19:49
2023-10-06,40.35021,18.17582,,2,LECCE,12:40
2023-10-06,40.35431,18.16561,,,LECCE,14:50
2023-10-06,40.348465,18.173512,,1,LECCE,20:00
2023-10-07,40.34645,18.18421,,,LECCE,11:20
2023-10-07,40.35309,18.17704,,,LECCE,20:05
2023-10-08,40.352847,18.185814,,2,LECCE,12:40
2023-10-08,40.35562,18.16287,,,LECCE,20:15
2023-10-09,40.34051,18.201473,,,LECCE,10:50
2023-10-09,40.35096,18.16968,,1,LECCE,17:30
2023-10-09,40.3507,18.18232,,2,LECCE,17:30
2023-10-10,40.346158,18.204915,,,LECCE,09:20
2023-10-10,40.353635,18.185672,,2,LECCE,15:55
2023-10-10,40.35781,18.16798,,1,LECCE,16:00
2023-10-11,40.36066,18.185204,,,LECCE,12:40
2023-10-11,40.347729,18.16023,,1,LECCE,15:35
2023-10-11,40.35692,18.18521,,,LECCE,17:10
2023-10-13,40.360716,18.170478,,1,LECCE,07:55
2023-10-13,40.354469,18.132562,,,LECCE,13:50
2023-10-13,40.333164,18.13368,,1,LECCE,16:45
2023-10-13,40.36445,18.19261,,2,LECCE,18:00
2023-10-14,40.34709,18.17151,,1,LECCE,08:50
2023-10-14,40.343444,18.173007,,1,LECCE,10:02
2023-10-15,40.36027,18.18368,,2,LECCE,17:00
2023-10-16,40.35202,18.16098,,,LECCE,20:05
2023-10-17,40.354282,18.188794,,,LECCE,11:05
2023-10-17,40.35428,18.18879,,,LECCE,11:07
2023-10-17,40.363442,18.171179,,,LECCE,21:20
2023-10-18,40.34912,18.172871,,,LECCE,18:40
2023-10-20,40.35842,18.17985,,,LECCE,12:35
2023-10-20,40.34398,18.15787,,,LECCE,18:30
2023-10-21,40.36977,18.2055,,,LECCE,05:30
2023-10-21,40.34688,18.1529,,1,LECCE,07:50
2023-10-23,40.34256,18.17309,,1,LECCE,10:00
2023-10-23,40.346128,18.18314,,2,LECCE,15:20
2023-10-23,40.35011,18.17137,,1,LECCE,16:20
2023-10-25,40.35511,18.184924,,1,LECCE,11:40
2023-10-25,40.351516,18.175016,,1,LECCE,14:52
2023-10-26,40.357439,18.186617,,1,LECCE,12:45
2023-10-27,40.37264,18.17566,,1,LECCE,11:30
2023-10-27,40.36208,18.17798,,2,LECCE,19:15
2023-10-28,40.355173,18.169106,,,LECCE,16:00
2023-10-28,40.351137,18.163557,,,LECCE,19:15
2023-10-28,40.35271,18.19074,,1,LECCE,20:00
2023-10-30,40.361142,18.194,,1,LECCE,09:20
2023-10-30,40.364325,18.165385,,1,LECCE,12:25
2023-10-31,40.34124,18.17455,,1,LECCE,10:20
2023-10-31,40.33648,18.090654,1,,LECCE,17:23
2023-11-01,40.3815,18.21887,,,LECCE,11:00
2023-11-02,40.36018,18.18134,,2,LECCE,10:05
2023-11-02,40.364709,18.18947,,,LECCE,10:10
2023-11-02,40.345294,18.196569,,2,LECCE,17:30
2023-11-02,40.350612,18.163538,,,LECCE,20:50
2023-11-03,40.354366,18.176352,,,LECCE,09:30
2023-11-03,40.34281,18.17687,,1,LECCE,20:15
2023-11-04,40.346816,18.155628,,,LECCE,12:40
2023-11-04,40.353087,18.177354,,1,LECCE,21:25
2023-11-05,40.35654,18.153363,,1,LECCE,11:30
2023-11-06,40.352968,18.183104,,1,LECCE,15:55
2023-11-06,40.363779,18.19374,,,LECCE,17:00
2023-11-07,40.36352,18.169841,,1,LECCE,07:25
2023-11-07,40.358509,18.19448,,1,LECCE,12:47
2023-11-07,40.343205,18.125007,,,LECCE,16:08
2023-11-07,40.33393,18.13782,,,LECCE,19:00
2023-11-08,40.44376,18.16491,,1,LECCE,11:30
2023-11-08,40.343297,18.202708,,,LECCE,14:15
2023-11-08,40.35428,18.18879,,,LECCE,16:50
2023-11-08,40.34877,18.18048,,,LECCE,17:50
2023-11-09,40.348216,18.185008,,1,LECCE,09:30
2023-11-09,40.348594,18.166955,,,LECCE,18:00
2023-11-09,40.36081,18.1667,,1,LECCE,18:30
2023-11-10,40.345098,18.177121,,1,LECCE,11:30
2023-11-10,40.35422,18.173979,,,LECCE,20:44
2023-11-10,40.37474,18.13938,,1,LECCE,21:10
2023-11-11,40.351516,18.175016,,,LECCE,10:45
2023-11-11,40.34874,18.17372,,,LECCE,12:50
2023-11-11,40.344998,18.177157,,,LECCE,17:33
2023-11-11,40.355881,18.195053,,,LECCE,18:20
2023-11-12,40.35374,18.17843,,1,LECCE,17:50
2023-11-13,40.347156,18.205119,,,LECCE,06:50
2023-11-13,40.3629,18.07617,,,LECCE,20:00
2023-11-15,40.332255,18.158271,,1,LECCE,07:50
2023-11-15,40.356824,18.167503,,2,LECCE,14:15
2023-11-15,40.345779,18.183278,,1,LECCE,17:00
2023-11-16,40.350157,18.152044,,,LECCE,13:53
2023-11-16,40.35847,18.16274,,1,LECCE,18:30
2023-11-16,40.405272,17.689879,,2,LECCE,19:25
2023-11-17,40.353512,18.19129,,1,LECCE,08:55
2023-11-17,40.358708,18.166664,,1,LECCE,09:30
2023-11-17,40.354066,18.172822,,1,LECCE,16:50
2023-11-17,40.36018,18.18134,,1,LECCE,17:20
2023-11-17,40.35392,18.180198,,1,LECCE,20:45
2023-11-18,40.35228,18.16388,,,LECCE,13:14
2023-11-18,40.390053,18.305597,,,LECCE,21:08
2023-11-19,40.3625,18.16762,,1,LECCE,15:40
2023-11-20,40.349483,18.186731,,,LECCE,08:33
2023-11-20,40.355361,18.17628,,1,LECCE,08:38
2023-11-20,40.35769,18.196709,,1,LECCE,09:40
2023-11-20,40.35174,18.17981,,1,LECCE,18:45
2023-11-21,40.335608,18.137196,,,LECCE,12:51
2023-11-22,40.365526,18.174878,,1,LECCE,08:20
2023-11-22,40.357208,18.137388,,,LECCE,13:40
2023-11-23,40.34811,18.194808,,,LECCE,08:50
2023-11-24,40.359518,18.202414,,,LECCE,07:50
2023-11-24,40.360231,18.15741,,,LECCE,17:00
2023-11-25,40.346158,18.204915,,,LECCE,14:54
2023-11-26,40.35675,18.15434,,1,LECCE,11:00
2023-11-27,40.35374,18.17843,,,LECCE,09:00
2023-11-27,40.356613,18.187336,,1,LECCE,20:48
2023-11-28,40.36301,18.20647,,,LECCE,17:45
2023-11-29,40.35708,18.18898,,,LECCE,09:05
2023-11-29,40.343399,18.17668,,,LECCE,16:10
2023-11-30,40.33874,18.17352,,1,LECCE,08:15
2023-11-30,40.354469,18.132562,,,LECCE,17:00
2023-12-01,40.342156,18.139948,,,LECCE,20:35
2023-12-01,40.34817,18.17686,,,LECCE,23:15
2023-12-02,40.364859,18.193207,,1,LECCE,13:10
2023-12-02,40.384259,18.1702,,1,LECCE,16:00
2023-12-02,40.36687,18.17382,,1,LECCE,16:50
2023-12-05,40.35481,18.188792,,1,LECCE,10:50
2023-12-05,40.33014,18.19966,,1,LECCE,12:30
2023-12-05,40.36363,18.17051,,1,LECCE,17:05
2023-12-06,40.346348,18.153776,,1,LECCE,08:40
2023-12-06,40.412534,18.202557,,,LECCE,10:30
2023-12-06,40.35047,18.20317,,1,LECCE,11:55
2023-12-07,40.356948,18.167194,,1,LECCE,14:30
2023-12-07,40.348738,18.17372,,2,LECCE,16:30
2023-12-09,40.35803,18.1792,,,LECCE,10:03
2023-12-10,40.325068,18.190366,,,LECCE,12:10
2023-12-10,40.351395,18.186971,,,LECCE,19:20
2023-12-11,40.353769,18.179664,,2,LECCE,14:55
2023-12-11,40.34748,18.1847,,,LECCE,19:45
2023-12-12,40.35421,18.16572,,1,LECCE,09:30
2023-12-12,40.33144,18.16665,,1,LECCE,18:00
2023-12-12,40.3541,18.18412,,,LECCE,18:30
2023-12-13,40.346341,18.161258,1,,LECCE,07:30
2023-12-13,40.31105,18.14309,,1,LECCE,07:35
2023-12-14,40.36224,18.168216,,,LECCE,05:45
2023-12-14,40.362408,18.167593,,,LECCE,22:20
2023-12-15,40.35664,18.16847,,1,LECCE,06:42
2023-12-15,40.33898,18.16191,,,LECCE,08:30
2023-12-15,40.348698,18.172527,,,LECCE,15:30
2023-12-15,40.36855,18.19864,,,LECCE,17:30
2023-12-16,40.34821,18.16094,,,LECCE,04:30
2023-12-16,40.32882,18.14286,,,LECCE,10:55
2023-12-16,40.351516,18.175016,,1,LECCE,18:00
2023-12-17,40.36785,18.20354,,1,LECCE,00:00
2023-12-17,40.34697,18.159529,,,LECCE,10:00
2023-12-18,40.342065,18.173851,,1,LECCE,08:45
2023-12-18,40.353737,18.150655,,,LECCE,14:15
2023-12-18,40.37122,18.17823,,1,LECCE,16:00
2023-12-19,40.3454,18.17399,,,LECCE,16:05
2023-12-19,40.34281,18.17687,,,LECCE,21:00
2023-12-20,40.367979,18.202484,,2,LECCE,08:05
2023-12-20,40.336495,18.172712,,,LECCE,17:00
2023-12-21,40.348152,18.172935,,1,LECCE,09:30
2023-12-21,40.360352,18.175422,,,LECCE,20:00
2023-12-22,40.3493,18.179853,,,LECCE,11:00
2023-12-22,40.35089,18.18583,,1,LECCE,11:45
2023-12-22,40.377112,18.147593,,,LECCE,17:28
2023-12-22,40.352535,18.179823,,,LECCE,18:10
2023-12-22,40.35469,18.181903,,1,LECCE,22:35
2023-12-24,40.357569,18.187563,,,LECCE,12:57
2023-12-25,40.358743,18.166683,,1,LECCE,22:10
2023-12-26,40.357564,18.169249,,,LECCE,21:35
2023-12-27,40.362889,18.172824,,,LECCE,11:28
2023-12-27,40.362784,18.158081,,,LECCE,12:35
2023-12-27,40.355503,18.166241,,2,LECCE,21:50
2023-12-28,40.370757,18.176803,,1,LECCE,13:00
2023-12-28,40.329638,18.140972,,,LECCE,15:00
2023-12-28,40.33998,18.17678,,,LECCE,15:45
2023-12-28,40.36281,18.15819,,1,LECCE,17:15
2023-12-30,40.343971,18.157864,,,LECCE,07:10
2023-12-30,40.358789,18.191441,,,LECCE,13:20
2023-12-30,40.359853,18.166559,,,LECCE,19:30
2023-12-31,40.360336,18.197019,,,LECCE,12:50
