id,denominazione,obbligo_trasparenza,categoria_trasparenza,dato_obbligatorio,norma_riferimento,ente,codice_ipa,anno_pubblicazione,url_pubblicazione
1,Giunta n. 156 - Nomina commissione giudicatrice servizio mensa scolastica,Pubblicazione obbligatoria,Provvedimenti,si,Art. 23 D.Lgs. 33/2013,Comune Ideale,c_ideal,2022,https://albopretorio.comuneideale.it/delibera/1
2,Giunta n. 61 - Costituzione gruppo di lavoro per manutenzione strade,Pubblicazione obbligatoria,Provvedimenti,si,Art. 23 D.Lgs. 33/2013,Comune Ideale,c_ideal,2022,https://albopretorio.comuneideale.it/delibera/2
3,Determinazione dirigenziale n. 79 - Variazione di bilancio relativa a noleggio fotocopiatrici,Pubblicazione obbligatoria,Provvedimenti,si,Art. 23 D.Lgs. 33/2013,Comune Ideale,c_ideal,2022,https://albopretorio.comuneideale.it/delibera/3
4,Determinazione dirigenziale n. 17 - Liquidazione fattura n.4127 per protezione civile,Pubblicazione obbligatoria,Provvedimenti,si,Art. 23 D.Lgs. 33/2013,Comune Ideale,c_ideal,2022,https://albopretorio.comuneideale.it/delibera/4
5,Giunta n. 46 - Approvazione protezione civile,Pubblicazione obbligatoria,Provvedimenti,si,Art. 23 D.Lgs. 33/2013,Comune Ideale,c_ideal,2022,https://albopretorio.comuneideale.it/delibera/5
6,Determinazione dirigenziale n. 272 - Approvazione Piano triennale manutenzione cimiteri,Pubblicazione obbligatoria,Provvedimenti,si,Art. 23 D.Lgs. 33/2013,Comune Ideale,c_ideal,2022,https://albopretorio.comuneideale.it/delibera/6
7,Determinazione dirigenziale n. 192 - Variazione di bilancio relativa a trasporto scolastico,Pubblicazione obbligatoria,Provvedimenti,si,Art. 23 D.Lgs. 33/2013,Comune Ideale,c_ideal,2022,https://albopretorio.comuneideale.it/delibera/7
8,Determinazione dirigenziale n. 320 - Concessione contributo a asili nido comunali,Pubblicazione obbligatoria,Provvedimenti,si,Art. 23 D.Lgs. 33/2013,Comune Ideale,c_ideal,2022,https://albopretorio.comuneideale.it/delibera/8
9,Consiglio n. 300 - Indizione gara per manutenzione cimiteri,Pubblicazione obbligatoria,Provvedimenti,si,Art. 23 D.Lgs. 33/2013,Comune Ideale,c_ideal,2022,https://albopretorio.comuneideale.it/delibera/9
10,Determinazione dirigenziale n. 314 - Approvazione manutenzione cimiteri,Pubblicazione obbligatoria,Provvedimenti,si,Art. 23 D.Lgs. 33/2013,Comune Ideale,c_ideal,2022,https://albopretorio.comuneideale.it/delibera/10
11,Consiglio n. 94 - Approvazione illuminazione pubblica,Pubblicazione obbligatoria,Provvedimenti,si,Art. 23 D.Lgs. 33/2013,Comune Ideale,c_ideal,2022,https://albopretorio.comuneideale.it/delibera/11
12,Determinazione dirigenziale n. 295 - Modifica regolamento trasporto scolastico,Pubblicazione obbligatoria,Provvedimenti,si,Art. 23 D.Lgs. 33/2013,Comune Ideale,c_ideal,2022,https://albopretorio.comuneideale.it/delibera/12
13,Consiglio n. 125 - Approvazione Piano triennale progettazione opera pubblica,Pubblicazione obbligatoria,Provvedimenti,si,Art. 23 D.Lgs. 33/2013,Comune Ideale,c_ideal,2022,https://albopretorio.comuneideale.it/delibera/13
14,Determinazione dirigenziale n. 306 - Costituzione gruppo di lavoro per consulenze legali,Pubblicazione obbligatoria,Provvedimenti,si,Art. 23 D.Lgs. 33/2013,Comune Ideale,c_ideal,2022,https://albopretorio.comuneideale.it/delibera/14
15,Determinazione dirigenziale n. 47 - Affidamento incarico per biblioteca civica,Pubblicazione obbligatoria,Provvedimenti,si,Art. 23 D.Lgs. 33/2013,Comune Ideale,c_ideal,2022,https://albopretorio.comuneideale.it/delibera/15
16,Giunta n. 339 - Modifica regolamento servizio pulizie,Pubblicazione obbligatoria,Provvedimenti,si,Art. 23 D.Lgs. 33/2013,Comune Ideale,c_ideal,2022,https://albopretorio.comuneideale.it/delibera/16
17,Determinazione dirigenziale n. 194 - Liquidazione fattura n.493 per progettazione opera pubblica,Pubblicazione obbligatoria,Provvedimenti,si,Art. 23 D.Lgs. 33/2013,Comune Ideale,c_ideal,2022,https://albopretorio.comuneideale.it/delibera/17
18,Determinazione dirigenziale n. 213 - Variazione di bilancio relativa a protezione civile,Pubblicazione obbligatoria,Provvedimenti,si,Art. 23 D.Lgs. 33/2013,Comune Ideale,c_ideal,2022,https://albopretorio.comuneideale.it/delibera/18
19,Determinazione dirigenziale n. 201 - Aggiudicazione servizio di manutenzione cimiteri,Pubblicazione obbligatoria,Provvedimenti,si,Art. 23 D.Lgs. 33/2013,Comune Ideale,c_ideal,2022,https://albopretorio.comuneideale.it/delibera/19
20,Giunta n. 328 - Indizione gara per manutenzione strade,Pubblicazione obbligatoria,Provvedimenti,si,Art. 23 D.Lgs. 33/2013,Comune Ideale,c_ideal,2022,https://albopretorio.comuneideale.it/delibera/20
21,Giunta n. 44 - Convenzione con trasporto scolastico,Pubblicazione obbligatoria,Provvedimenti,si,Art. 23 D.Lgs. 33/2013,Comune Ideale,c_ideal,2022,https://albopretorio.comuneideale.it/delibera/21
22,Consiglio n. 231 - Aggiudicazione servizio di fornitura cancelleria,Pubblicazione obbligatoria,Provvedimenti,si,Art. 23 D.Lgs. 33/2013,Comune Ideale,c_ideal,2022,https://albopretorio.comuneideale.it/delibera/22
23,Consiglio n. 338 - Indizione gara per fornitura cancelleria,Pubblicazione obbligatoria,Provvedimenti,si,Art. 23 D.Lgs. 33/2013,Comune Ideale,c_ideal,2022,https://albopretorio.comuneideale.it/delibera/23
24,Determinazione dirigenziale n. 32 - Affidamento incarico per trasporto scolastico,Pubblicazione obbligatoria,Provvedimenti,si,Art. 23 D.Lgs. 33/2013,Comune Ideale,c_ideal,2022,https://albopretorio.comuneideale.it/delibera/24
25,Consiglio n. 113 - Approvazione noleggio fotocopiatrici,Pubblicazione obbligatoria,Provvedimenti,si,Art. 23 D.Lgs. 33/2013,Comune Ideale,c_ideal,2022,https://albopretorio.comuneideale.it/delibera/25
26,Giunta n. 315 - Modifica regolamento noleggio fotocopiatrici,Pubblicazione obbligatoria,Provvedimenti,si,Art. 23 D.Lgs. 33/2013,Comune Ideale,c_ideal,2022,https://albopretorio.comuneideale.it/delibera/26
27,Determinazione dirigenziale n. 342 - Liquidazione fattura n.1350 per verde pubblico,Pubblicazione obbligatoria,Provvedimenti,si,Art. 23 D.Lgs. 33/2013,Comune Ideale,c_ideal,2022,https://albopretorio.comuneideale.it/delibera/27
28,Determinazione dirigenziale n. 143 - Approvazione Piano triennale manutenzione cimiteri,Pubblicazione obbligatoria,Provvedimenti,si,Art. 23 D.Lgs. 33/2013,Comune Ideale,c_ideal,2022,https://albopretorio.comuneideale.it/delibera/28
29,Consiglio n. 296 - Costituzione gruppo di lavoro per fornitura cancelleria,Pubblicazione obbligatoria,Provvedimenti,si,Art. 23 D.Lgs. 33/2013,Comune Ideale,c_ideal,2022,https://albopretorio.comuneideale.it/delibera/29
30,Giunta n. 24 - Indizione gara per manutenzione strade,Pubblicazione obbligatoria,Provvedimenti,si,Art. 23 D.Lgs. 33/2013,Comune Ideale,c_ideal,2022,https://albopretorio.comuneideale.it/delibera/30
31,Consiglio n. 322 - Aggiudicazione servizio di illuminazione pubblica,Pubblicazione obbligatoria,Provvedimenti,si,Art. 23 D.Lgs. 33/2013,Comune Ideale,c_ideal,2022,https://albopretorio.comuneideale.it/delibera/31
32,Consiglio n. 185 - Liquidazione fattura n.8766 per consulenze legali,Pubblicazione obbligatoria,Provvedimenti,si,Art. 23 D.Lgs. 33/2013,Comune Ideale,c_ideal,2022,https://albopretorio.comuneideale.it/delibera/32
33,Giunta n. 87 - Approvazione Piano triennale servizio pulizie,Pubblicazione obbligatoria,Provvedimenti,si,Art. 23 D.Lgs. 33/2013,Comune Ideale,c_ideal,2022,https://albopretorio.comuneideale.it/delibera/33
34,Giunta n. 296 - Aggiudicazione servizio di noleggio fotocopiatrici,Pubblicazione obbligatoria,Provvedimenti,si,Art. 23 D.Lgs. 33/2013,Comune Ideale,c_ideal,2022,https://albopretorio.comuneideale.it/delibera/34
35,Determinazione dirigenziale n. 73 - Concessione contributo a impianti sportivi comunali,Pubblicazione obbligatoria,Provvedimenti,si,Art. 23 D.Lgs. 33/2013,Comune Ideale,c_ideal,2022,https://albopretorio.comuneideale.it/delibera/35
36,Determinazione dirigenziale n. 212 - Variazione di bilancio relativa a fornitura cancelleria,Pubblicazione obbligatoria,Provvedimenti,si,Art. 23 D.Lgs. 33/2013,Comune Ideale,c_ideal,2022,https://albopretorio.comuneideale.it/delibera/36
37,Giunta n. 20 - Affidamento incarico per verde pubblico,Pubblicazione obbligatoria,Provvedimenti,si,Art. 23 D.Lgs. 33/2013,Comune Ideale,c_ideal,2022,https://albopretorio.comuneideale.it/delibera/37
38,Determinazione dirigenziale n. 227 - Nomina commissione giudicatrice biblioteca civica,Pubblicazione obbligatoria,Provvedimenti,si,Art. 23 D.Lgs. 33/2013,Comune Ideale,c_ideal,2022,https://albopretorio.comuneideale.it/delibera/38
39,Giunta n. 97 - Liquidazione fattura n.4931 per manutenzione cimiteri,Pubblicazione obbligatoria,Provvedimenti,si,Art. 23 D.Lgs. 33/2013,Comune Ideale,c_ideal,2022,https://albopretorio.comuneideale.it/delibera/39
40,Determinazione dirigenziale n. 327 - Aggiudicazione servizio di manutenzione cimiteri,Pubblicazione obbligatoria,Provvedimenti,si,Art. 23 D.Lgs. 33/2013,Comune Ideale,c_ideal,2022,https://albopretorio.comuneideale.it/delibera/40
41,Determinazione dirigenziale n. 217 - Affidamento incarico per eventi natalizi,Pubblicazione obbligatoria,Provvedimenti,si,Art. 23 D.Lgs. 33/2013,Comune Ideale,c_ideal,2022,https://albopretorio.comuneideale.it/delibera/41
42,Determinazione dirigenziale n. 193 - Modifica regolamento illuminazione pubblica,Pubblicazione obbligatoria,Provvedimenti,si,Art. 23 D.Lgs. 33/2013,Comune Ideale,c_ideal,2022,https://albopretorio.comuneideale.it/delibera/42
43,Determinazione dirigenziale n. 214 - Nomina commissione giudicatrice biblioteca civica,Pubblicazione obbligatoria,Provvedimenti,si,Art. 23 D.Lgs. 33/2013,Comune Ideale,c_ideal,2022,https://albopretorio.comuneideale.it/delibera/43
44,Determinazione dirigenziale n. 196 - Liquidazione fattura n.1554 per consulenze legali,Pubblicazione obbligatoria,Provvedimenti,si,Art. 23 D.Lgs. 33/2013,Comune Ideale,c_ideal,2022,https://albopretorio.comuneideale.it/delibera/44
45,Determinazione dirigenziale n. 153 - Costituzione gruppo di lavoro per ufficio anagrafe,Pubblicazione obbligatoria,Provvedimenti,si,Art. 23 D.Lgs. 33/2013,Comune Ideale,c_ideal,2022,https://albopretorio.comuneideale.it/delibera/45
46,Determinazione dirigenziale n. 146 - Approvazione manutenzione strade,Pubblicazione obbligatoria,Provvedimenti,si,Art. 23 D.Lgs. 33/2013,Comune Ideale,c_ideal,2022,https://albopretorio.comuneideale.it/delibera/46
47,Consiglio n. 230 - Convenzione con noleggio fotocopiatrici,Pubblicazione obbligatoria,Provvedimenti,si,Art. 23 D.Lgs. 33/2013,Comune Ideale,c_ideal,2022,https://albopretorio.comuneideale.it/delibera/47
48,Giunta n. 254 - Approvazione Piano triennale manutenzione strade,Pubblicazione obbligatoria,Provvedimenti,si,Art. 23 D.Lgs. 33/2013,Comune Ideale,c_ideal,2022,https://albopretorio.comuneideale.it/delibera/48
49,Determinazione dirigenziale n. 274 - Affidamento incarico per eventi natalizi,Pubblicazione obbligatoria,Provvedimenti,si,Art. 23 D.Lgs. 33/2013,Comune Ideale,c_ideal,2022,https://albopretorio.comuneideale.it/delibera/49
50,Determinazione dirigenziale n. 192 - Variazione di bilancio relativa a protezione civile,Pubblicazione obbligatoria,Provvedimenti,si,Art. 23 D.Lgs. 33/2013,Comune Ideale,c_ideal,2022,https://albopretorio.comuneideale.it/delibera/50
51,Determinazione dirigenziale n. 70 - Approvazione Piano triennale biblioteca civica,Pubblicazione obbligatoria,Provvedimenti,si,Art. 23 D.Lgs. 33/2013,Comune Ideale,c_ideal,2022,https://albopretorio.comuneideale.it/delibera/51
52,Determinazione dirigenziale n. 139 - Indizione gara per manutenzione cimiteri,Pubblicazione obbligatoria,Provvedimenti,si,Art. 23 D.Lgs. 33/2013,Comune Ideale,c_ideal,2022,https://albopretorio.comuneideale.it/delibera/52
53,Determinazione dirigenziale n. 191 - Nomina commissione giudicatrice servizio pulizie,Pubblicazione obbligatoria,Provvedimenti,si,Art. 23 D.Lgs. 33/2013,Comune Ideale,c_ideal,2022,https://albopretorio.comuneideale.it/delibera/53
54,Determinazione dirigenziale n. 291 - Concessione contributo a progettazione opera pubblica,Pubblicazione obbligatoria,Provvedimenti,si,Art. 23 D.Lgs. 33/2013,Comune Ideale,c_ideal,2022,https://albopretorio.comuneideale.it/delibera/54
55,Determinazione dirigenziale n. 129 - Approvazione Piano triennale asili nido comunali,Pubblicazione obbligatoria,Provvedimenti,si,Art. 23 D.Lgs. 33/2013,Comune Ideale,c_ideal,2022,https://albopretorio.comuneideale.it/delibera/55
56,Determinazione dirigenziale n. 10 - Liquidazione fattura n.8255 per servizio pulizie,Pubblicazione obbligatoria,Provvedimenti,si,Art. 23 D.Lgs. 33/2013,Comune Ideale,c_ideal,2022,https://albopretorio.comuneideale.it/delibera/56
57,Determinazione dirigenziale n. 175 - Aggiudicazione servizio di illuminazione pubblica,Pubblicazione obbligatoria,Provvedimenti,si,Art. 23 D.Lgs. 33/2013,Comune Ideale,c_ideal,2022,https://albopretorio.comuneideale.it/delibera/57
58,Determinazione dirigenziale n. 290 - Indizione gara per verde pubblico,Pubblicazione obbligatoria,Provvedimenti,si,Art. 23 D.Lgs. 33/2013,Comune Ideale,c_ideal,2022,https://albopretorio.comuneideale.it/delibera/58
59,Giunta n. 335 - Liquidazione fattura n.8180 per eventi natalizi,Pubblicazione obbligatoria,Provvedimenti,si,Art. 23 D.Lgs. 33/2013,Comune Ideale,c_ideal,2022,https://albopretorio.comuneideale.it/delibera/59
60,Determinazione dirigenziale n. 312 - Indizione gara per consulenze legali,Pubblicazione obbligatoria,Provvedimenti,si,Art. 23 D.Lgs. 33/2013,Comune Ideale,c_ideal,2022,https://albopretorio.comuneideale.it/delibera/60
61,Determinazione dirigenziale n. 222 - Variazione di bilancio relativa a fornitura cancelleria,Pubblicazione obbligatoria,Provvedimenti,si,Art. 23 D.Lgs. 33/2013,Comune Ideale,c_ideal,2022,https://albopretorio.comuneideale.it/delibera/61
62,Determinazione dirigenziale n. 244 - Approvazione Piano triennale manutenzione strade,Pubblicazione obbligatoria,Provvedimenti,si,Art. 23 D.Lgs. 33/2013,Comune Ideale,c_ideal,2022,https://albopretorio.comuneideale.it/delibera/62
63,Determinazione dirigenziale n. 269 - Aggiudicazione servizio di consulenze legali,Pubblicazione obbligatoria,Provvedimenti,si,Art. 23 D.Lgs. 33/2013,Comune Ideale,c_ideal,2022,https://albopretorio.comuneideale.it/delibera/63
64,Consiglio n. 173 - Variazione di bilancio relativa a servizio mensa scolastica,Pubblicazione obbligatoria,Provvedimenti,si,Art. 23 D.Lgs. 33/2013,Comune Ideale,c_ideal,2022,https://albopretorio.comuneideale.it/delibera/64
65,Determinazione dirigenziale n. 15 - Modifica regolamento sicurezza urbana,Pubblicazione obbligatoria,Provvedimenti,si,Art. 23 D.Lgs. 33/2013,Comune Ideale,c_ideal,2022,https://albopretorio.comuneideale.it/delibera/65
66,Consiglio n. 227 - Variazione di bilancio relativa a asili nido comunali,Pubblicazione obbligatoria,Provvedimenti,si,Art. 23 D.Lgs. 33/2013,Comune Ideale,c_ideal,2022,https://albopretorio.comuneideale.it/delibera/66
67,Giunta n. 110 - Liquidazione fattura n.3676 per trasporto scolastico,Pubblicazione obbligatoria,Provvedimenti,si,Art. 23 D.Lgs. 33/2013,Comune Ideale,c_ideal,2022,https://albopretorio.comuneideale.it/delibera/67
68,Consiglio n. 328 - Aggiudicazione servizio di biblioteca civica,Pubblicazione obbligatoria,Provvedimenti,si,Art. 23 D.Lgs. 33/2013,Comune Ideale,c_ideal,2022,https://albopretorio.comuneideale.it/delibera/68
69,Determinazione dirigenziale n. 235 - Indizione gara per impianti sportivi comunali,Pubblicazione obbligatoria,Provvedimenti,si,Art. 23 D.Lgs. 33/2013,Comune Ideale,c_ideal,2022,https://albopretorio.comuneideale.it/delibera/69
70,Determinazione dirigenziale n. 3 - Approvazione Piano triennale protezione civile,Pubblicazione obbligatoria,Provvedimenti,si,Art. 23 D.Lgs. 33/2013,Comune Ideale,c_ideal,2022,https://albopretorio.comuneideale.it/delibera/70
71,Determinazione dirigenziale n. 178 - Liquidazione fattura n.6411 per biblioteca civica,Pubblicazione obbligatoria,Provvedimenti,si,Art. 23 D.Lgs. 33/2013,Comune Ideale,c_ideal,2022,https://albopretorio.comuneideale.it/delibera/71
72,Giunta n. 296 - Liquidazione fattura n.1398 per fornitura cancelleria,Pubblicazione obbligatoria,Provvedimenti,si,Art. 23 D.Lgs. 33/2013,Comune Ideale,c_ideal,2022,https://albopretorio.comuneideale.it/delibera/72
73,Determinazione dirigenziale n. 287 - Nomina commissione giudicatrice consulenze legali,Pubblicazione obbligatoria,Provvedimenti,si,Art. 23 D.Lgs. 33/2013,Comune Ideale,c_ideal,2022,https://albopretorio.comuneideale.it/delibera/73
74,Giunta n. 140 - Approvazione Piano triennale servizio mensa scolastica,Pubblicazione obbligatoria,Provvedimenti,si,Art. 23 D.Lgs. 33/2013,Comune Ideale,c_ideal,2022,https://albopretorio.comuneideale.it/delibera/74
75,Determinazione dirigenziale n. 255 - Aggiudicazione servizio di manutenzione cimiteri,Pubblicazione obbligatoria,Provvedimenti,si,Art. 23 D.Lgs. 33/2013,Comune Ideale,c_ideal,2022,https://albopretorio.comuneideale.it/delibera/75
76,Determinazione dirigenziale n. 155 - Variazione di bilancio relativa a manutenzione cimiteri,Pubblicazione obbligatoria,Provvedimenti,si,Art. 23 D.Lgs. 33/2013,Comune Ideale,c_ideal,2022,https://albopretorio.comuneideale.it/delibera/76
77,Determinazione dirigenziale n. 25 - Indizione gara per trasporto scolastico,Pubblicazione obbligatoria,Provvedimenti,si,Art. 23 D.Lgs. 33/2013,Comune Ideale,c_ideal,2022,https://albopretorio.comuneideale.it/delibera/77
78,Consiglio n. 334 - Nomina commissione giudicatrice manutenzione cimiteri,Pubblicazione obbligatoria,Provvedimenti,si,Art. 23 D.Lgs. 33/2013,Comune Ideale,c_ideal,2022,https://albopretorio.comuneideale.it/delibera/78
79,Determinazione dirigenziale n. 245 - Approvazione sicurezza urbana,Pubblicazione obbligatoria,Provvedimenti,si,Art. 23 D.Lgs. 33/2013,Comune Ideale,c_ideal,2022,https://albopretorio.comuneideale.it/delibera/79
80,Giunta n. 114 - Convenzione con servizio pulizie,Pubblicazione obbligatoria,Provvedimenti,si,Art. 23 D.Lgs. 33/2013,Comune Ideale,c_ideal,2022,https://albopretorio.comuneideale.it/delibera/80
81,Determinazione dirigenziale n. 65 - Approvazione Piano triennale protezione civile,Pubblicazione obbligatoria,Provvedimenti,si,Art. 23 D.Lgs. 33/2013,Comune Ideale,c_ideal,2022,https://albopretorio.comuneideale.it/delibera/81
82,Determinazione dirigenziale n. 71 - Modifica regolamento verde pubblico,Pubblicazione obbligatoria,Provvedimenti,si,Art. 23 D.Lgs. 33/2013,Comune Ideale,c_ideal,2022,https://albopretorio.comuneideale.it/delibera/82
83,Giunta n. 343 - Aggiudicazione servizio di consulenze legali,Pubblicazione obbligatoria,Provvedimenti,si,Art. 23 D.Lgs. 33/2013,Comune Ideale,c_ideal,2022,https://albopretorio.comuneideale.it/delibera/83
84,Determinazione dirigenziale n. 276 - Liquidazione fattura n.9048 per sicurezza urbana,Pubblicazione obbligatoria,Provvedimenti,si,Art. 23 D.Lgs. 33/2013,Comune Ideale,c_ideal,2022,https://albopretorio.comuneideale.it/delibera/84
85,Determinazione dirigenziale n. 198 - Indizione gara per eventi natalizi,Pubblicazione obbligatoria,Provvedimenti,si,Art. 23 D.Lgs. 33/2013,Comune Ideale,c_ideal,2022,https://albopretorio.comuneideale.it/delibera/85
86,Giunta n. 241 - Indizione gara per servizio pulizie,Pubblicazione obbligatoria,Provvedimenti,si,Art. 23 D.Lgs. 33/2013,Comune Ideale,c_ideal,2022,https://albopretorio.comuneideale.it/delibera/86
87,Determinazione dirigenziale n. 126 - Costituzione gruppo di lavoro per illuminazione pubblica,Pubblicazione obbligatoria,Provvedimenti,si,Art. 23 D.Lgs. 33/2013,Comune Ideale,c_ideal,2022,https://albopretorio.comuneideale.it/delibera/87
88,Consiglio n. 225 - Approvazione fornitura cancelleria,Pubblicazione obbligatoria,Provvedimenti,si,Art. 23 D.Lgs. 33/2013,Comune Ideale,c_ideal,2022,https://albopretorio.comuneideale.it/delibera/88
89,Giunta n. 126 - Approvazione servizio mensa scolastica,Pubblicazione obbligatoria,Provvedimenti,si,Art. 23 D.Lgs. 33/2013,Comune Ideale,c_ideal,2022,https://albopretorio.comuneideale.it/delibera/89
90,Giunta n. 301 - Convenzione con sicurezza urbana,Pubblicazione obbligatoria,Provvedimenti,si,Art. 23 D.Lgs. 33/2013,Comune Ideale,c_ideal,2022,https://albopretorio.comuneideale.it/delibera/90
91,Giunta n. 141 - Concessione contributo a eventi natalizi,Pubblicazione obbligatoria,Provvedimenti,si,Art. 23 D.Lgs. 33/2013,Comune Ideale,c_ideal,2022,https://albopretorio.comuneideale.it/delibera/91
92,Consiglio n. 296 - Liquidazione fattura n.4283 per verde pubblico,Pubblicazione obbligatoria,Provvedimenti,si,Art. 23 D.Lgs. 33/2013,Comune Ideale,c_ideal,2022,https://albopretorio.comuneideale.it/delibera/92
93,Determinazione dirigenziale n. 39 - Indizione gara per ufficio anagrafe,Pubblicazione obbligatoria,Provvedimenti,si,Art. 23 D.Lgs. 33/2013,Comune Ideale,c_ideal,2022,https://albopretorio.comuneideale.it/delibera/93
94,Giunta n. 216 - Affidamento incarico per illuminazione pubblica,Pubblicazione obbligatoria,Provvedimenti,si,Art. 23 D.Lgs. 33/2013,Comune Ideale,c_ideal,2022,https://albopretorio.comuneideale.it/delibera/94
95,Giunta n. 232 - Nomina commissione giudicatrice verde pubblico,Pubblicazione obbligatoria,Provvedimenti,si,Art. 23 D.Lgs. 33/2013,Comune Ideale,c_ideal,2022,https://albopretorio.comuneideale.it/delibera/95
96,Determinazione dirigenziale n. 272 - Indizione gara per eventi natalizi,Pubblicazione obbligatoria,Provvedimenti,si,Art. 23 D.Lgs. 33/2013,Comune Ideale,c_ideal,2022,https://albopretorio.comuneideale.it/delibera/96
97,Giunta n. 287 - Modifica regolamento verde pubblico,Pubblicazione obbligatoria,Provvedimenti,si,Art. 23 D.Lgs. 33/2013,Comune Ideale,c_ideal,2022,https://albopretorio.comuneideale.it/delibera/97
98,Determinazione dirigenziale n. 6 - Convenzione con trasporto scolastico,Pubblicazione obbligatoria,Provvedimenti,si,Art. 23 D.Lgs. 33/2013,Comune Ideale,c_ideal,2022,https://albopretorio.comuneideale.it/delibera/98
99,Determinazione dirigenziale n. 318 - Variazione di bilancio relativa a ufficio anagrafe,Pubblicazione obbligatoria,Provvedimenti,si,Art. 23 D.Lgs. 33/2013,Comune Ideale,c_ideal,2022,https://albopretorio.comuneideale.it/delibera/99
100,Giunta n. 181 - Liquidazione fattura n.2714 per impianti sportivi comunali,Pubblicazione obbligatoria,Provvedimenti,si,Art. 23 D.Lgs. 33/2013,Comune Ideale,c_ideal,2022,https://albopretorio.comuneideale.it/delibera/100
101,Determinazione dirigenziale n. 8 - Aggiudicazione servizio di noleggio fotocopiatrici,Pubblicazione obbligatoria,Provvedimenti,si,Art. 23 D.Lgs. 33/2013,Comune Ideale,c_ideal,2022,https://albopretorio.comuneideale.it/delibera/101
102,Giunta n. 121 - Concessione contributo a protezione civile,Pubblicazione obbligatoria,Provvedimenti,si,Art. 23 D.Lgs. 33/2013,Comune Ideale,c_ideal,2022,https://albopretorio.comuneideale.it/delibera/102
103,Giunta n. 22 - Approvazione Piano triennale eventi natalizi,Pubblicazione obbligatoria,Provvedimenti,si,Art. 23 D.Lgs. 33/2013,Comune Ideale,c_ideal,2022,https://albopretorio.comuneideale.it/delibera/103
104,Consiglio n. 211 - Aggiudicazione servizio di progettazione opera pubblica,Pubblicazione obbligatoria,Provvedimenti,si,Art. 23 D.Lgs. 33/2013,Comune Ideale,c_ideal,2022,https://albopretorio.comuneideale.it/delibera/104
105,Consiglio n. 104 - Modifica regolamento progettazione opera pubblica,Pubblicazione obbligatoria,Provvedimenti,si,Art. 23 D.Lgs. 33/2013,Comune Ideale,c_ideal,2022,https://albopretorio.comuneideale.it/delibera/105
106,Giunta n. 205 - Approvazione Piano triennale sicurezza urbana,Pubblicazione obbligatoria,Provvedimenti,si,Art. 23 D.Lgs. 33/2013,Comune Ideale,c_ideal,2022,https://albopretorio.comuneideale.it/delibera/106
107,Determinazione dirigenziale n. 56 - Approvazione biblioteca civica,Pubblicazione obbligatoria,Provvedimenti,si,Art. 23 D.Lgs. 33/2013,Comune Ideale,c_ideal,2022,https://albopretorio.comuneideale.it/delibera/107
108,Consiglio n. 14 - Concessione contributo a trasporto scolastico,Pubblicazione obbligatoria,Provvedimenti,si,Art. 23 D.Lgs. 33/2013,Comune Ideale,c_ideal,2022,https://albopretorio.comuneideale.it/delibera/108
109,Determinazione dirigenziale n. 62 - Liquidazione fattura n.3455 per sicurezza urbana,Pubblicazione obbligatoria,Provvedimenti,si,Art. 23 D.Lgs. 33/2013,Comune Ideale,c_ideal,2022,https://albopretorio.comuneideale.it/delibera/109
110,Giunta n. 32 - Concessione contributo a consulenze legali,Pubblicazione obbligatoria,Provvedimenti,si,Art. 23 D.Lgs. 33/2013,Comune Ideale,c_ideal,2022,https://albopretorio.comuneideale.it/delibera/110
111,Giunta n. 41 - Affidamento incarico per verde pubblico,Pubblicazione obbligatoria,Provvedimenti,si,Art. 23 D.Lgs. 33/2013,Comune Ideale,c_ideal,2022,https://albopretorio.comuneideale.it/delibera/111
112,Determinazione dirigenziale n. 276 - Convenzione con sicurezza urbana,Pubblicazione obbligatoria,Provvedimenti,si,Art. 23 D.Lgs. 33/2013,Comune Ideale,c_ideal,2022,https://albopretorio.comuneideale.it/delibera/112
113,Determinazione dirigenziale n. 225 - Nomina commissione giudicatrice biblioteca civica,Pubblicazione obbligatoria,Provvedimenti,si,Art. 23 D.Lgs. 33/2013,Comune Ideale,c_ideal,2022,https://albopretorio.comuneideale.it/delibera/113
114,Determinazione dirigenziale n. 206 - Approvazione Piano triennale ufficio anagrafe,Pubblicazione obbligatoria,Provvedimenti,si,Art. 23 D.Lgs. 33/2013,Comune Ideale,c_ideal,2022,https://albopretorio.comuneideale.it/delibera/114
115,Giunta n. 155 - Costituzione gruppo di lavoro per ufficio anagrafe,Pubblicazione obbligatoria,Provvedimenti,si,Art. 23 D.Lgs. 33/2013,Comune Ideale,c_ideal,2022,https://albopretorio.comuneideale.it/delibera/115
116,Consiglio n. 92 - Nomina commissione giudicatrice fornitura cancelleria,Pubblicazione obbligatoria,Provvedimenti,si,Art. 23 D.Lgs. 33/2013,Comune Ideale,c_ideal,2022,https://albopretorio.comuneideale.it/delibera/116
117,Determinazione dirigenziale n. 309 - Convenzione con sicurezza urbana,Pubblicazione obbligatoria,Provvedimenti,si,Art. 23 D.Lgs. 33/2013,Comune Ideale,c_ideal,2022,https://albopretorio.comuneideale.it/delibera/117
118,Giunta n. 184 - Convenzione con servizio mensa scolastica,Pubblicazione obbligatoria,Provvedimenti,si,Art. 23 D.Lgs. 33/2013,Comune Ideale,c_ideal,2022,https://albopretorio.comuneideale.it/delibera/118
119,Consiglio n. 315 - Affidamento incarico per sicurezza urbana,Pubblicazione obbligatoria,Provvedimenti,si,Art. 23 D.Lgs. 33/2013,Comune Ideale,c_ideal,2022,https://albopretorio.comuneideale.it/delibera/119
120,Determinazione dirigenziale n. 210 - Approvazione progettazione opera pubblica,Pubblicazione obbligatoria,Provvedimenti,si,Art. 23 D.Lgs. 33/2013,Comune Ideale,c_ideal,2022,https://albopretorio.comuneideale.it/delibera/120
121,Determinazione dirigenziale n. 63 - Variazione di bilancio relativa a manutenzione strade,Pubblicazione obbligatoria,Provvedimenti,si,Art. 23 D.Lgs. 33/2013,Comune Ideale,c_ideal,2022,https://albopretorio.comuneideale.it/delibera/121
122,Consiglio n. 231 - Liquidazione fattura n.1233 per progettazione opera pubblica,Pubblicazione obbligatoria,Provvedimenti,si,Art. 23 D.Lgs. 33/2013,Comune Ideale,c_ideal,2022,https://albopretorio.comuneideale.it/delibera/122
123,Determinazione dirigenziale n. 246 - Convenzione con biblioteca civica,Pubblicazione obbligatoria,Provvedimenti,si,Art. 23 D.Lgs. 33/2013,Comune Ideale,c_ideal,2022,https://albopretorio.comuneideale.it/delibera/123
124,Determinazione dirigenziale n. 240 - Modifica regolamento sicurezza urbana,Pubblicazione obbligatoria,Provvedimenti,si,Art. 23 D.Lgs. 33/2013,Comune Ideale,c_ideal,2022,https://albopretorio.comuneideale.it/delibera/124
125,Determinazione dirigenziale n. 59 - Affidamento incarico per impianti sportivi comunali,Pubblicazione obbligatoria,Provvedimenti,si,Art. 23 D.Lgs. 33/2013,Comune Ideale,c_ideal,2022,https://albopretorio.comuneideale.it/delibera/125
126,Determinazione dirigenziale n. 55 - Convenzione con manutenzione cimiteri,Pubblicazione obbligatoria,Provvedimenti,si,Art. 23 D.Lgs. 33/2013,Comune Ideale,c_ideal,2022,https://albopretorio.comuneideale.it/delibera/126
127,Determinazione dirigenziale n. 29 - Indizione gara per impianti sportivi comunali,Pubblicazione obbligatoria,Provvedimenti,si,Art. 23 D.Lgs. 33/2013,Comune Ideale,c_ideal,2022,https://albopretorio.comuneideale.it/delibera/127
128,Determinazione dirigenziale n. 210 - Convenzione con verde pubblico,Pubblicazione obbligatoria,Provvedimenti,si,Art. 23 D.Lgs. 33/2013,Comune Ideale,c_ideal,2022,https://albopretorio.comuneideale.it/delibera/128
129,Giunta n. 234 - Modifica regolamento asili nido comunali,Pubblicazione obbligatoria,Provvedimenti,si,Art. 23 D.Lgs. 33/2013,Comune Ideale,c_ideal,2022,https://albopretorio.comuneideale.it/delibera/129
130,Determinazione dirigenziale n. 20 - Indizione gara per consulenze legali,Pubblicazione obbligatoria,Provvedimenti,si,Art. 23 D.Lgs. 33/2013,Comune Ideale,c_ideal,2022,https://albopretorio.comuneideale.it/delibera/130
131,Determinazione dirigenziale n. 222 - Approvazione Piano triennale eventi natalizi,Pubblicazione obbligatoria,Provvedimenti,si,Art. 23 D.Lgs. 33/2013,Comune Ideale,c_ideal,2022,https://albopretorio.comuneideale.it/delibera/131
132,Determinazione dirigenziale n. 261 - Costituzione gruppo di lavoro per progettazione opera pubblica,Pubblicazione obbligatoria,Provvedimenti,si,Art. 23 D.Lgs. 33/2013,Comune Ideale,c_ideal,2022,https://albopretorio.comuneideale.it/delibera/132
133,Giunta n. 6 - Liquidazione fattura n.4733 per sicurezza urbana,Pubblicazione obbligatoria,Provvedimenti,si,Art. 23 D.Lgs. 33/2013,Comune Ideale,c_ideal,2022,https://albopretorio.comuneideale.it/delibera/133
134,Determinazione dirigenziale n. 312 - Convenzione con verde pubblico,Pubblicazione obbligatoria,Provvedimenti,si,Art. 23 D.Lgs. 33/2013,Comune Ideale,c_ideal,2022,https://albopretorio.comuneideale.it/delibera/134
135,Determinazione dirigenziale n. 260 - Concessione contributo a protezione civile,Pubblicazione obbligatoria,Provvedimenti,si,Art. 23 D.Lgs. 33/2013,Comune Ideale,c_ideal,2022,https://albopretorio.comuneideale.it/delibera/135
136,Determinazione dirigenziale n. 212 - Variazione di bilancio relativa a biblioteca civica,Pubblicazione obbligatoria,Provvedimenti,si,Art. 23 D.Lgs. 33/2013,Comune Ideale,c_ideal,2022,https://albopretorio.comuneideale.it/delibera/136
137,Determinazione dirigenziale n. 35 - Approvazione manutenzione cimiteri,Pubblicazione obbligatoria,Provvedimenti,si,Art. 23 D.Lgs. 33/2013,Comune Ideale,c_ideal,2022,https://albopretorio.comuneideale.it/delibera/137
138,Giunta n. 42 - Nomina commissione giudicatrice sicurezza urbana,Pubblicazione obbligatoria,Provvedimenti,si,Art. 23 D.Lgs. 33/2013,Comune Ideale,c_ideal,2023,https://albopretorio.comuneideale.it/delibera/138
139,Determinazione dirigenziale n. 293 - Affidamento incarico per asili nido comunali,Pubblicazione obbligatoria,Provvedimenti,si,Art. 23 D.Lgs. 33/2013,Comune Ideale,c_ideal,2023,https://albopretorio.comuneideale.it/delibera/139
140,Consiglio n. 283 - Concessione contributo a fornitura cancelleria,Pubblicazione obbligatoria,Provvedimenti,si,Art. 23 D.Lgs. 33/2013,Comune Ideale,c_ideal,2023,https://albopretorio.comuneideale.it/delibera/140
141,Determinazione dirigenziale n. 142 - Liquidazione fattura n.4376 per impianti sportivi comunali,Pubblicazione obbligatoria,Provvedimenti,si,Art. 23 D.Lgs. 33/2013,Comune Ideale,c_ideal,2023,https://albopretorio.comuneideale.it/delibera/141
142,Determinazione dirigenziale n. 269 - Indizione gara per servizio pulizie,Pubblicazione obbligatoria,Provvedimenti,si,Art. 23 D.Lgs. 33/2013,Comune Ideale,c_ideal,2023,https://albopretorio.comuneideale.it/delibera/142
143,Consiglio n. 124 - Indizione gara per sicurezza urbana,Pubblicazione obbligatoria,Provvedimenti,si,Art. 23 D.Lgs. 33/2013,Comune Ideale,c_ideal,2023,https://albopretorio.comuneideale.it/delibera/143
144,Determinazione dirigenziale n. 45 - Approvazione Piano triennale protezione civile,Pubblicazione obbligatoria,Provvedimenti,si,Art. 23 D.Lgs. 33/2013,Comune Ideale,c_ideal,2023,https://albopretorio.comuneideale.it/delibera/144
145,Determinazione dirigenziale n. 276 - Concessione contributo a sicurezza urbana,Pubblicazione obbligatoria,Provvedimenti,si,Art. 23 D.Lgs. 33/2013,Comune Ideale,c_ideal,2023,https://albopretorio.comuneideale.it/delibera/145
146,Determinazione dirigenziale n. 225 - Convenzione con servizio pulizie,Pubblicazione obbligatoria,Provvedimenti,si,Art. 23 D.Lgs. 33/2013,Comune Ideale,c_ideal,2023,https://albopretorio.comuneideale.it/delibera/146
147,Consiglio n. 188 - Modifica regolamento biblioteca civica,Pubblicazione obbligatoria,Provvedimenti,si,Art. 23 D.Lgs. 33/2013,Comune Ideale,c_ideal,2023,https://albopretorio.comuneideale.it/delibera/147
148,Giunta n. 185 - Approvazione servizio mensa scolastica,Pubblicazione obbligatoria,Provvedimenti,si,Art. 23 D.Lgs. 33/2013,Comune Ideale,c_ideal,2023,https://albopretorio.comuneideale.it/delibera/148
149,Determinazione dirigenziale n. 106 - Variazione di bilancio relativa a illuminazione pubblica,Pubblicazione obbligatoria,Provvedimenti,si,Art. 23 D.Lgs. 33/2013,Comune Ideale,c_ideal,2023,https://albopretorio.comuneideale.it/delibera/149
150,Giunta n. 249 - Indizione gara per illuminazione pubblica,Pubblicazione obbligatoria,Provvedimenti,si,Art. 23 D.Lgs. 33/2013,Comune Ideale,c_ideal,2023,https://albopretorio.comuneideale.it/delibera/150
151,Determinazione dirigenziale n. 20 - Indizione gara per servizio mensa scolastica,Pubblicazione obbligatoria,Provvedimenti,si,Art. 23 D.Lgs. 33/2013,Comune Ideale,c_ideal,2023,https://albopretorio.comuneideale.it/delibera/151
152,Consiglio n. 256 - Liquidazione fattura n.4425 per eventi natalizi,Pubblicazione obbligatoria,Provvedimenti,si,Art. 23 D.Lgs. 33/2013,Comune Ideale,c_ideal,2023,https://albopretorio.comuneideale.it/delibera/152
153,Giunta n. 267 - Modifica regolamento eventi natalizi,Pubblicazione obbligatoria,Provvedimenti,si,Art. 23 D.Lgs. 33/2013,Comune Ideale,c_ideal,2023,https://albopretorio.comuneideale.it/delibera/153
154,Determinazione dirigenziale n. 338 - Indizione gara per asili nido comunali,Pubblicazione obbligatoria,Provvedimenti,si,Art. 23 D.Lgs. 33/2013,Comune Ideale,c_ideal,2023,https://albopretorio.comuneideale.it/delibera/154
155,Giunta n. 83 - Costituzione gruppo di lavoro per progettazione opera pubblica,Pubblicazione obbligatoria,Provvedimenti,si,Art. 23 D.Lgs. 33/2013,Comune Ideale,c_ideal,2023,https://albopretorio.comuneideale.it/delibera/155
156,Giunta n. 301 - Nomina commissione giudicatrice ufficio anagrafe,Pubblicazione obbligatoria,Provvedimenti,si,Art. 23 D.Lgs. 33/2013,Comune Ideale,c_ideal,2023,https://albopretorio.comuneideale.it/delibera/156
157,Determinazione dirigenziale n. 104 - Approvazione Piano triennale noleggio fotocopiatrici,Pubblicazione obbligatoria,Provvedimenti,si,Art. 23 D.Lgs. 33/2013,Comune Ideale,c_ideal,2023,https://albopretorio.comuneideale.it/delibera/157
158,Determinazione dirigenziale n. 121 - Variazione di bilancio relativa a biblioteca civica,Pubblicazione obbligatoria,Provvedimenti,si,Art. 23 D.Lgs. 33/2013,Comune Ideale,c_ideal,2023,https://albopretorio.comuneideale.it/delibera/158
159,Consiglio n. 302 - Nomina commissione giudicatrice asili nido comunali,Pubblicazione obbligatoria,Provvedimenti,si,Art. 23 D.Lgs. 33/2013,Comune Ideale,c_ideal,2023,https://albopretorio.comuneideale.it/delibera/159
160,Determinazione dirigenziale n. 122 - Modifica regolamento protezione civile,Pubblicazione obbligatoria,Provvedimenti,si,Art. 23 D.Lgs. 33/2013,Comune Ideale,c_ideal,2023,https://albopretorio.comuneideale.it/delibera/160
161,Determinazione dirigenziale n. 262 - Convenzione con noleggio fotocopiatrici,Pubblicazione obbligatoria,Provvedimenti,si,Art. 23 D.Lgs. 33/2013,Comune Ideale,c_ideal,2023,https://albopretorio.comuneideale.it/delibera/161
162,Giunta n. 96 - Concessione contributo a eventi natalizi,Pubblicazione obbligatoria,Provvedimenti,si,Art. 23 D.Lgs. 33/2013,Comune Ideale,c_ideal,2023,https://albopretorio.comuneideale.it/delibera/162
163,Giunta n. 280 - Variazione di bilancio relativa a illuminazione pubblica,Pubblicazione obbligatoria,Provvedimenti,si,Art. 23 D.Lgs. 33/2013,Comune Ideale,c_ideal,2023,https://albopretorio.comuneideale.it/delibera/163
164,Determinazione dirigenziale n. 182 - Indizione gara per biblioteca civica,Pubblicazione obbligatoria,Provvedimenti,si,Art. 23 D.Lgs. 33/2013,Comune Ideale,c_ideal,2023,https://albopretorio.comuneideale.it/delibera/164
165,Consiglio n. 315 - Affidamento incarico per fornitura cancelleria,Pubblicazione obbligatoria,Provvedimenti,si,Art. 23 D.Lgs. 33/2013,Comune Ideale,c_ideal,2023,https://albopretorio.comuneideale.it/delibera/165
166,Giunta n. 317 - Variazione di bilancio relativa a manutenzione strade,Pubblicazione obbligatoria,Provvedimenti,si,Art. 23 D.Lgs. 33/2013,Comune Ideale,c_ideal,2023,https://albopretorio.comuneideale.it/delibera/166
167,Giunta n. 193 - Affidamento incarico per progettazione opera pubblica,Pubblicazione obbligatoria,Provvedimenti,si,Art. 23 D.Lgs. 33/2013,Comune Ideale,c_ideal,2023,https://albopretorio.comuneideale.it/delibera/167
168,Giunta n. 234 - Nomina commissione giudicatrice illuminazione pubblica,Pubblicazione obbligatoria,Provvedimenti,si,Art. 23 D.Lgs. 33/2013,Comune Ideale,c_ideal,2023,https://albopretorio.comuneideale.it/delibera/168
169,Determinazione dirigenziale n. 178 - Variazione di bilancio relativa a sicurezza urbana,Pubblicazione obbligatoria,Provvedimenti,si,Art. 23 D.Lgs. 33/2013,Comune Ideale,c_ideal,2023,https://albopretorio.comuneideale.it/delibera/169
170,Determinazione dirigenziale n. 112 - Liquidazione fattura n.1518 per consulenze legali,Pubblicazione obbligatoria,Provvedimenti,si,Art. 23 D.Lgs. 33/2013,Comune Ideale,c_ideal,2023,https://albopretorio.comuneideale.it/delibera/170
171,Determinazione dirigenziale n. 277 - Costituzione gruppo di lavoro per trasporto scolastico,Pubblicazione obbligatoria,Provvedimenti,si,Art. 23 D.Lgs. 33/2013,Comune Ideale,c_ideal,2023,https://albopretorio.comuneideale.it/delibera/171
172,Determinazione dirigenziale n. 284 - Aggiudicazione servizio di progettazione opera pubblica,Pubblicazione obbligatoria,Provvedimenti,si,Art. 23 D.Lgs. 33/2013,Comune Ideale,c_ideal,2023,https://albopretorio.comuneideale.it/delibera/172
173,Determinazione dirigenziale n. 124 - Modifica regolamento sicurezza urbana,Pubblicazione obbligatoria,Provvedimenti,si,Art. 23 D.Lgs. 33/2013,Comune Ideale,c_ideal,2023,https://albopretorio.comuneideale.it/delibera/173
174,Determinazione dirigenziale n. 55 - Nomina commissione giudicatrice progettazione opera pubblica,Pubblicazione obbligatoria,Provvedimenti,si,Art. 23 D.Lgs. 33/2013,Comune Ideale,c_ideal,2023,https://albopretorio.comuneideale.it/delibera/174
175,Determinazione dirigenziale n. 65 - Indizione gara per ufficio anagrafe,Pubblicazione obbligatoria,Provvedimenti,si,Art. 23 D.Lgs. 33/2013,Comune Ideale,c_ideal,2023,https://albopretorio.comuneideale.it/delibera/175
176,Determinazione dirigenziale n. 191 - Modifica regolamento progettazione opera pubblica,Pubblicazione obbligatoria,Provvedimenti,si,Art. 23 D.Lgs. 33/2013,Comune Ideale,c_ideal,2023,https://albopretorio.comuneideale.it/delibera/176
177,Consiglio n. 257 - Convenzione con ufficio anagrafe,Pubblicazione obbligatoria,Provvedimenti,si,Art. 23 D.Lgs. 33/2013,Comune Ideale,c_ideal,2023,https://albopretorio.comuneideale.it/delibera/177
178,Giunta n. 174 - Aggiudicazione servizio di manutenzione strade,Pubblicazione obbligatoria,Provvedimenti,si,Art. 23 D.Lgs. 33/2013,Comune Ideale,c_ideal,2023,https://albopretorio.comuneideale.it/delibera/178
179,Determinazione dirigenziale n. 224 - Nomina commissione giudicatrice trasporto scolastico,Pubblicazione obbligatoria,Provvedimenti,si,Art. 23 D.Lgs. 33/2013,Comune Ideale,c_ideal,2023,https://albopretorio.comuneideale.it/delibera/179
180,Determinazione dirigenziale n. 83 - Approvazione progettazione opera pubblica,Pubblicazione obbligatoria,Provvedimenti,si,Art. 23 D.Lgs. 33/2013,Comune Ideale,c_ideal,2023,https://albopretorio.comuneideale.it/delibera/180
181,Giunta n. 227 - Liquidazione fattura n.2395 per manutenzione cimiteri,Pubblicazione obbligatoria,Provvedimenti,si,Art. 23 D.Lgs. 33/2013,Comune Ideale,c_ideal,2023,https://albopretorio.comuneideale.it/delibera/181
182,Giunta n. 126 - Costituzione gruppo di lavoro per sicurezza urbana,Pubblicazione obbligatoria,Provvedimenti,si,Art. 23 D.Lgs. 33/2013,Comune Ideale,c_ideal,2023,https://albopretorio.comuneideale.it/delibera/182
183,Determinazione dirigenziale n. 137 - Liquidazione fattura n.8281 per fornitura cancelleria,Pubblicazione obbligatoria,Provvedimenti,si,Art. 23 D.Lgs. 33/2013,Comune Ideale,c_ideal,2023,https://albopretorio.comuneideale.it/delibera/183
184,Giunta n. 187 - Aggiudicazione servizio di servizio mensa scolastica,Pubblicazione obbligatoria,Provvedimenti,si,Art. 23 D.Lgs. 33/2013,Comune Ideale,c_ideal,2023,https://albopretorio.comuneideale.it/delibera/184
185,Giunta n. 51 - Approvazione fornitura cancelleria,Pubblicazione obbligatoria,Provvedimenti,si,Art. 23 D.Lgs. 33/2013,Comune Ideale,c_ideal,2023,https://albopretorio.comuneideale.it/delibera/185
186,Determinazione dirigenziale n. 248 - Convenzione con servizio pulizie,Pubblicazione obbligatoria,Provvedimenti,si,Art. 23 D.Lgs. 33/2013,Comune Ideale,c_ideal,2023,https://albopretorio.comuneideale.it/delibera/186
187,Giunta n. 185 - Costituzione gruppo di lavoro per noleggio fotocopiatrici,Pubblicazione obbligatoria,Provvedimenti,si,Art. 23 D.Lgs. 33/2013,Comune Ideale,c_ideal,2023,https://albopretorio.comuneideale.it/delibera/187
188,Giunta n. 153 - Concessione contributo a eventi natalizi,Pubblicazione obbligatoria,Provvedimenti,si,Art. 23 D.Lgs. 33/2013,Comune Ideale,c_ideal,2023,https://albopretorio.comuneideale.it/delibera/188
189,Determinazione dirigenziale n. 250 - Costituzione gruppo di lavoro per sicurezza urbana,Pubblicazione obbligatoria,Provvedimenti,si,Art. 23 D.Lgs. 33/2013,Comune Ideale,c_ideal,2023,https://albopretorio.comuneideale.it/delibera/189
190,Giunta n. 163 - Modifica regolamento biblioteca civica,Pubblicazione obbligatoria,Provvedimenti,si,Art. 23 D.Lgs. 33/2013,Comune Ideale,c_ideal,2023,https://albopretorio.comuneideale.it/delibera/190
191,Determinazione dirigenziale n. 149 - Costituzione gruppo di lavoro per eventi natalizi,Pubblicazione obbligatoria,Provvedimenti,si,Art. 23 D.Lgs. 33/2013,Comune Ideale,c_ideal,2023,https://albopretorio.comuneideale.it/delibera/191
192,Consiglio n. 80 - Concessione contributo a asili nido comunali,Pubblicazione obbligatoria,Provvedimenti,si,Art. 23 D.Lgs. 33/2013,Comune Ideale,c_ideal,2023,https://albopretorio.comuneideale.it/delibera/192
193,Consiglio n. 159 - Affidamento incarico per manutenzione cimiteri,Pubblicazione obbligatoria,Provvedimenti,si,Art. 23 D.Lgs. 33/2013,Comune Ideale,c_ideal,2023,https://albopretorio.comuneideale.it/delibera/193
194,Giunta n. 188 - Variazione di bilancio relativa a servizio pulizie,Pubblicazione obbligatoria,Provvedimenti,si,Art. 23 D.Lgs. 33/2013,Comune Ideale,c_ideal,2023,https://albopretorio.comuneideale.it/delibera/194
195,Giunta n. 260 - Indizione gara per ufficio anagrafe,Pubblicazione obbligatoria,Provvedimenti,si,Art. 23 D.Lgs. 33/2013,Comune Ideale,c_ideal,2023,https://albopretorio.comuneideale.it/delibera/195
196,Giunta n. 128 - Approvazione Piano triennale protezione civile,Pubblicazione obbligatoria,Provvedimenti,si,Art. 23 D.Lgs. 33/2013,Comune Ideale,c_ideal,2023,https://albopretorio.comuneideale.it/delibera/196
197,Determinazione dirigenziale n. 15 - Costituzione gruppo di lavoro per asili nido comunali,Pubblicazione obbligatoria,Provvedimenti,si,Art. 23 D.Lgs. 33/2013,Comune Ideale,c_ideal,2023,https://albopretorio.comuneideale.it/delibera/197
198,Determinazione dirigenziale n. 201 - Variazione di bilancio relativa a noleggio fotocopiatrici,Pubblicazione obbligatoria,Provvedimenti,si,Art. 23 D.Lgs. 33/2013,Comune Ideale,c_ideal,2023,https://albopretorio.comuneideale.it/delibera/198
199,Determinazione dirigenziale n. 32 - Approvazione fornitura cancelleria,Pubblicazione obbligatoria,Provvedimenti,si,Art. 23 D.Lgs. 33/2013,Comune Ideale,c_ideal,2023,https://albopretorio.comuneideale.it/delibera/199
200,Determinazione dirigenziale n. 192 - Approvazione Piano triennale sicurezza urbana,Pubblicazione obbligatoria,Provvedimenti,si,Art. 23 D.Lgs. 33/2013,Comune Ideale,c_ideal,2023,https://albopretorio.comuneideale.it/delibera/200
201,Determinazione dirigenziale n. 169 - Nomina commissione giudicatrice illuminazione pubblica,Pubblicazione obbligatoria,Provvedimenti,si,Art. 23 D.Lgs. 33/2013,Comune Ideale,c_ideal,2023,https://albopretorio.comuneideale.it/delibera/201
202,Giunta n. 104 - Liquidazione fattura n.2309 per biblioteca civica,Pubblicazione obbligatoria,Provvedimenti,si,Art. 23 D.Lgs. 33/2013,Comune Ideale,c_ideal,2023,https://albopretorio.comuneideale.it/delibera/202
203,Consiglio n. 10 - Approvazione Piano triennale eventi natalizi,Pubblicazione obbligatoria,Provvedimenti,si,Art. 23 D.Lgs. 33/2013,Comune Ideale,c_ideal,2023,https://albopretorio.comuneideale.it/delibera/203
204,Determinazione dirigenziale n. 262 - Costituzione gruppo di lavoro per protezione civile,Pubblicazione obbligatoria,Provvedimenti,si,Art. 23 D.Lgs. 33/2013,Comune Ideale,c_ideal,2023,https://albopretorio.comuneideale.it/delibera/204
205,Consiglio n. 135 - Concessione contributo a servizio mensa scolastica,Pubblicazione obbligatoria,Provvedimenti,si,Art. 23 D.Lgs. 33/2013,Comune Ideale,c_ideal,2023,https://albopretorio.comuneideale.it/delibera/205
206,Determinazione dirigenziale n. 85 - Approvazione progettazione opera pubblica,Pubblicazione obbligatoria,Provvedimenti,si,Art. 23 D.Lgs. 33/2013,Comune Ideale,c_ideal,2023,https://albopretorio.comuneideale.it/delibera/206
207,Determinazione dirigenziale n. 32 - Costituzione gruppo di lavoro per fornitura cancelleria,Pubblicazione obbligatoria,Provvedimenti,si,Art. 23 D.Lgs. 33/2013,Comune Ideale,c_ideal,2023,https://albopretorio.comuneideale.it/delibera/207
208,Determinazione dirigenziale n. 128 - Approvazione Piano triennale sicurezza urbana,Pubblicazione obbligatoria,Provvedimenti,si,Art. 23 D.Lgs. 33/2013,Comune Ideale,c_ideal,2023,https://albopretorio.comuneideale.it/delibera/208
209,Determinazione dirigenziale n. 344 - Costituzione gruppo di lavoro per biblioteca civica,Pubblicazione obbligatoria,Provvedimenti,si,Art. 23 D.Lgs. 33/2013,Comune Ideale,c_ideal,2023,https://albopretorio.comuneideale.it/delibera/209
210,Determinazione dirigenziale n. 70 - Liquidazione fattura n.2376 per asili nido comunali,Pubblicazione obbligatoria,Provvedimenti,si,Art. 23 D.Lgs. 33/2013,Comune Ideale,c_ideal,2023,https://albopretorio.comuneideale.it/delibera/210
211,Consiglio n. 300 - Costituzione gruppo di lavoro per illuminazione pubblica,Pubblicazione obbligatoria,Provvedimenti,si,Art. 23 D.Lgs. 33/2013,Comune Ideale,c_ideal,2023,https://albopretorio.comuneideale.it/delibera/211
212,Determinazione dirigenziale n. 309 - Aggiudicazione servizio di noleggio fotocopiatrici,Pubblicazione obbligatoria,Provvedimenti,si,Art. 23 D.Lgs. 33/2013,Comune Ideale,c_ideal,2023,https://albopretorio.comuneideale.it/delibera/212
213,Determinazione dirigenziale n. 191 - Indizione gara per eventi natalizi,Pubblicazione obbligatoria,Provvedimenti,si,Art. 23 D.Lgs. 33/2013,Comune Ideale,c_ideal,2023,https://albopretorio.comuneideale.it/delibera/213
214,Giunta n. 165 - Concessione contributo a ufficio anagrafe,Pubblicazione obbligatoria,Provvedimenti,si,Art. 23 D.Lgs. 33/2013,Comune Ideale,c_ideal,2023,https://albopretorio.comuneideale.it/delibera/214
215,Determinazione dirigenziale n. 146 - Variazione di bilancio relativa a ufficio anagrafe,Pubblicazione obbligatoria,Provvedimenti,si,Art. 23 D.Lgs. 33/2013,Comune Ideale,c_ideal,2023,https://albopretorio.comuneideale.it/delibera/215
216,Determinazione dirigenziale n. 267 - Modifica regolamento noleggio fotocopiatrici,Pubblicazione obbligatoria,Provvedimenti,si,Art. 23 D.Lgs. 33/2013,Comune Ideale,c_ideal,2023,https://albopretorio.comuneideale.it/delibera/216
217,Determinazione dirigenziale n. 172 - Costituzione gruppo di lavoro per illuminazione pubblica,Pubblicazione obbligatoria,Provvedimenti,si,Art. 23 D.Lgs. 33/2013,Comune Ideale,c_ideal,2023,https://albopretorio.comuneideale.it/delibera/217
218,Determinazione dirigenziale n. 208 - Affidamento incarico per verde pubblico,Pubblicazione obbligatoria,Provvedimenti,si,Art. 23 D.Lgs. 33/2013,Comune Ideale,c_ideal,2023,https://albopretorio.comuneideale.it/delibera/218
219,Determinazione dirigenziale n. 90 - Variazione di bilancio relativa a manutenzione strade,Pubblicazione obbligatoria,Provvedimenti,si,Art. 23 D.Lgs. 33/2013,Comune Ideale,c_ideal,2023,https://albopretorio.comuneideale.it/delibera/219
220,Determinazione dirigenziale n. 304 - Modifica regolamento biblioteca civica,Pubblicazione obbligatoria,Provvedimenti,si,Art. 23 D.Lgs. 33/2013,Comune Ideale,c_ideal,2023,https://albopretorio.comuneideale.it/delibera/220
221,Consiglio n. 104 - Liquidazione fattura n.1207 per ufficio anagrafe,Pubblicazione obbligatoria,Provvedimenti,si,Art. 23 D.Lgs. 33/2013,Comune Ideale,c_ideal,2023,https://albopretorio.comuneideale.it/delibera/221
222,Giunta n. 168 - Indizione gara per noleggio fotocopiatrici,Pubblicazione obbligatoria,Provvedimenti,si,Art. 23 D.Lgs. 33/2013,Comune Ideale,c_ideal,2023,https://albopretorio.comuneideale.it/delibera/222
223,Determinazione dirigenziale n. 280 - Aggiudicazione servizio di fornitura cancelleria,Pubblicazione obbligatoria,Provvedimenti,si,Art. 23 D.Lgs. 33/2013,Comune Ideale,c_ideal,2023,https://albopretorio.comuneideale.it/delibera/223
224,Determinazione dirigenziale n. 268 - Liquidazione fattura n.809 per eventi natalizi,Pubblicazione obbligatoria,Provvedimenti,si,Art. 23 D.Lgs. 33/2013,Comune Ideale,c_ideal,2023,https://albopretorio.comuneideale.it/delibera/224
225,Giunta n. 205 - Aggiudicazione servizio di verde pubblico,Pubblicazione obbligatoria,Provvedimenti,si,Art. 23 D.Lgs. 33/2013,Comune Ideale,c_ideal,2023,https://albopretorio.comuneideale.it/delibera/225
226,Determinazione dirigenziale n. 314 - Convenzione con servizio pulizie,Pubblicazione obbligatoria,Provvedimenti,si,Art. 23 D.Lgs. 33/2013,Comune Ideale,c_ideal,2023,https://albopretorio.comuneideale.it/delibera/226
227,Determinazione dirigenziale n. 41 - Approvazione servizio mensa scolastica,Pubblicazione obbligatoria,Provvedimenti,si,Art. 23 D.Lgs. 33/2013,Comune Ideale,c_ideal,2023,https://albopretorio.comuneideale.it/delibera/227
228,Giunta n. 161 - Variazione di bilancio relativa a servizio mensa scolastica,Pubblicazione obbligatoria,Provvedimenti,si,Art. 23 D.Lgs. 33/2013,Comune Ideale,c_ideal,2023,https://albopretorio.comuneideale.it/delibera/228
229,Consiglio n. 28 - Convenzione con illuminazione pubblica,Pubblicazione obbligatoria,Provvedimenti,si,Art. 23 D.Lgs. 33/2013,Comune Ideale,c_ideal,2023,https://albopretorio.comuneideale.it/delibera/229
230,Giunta n. 33 - Indizione gara per ufficio anagrafe,Pubblicazione obbligatoria,Provvedimenti,si,Art. 23 D.Lgs. 33/2013,Comune Ideale,c_ideal,2023,https://albopretorio.comuneideale.it/delibera/230
231,Determinazione dirigenziale n. 207 - Nomina commissione giudicatrice trasporto scolastico,Pubblicazione obbligatoria,Provvedimenti,si,Art. 23 D.Lgs. 33/2013,Comune Ideale,c_ideal,2023,https://albopretorio.comuneideale.it/delibera/231
232,Determinazione dirigenziale n. 264 - Approvazione sicurezza urbana,Pubblicazione obbligatoria,Provvedimenti,si,Art. 23 D.Lgs. 33/2013,Comune Ideale,c_ideal,2023,https://albopretorio.comuneideale.it/delibera/232
233,Giunta n. 113 - Approvazione Piano triennale impianti sportivi comunali,Pubblicazione obbligatoria,Provvedimenti,si,Art. 23 D.Lgs. 33/2013,Comune Ideale,c_ideal,2023,https://albopretorio.comuneideale.it/delibera/233
234,Determinazione dirigenziale n. 282 - Modifica regolamento eventi natalizi,Pubblicazione obbligatoria,Provvedimenti,si,Art. 23 D.Lgs. 33/2013,Comune Ideale,c_ideal,2023,https://albopretorio.comuneideale.it/delibera/234
235,Giunta n. 36 - Modifica regolamento verde pubblico,Pubblicazione obbligatoria,Provvedimenti,si,Art. 23 D.Lgs. 33/2013,Comune Ideale,c_ideal,2023,https://albopretorio.comuneideale.it/delibera/235
236,Determinazione dirigenziale n. 86 - Nomina commissione giudicatrice sicurezza urbana,Pubblicazione obbligatoria,Provvedimenti,si,Art. 23 D.Lgs. 33/2013,Comune Ideale,c_ideal,2023,https://albopretorio.comuneideale.it/delibera/236
237,Determinazione dirigenziale n. 272 - Indizione gara per illuminazione pubblica,Pubblicazione obbligatoria,Provvedimenti,si,Art. 23 D.Lgs. 33/2013,Comune Ideale,c_ideal,2023,https://albopretorio.comuneideale.it/delibera/237
238,Determinazione dirigenziale n. 322 - Indizione gara per sicurezza urbana,Pubblicazione obbligatoria,Provvedimenti,si,Art. 23 D.Lgs. 33/2013,Comune Ideale,c_ideal,2023,https://albopretorio.comuneideale.it/delibera/238
239,Giunta n. 80 - Approvazione servizio pulizie,Pubblicazione obbligatoria,Provvedimenti,si,Art. 23 D.Lgs. 33/2013,Comune Ideale,c_ideal,2023,https://albopretorio.comuneideale.it/delibera/239
240,Determinazione dirigenziale n. 22 - Convenzione con consulenze legali,Pubblicazione obbligatoria,Provvedimenti,si,Art. 23 D.Lgs. 33/2013,Comune Ideale,c_ideal,2023,https://albopretorio.comuneideale.it/delibera/240
241,Determinazione dirigenziale n. 14 - Approvazione trasporto scolastico,Pubblicazione obbligatoria,Provvedimenti,si,Art. 23 D.Lgs. 33/2013,Comune Ideale,c_ideal,2023,https://albopretorio.comuneideale.it/delibera/241
242,Determinazione dirigenziale n. 321 - Liquidazione fattura n.9054 per manutenzione strade,Pubblicazione obbligatoria,Provvedimenti,si,Art. 23 D.Lgs. 33/2013,Comune Ideale,c_ideal,2023,https://albopretorio.comuneideale.it/delibera/242
243,Consiglio n. 47 - Aggiudicazione servizio di trasporto scolastico,Pubblicazione obbligatoria,Provvedimenti,si,Art. 23 D.Lgs. 33/2013,Comune Ideale,c_ideal,2023,https://albopretorio.comuneideale.it/delibera/243
244,Determinazione dirigenziale n. 106 - Nomina commissione giudicatrice trasporto scolastico,Pubblicazione obbligatoria,Provvedimenti,si,Art. 23 D.Lgs. 33/2013,Comune Ideale,c_ideal,2023,https://albopretorio.comuneideale.it/delibera/244
245,Determinazione dirigenziale n. 335 - Aggiudicazione servizio di verde pubblico,Pubblicazione obbligatoria,Provvedimenti,si,Art. 23 D.Lgs. 33/2013,Comune Ideale,c_ideal,2023,https://albopretorio.comuneideale.it/delibera/245
246,Giunta n. 157 - Approvazione Piano triennale verde pubblico,Pubblicazione obbligatoria,Provvedimenti,si,Art. 23 D.Lgs. 33/2013,Comune Ideale,c_ideal,2023,https://albopretorio.comuneideale.it/delibera/246
247,Determinazione dirigenziale n. 24 - Approvazione Piano triennale protezione civile,Pubblicazione obbligatoria,Provvedimenti,si,Art. 23 D.Lgs. 33/2013,Comune Ideale,c_ideal,2023,https://albopretorio.comuneideale.it/delibera/247
248,Giunta n. 323 - Convenzione con impianti sportivi comunali,Pubblicazione obbligatoria,Provvedimenti,si,Art. 23 D.Lgs. 33/2013,Comune Ideale,c_ideal,2023,https://albopretorio.comuneideale.it/delibera/248
249,Determinazione dirigenziale n. 327 - Convenzione con servizio pulizie,Pubblicazione obbligatoria,Provvedimenti,si,Art. 23 D.Lgs. 33/2013,Comune Ideale,c_ideal,2023,https://albopretorio.comuneideale.it/delibera/249
250,Giunta n. 199 - Liquidazione fattura n.973 per illuminazione pubblica,Pubblicazione obbligatoria,Provvedimenti,si,Art. 23 D.Lgs. 33/2013,Comune Ideale,c_ideal,2023,https://albopretorio.comuneideale.it/delibera/250
251,Determinazione dirigenziale n. 302 - Approvazione Piano triennale trasporto scolastico,Pubblicazione obbligatoria,Provvedimenti,si,Art. 23 D.Lgs. 33/2013,Comune Ideale,c_ideal,2023,https://albopretorio.comuneideale.it/delibera/251
252,Determinazione dirigenziale n. 111 - Nomina commissione giudicatrice trasporto scolastico,Pubblicazione obbligatoria,Provvedimenti,si,Art. 23 D.Lgs. 33/2013,Comune Ideale,c_ideal,2023,https://albopretorio.comuneideale.it/delibera/252
253,Determinazione dirigenziale n. 33 - Costituzione gruppo di lavoro per noleggio fotocopiatrici,Pubblicazione obbligatoria,Provvedimenti,si,Art. 23 D.Lgs. 33/2013,Comune Ideale,c_ideal,2023,https://albopretorio.comuneideale.it/delibera/253
254,Determinazione dirigenziale n. 273 - Modifica regolamento biblioteca civica,Pubblicazione obbligatoria,Provvedimenti,si,Art. 23 D.Lgs. 33/2013,Comune Ideale,c_ideal,2023,https://albopretorio.comuneideale.it/delibera/254
255,Determinazione dirigenziale n. 114 - Indizione gara per servizio mensa scolastica,Pubblicazione obbligatoria,Provvedimenti,si,Art. 23 D.Lgs. 33/2013,Comune Ideale,c_ideal,2023,https://albopretorio.comuneideale.it/delibera/255
256,Giunta n. 91 - Liquidazione fattura n.7881 per ufficio anagrafe,Pubblicazione obbligatoria,Provvedimenti,si,Art. 23 D.Lgs. 33/2013,Comune Ideale,c_ideal,2023,https://albopretorio.comuneideale.it/delibera/256
257,Determinazione dirigenziale n. 276 - Convenzione con biblioteca civica,Pubblicazione obbligatoria,Provvedimenti,si,Art. 23 D.Lgs. 33/2013,Comune Ideale,c_ideal,2023,https://albopretorio.comuneideale.it/delibera/257
258,Determinazione dirigenziale n. 324 - Approvazione verde pubblico,Pubblicazione obbligatoria,Provvedimenti,si,Art. 23 D.Lgs. 33/2013,Comune Ideale,c_ideal,2023,https://albopretorio.comuneideale.it/delibera/258
259,Giunta n. 278 - Modifica regolamento servizio mensa scolastica,Pubblicazione obbligatoria,Provvedimenti,si,Art. 23 D.Lgs. 33/2013,Comune Ideale,c_ideal,2023,https://albopretorio.comuneideale.it/delibera/259
260,Giunta n. 146 - Nomina commissione giudicatrice servizio pulizie,Pubblicazione obbligatoria,Provvedimenti,si,Art. 23 D.Lgs. 33/2013,Comune Ideale,c_ideal,2023,https://albopretorio.comuneideale.it/delibera/260
261,Determinazione dirigenziale n. 334 - Variazione di bilancio relativa a impianti sportivi comunali,Pubblicazione obbligatoria,Provvedimenti,si,Art. 23 D.Lgs. 33/2013,Comune Ideale,c_ideal,2023,https://albopretorio.comuneideale.it/delibera/261
262,Determinazione dirigenziale n. 134 - Variazione di bilancio relativa a manutenzione strade,Pubblicazione obbligatoria,Provvedimenti,si,Art. 23 D.Lgs. 33/2013,Comune Ideale,c_ideal,2023,https://albopretorio.comuneideale.it/delibera/262
263,Giunta n. 143 - Concessione contributo a impianti sportivi comunali,Pubblicazione obbligatoria,Provvedimenti,si,Art. 23 D.Lgs. 33/2013,Comune Ideale,c_ideal,2023,https://albopretorio.comuneideale.it/delibera/263
264,Determinazione dirigenziale n. 136 - Affidamento incarico per biblioteca civica,Pubblicazione obbligatoria,Provvedimenti,si,Art. 23 D.Lgs. 33/2013,Comune Ideale,c_ideal,2023,https://albopretorio.comuneideale.it/delibera/264
265,Giunta n. 213 - Variazione di bilancio relativa a servizio mensa scolastica,Pubblicazione obbligatoria,Provvedimenti,si,Art. 23 D.Lgs. 33/2013,Comune Ideale,c_ideal,2023,https://albopretorio.comuneideale.it/delibera/265
266,Determinazione dirigenziale n. 251 - Approvazione servizio pulizie,Pubblicazione obbligatoria,Provvedimenti,si,Art. 23 D.Lgs. 33/2013,Comune Ideale,c_ideal,2023,https://albopretorio.comuneideale.it/delibera/266
267,Determinazione dirigenziale n. 78 - Indizione gara per consulenze legali,Pubblicazione obbligatoria,Provvedimenti,si,Art. 23 D.Lgs. 33/2013,Comune Ideale,c_ideal,2023,https://albopretorio.comuneideale.it/delibera/267
268,Determinazione dirigenziale n. 273 - Modifica regolamento manutenzione cimiteri,Pubblicazione obbligatoria,Provvedimenti,si,Art. 23 D.Lgs. 33/2013,Comune Ideale,c_ideal,2023,https://albopretorio.comuneideale.it/delibera/268
269,Determinazione dirigenziale n. 291 - Approvazione Piano triennale consulenze legali,Pubblicazione obbligatoria,Provvedimenti,si,Art. 23 D.Lgs. 33/2013,Comune Ideale,c_ideal,2023,https://albopretorio.comuneideale.it/delibera/269
270,Determinazione dirigenziale n. 59 - Convenzione con protezione civile,Pubblicazione obbligatoria,Provvedimenti,si,Art. 23 D.Lgs. 33/2013,Comune Ideale,c_ideal,2023,https://albopretorio.comuneideale.it/delibera/270
271,Determinazione dirigenziale n. 69 - Nomina commissione giudicatrice illuminazione pubblica,Pubblicazione obbligatoria,Provvedimenti,si,Art. 23 D.Lgs. 33/2013,Comune Ideale,c_ideal,2023,https://albopretorio.comuneideale.it/delibera/271
272,Determinazione dirigenziale n. 193 - Costituzione gruppo di lavoro per impianti sportivi comunali,Pubblicazione obbligatoria,Provvedimenti,si,Art. 23 D.Lgs. 33/2013,Comune Ideale,c_ideal,2023,https://albopretorio.comuneideale.it/delibera/272
273,Determinazione dirigenziale n. 35 - Aggiudicazione servizio di manutenzione strade,Pubblicazione obbligatoria,Provvedimenti,si,Art. 23 D.Lgs. 33/2013,Comune Ideale,c_ideal,2023,https://albopretorio.comuneideale.it/delibera/273
274,Determinazione dirigenziale n. 154 - Affidamento incarico per asili nido comunali,Pubblicazione obbligatoria,Provvedimenti,si,Art. 23 D.Lgs. 33/2013,Comune Ideale,c_ideal,2023,https://albopretorio.comuneideale.it/delibera/274
275,Determinazione dirigenziale n. 39 - Affidamento incarico per noleggio fotocopiatrici,Pubblicazione obbligatoria,Provvedimenti,si,Art. 23 D.Lgs. 33/2013,Comune Ideale,c_ideal,2023,https://albopretorio.comuneideale.it/delibera/275
276,Determinazione dirigenziale n. 47 - Indizione gara per impianti sportivi comunali,Pubblicazione obbligatoria,Provvedimenti,si,Art. 23 D.Lgs. 33/2013,Comune Ideale,c_ideal,2023,https://albopretorio.comuneideale.it/delibera/276
277,Determinazione dirigenziale n. 323 - Indizione gara per manutenzione strade,Pubblicazione obbligatoria,Provvedimenti,si,Art. 23 D.Lgs. 33/2013,Comune Ideale,c_ideal,2023,https://albopretorio.comuneideale.it/delibera/277
278,Consiglio n. 196 - Variazione di bilancio relativa a noleggio fotocopiatrici,Pubblicazione obbligatoria,Provvedimenti,si,Art. 23 D.Lgs. 33/2013,Comune Ideale,c_ideal,2023,https://albopretorio.comuneideale.it/delibera/278
279,Determinazione dirigenziale n. 264 - Approvazione servizio mensa scolastica,Pubblicazione obbligatoria,Provvedimenti,si,Art. 23 D.Lgs. 33/2013,Comune Ideale,c_ideal,2023,https://albopretorio.comuneideale.it/delibera/279
280,Determinazione dirigenziale n. 342 - Liquidazione fattura n.8083 per protezione civile,Pubblicazione obbligatoria,Provvedimenti,si,Art. 23 D.Lgs. 33/2013,Comune Ideale,c_ideal,2023,https://albopretorio.comuneideale.it/delibera/280
281,Consiglio n. 127 - Costituzione gruppo di lavoro per servizio mensa scolastica,Pubblicazione obbligatoria,Provvedimenti,si,Art. 23 D.Lgs. 33/2013,Comune Ideale,c_ideal,2023,https://albopretorio.comuneideale.it/delibera/281
282,Giunta n. 71 - Costituzione gruppo di lavoro per fornitura cancelleria,Pubblicazione obbligatoria,Provvedimenti,si,Art. 23 D.Lgs. 33/2013,Comune Ideale,c_ideal,2023,https://albopretorio.comuneideale.it/delibera/282
283,Determinazione dirigenziale n. 280 - Indizione gara per manutenzione cimiteri,Pubblicazione obbligatoria,Provvedimenti,si,Art. 23 D.Lgs. 33/2013,Comune Ideale,c_ideal,2023,https://albopretorio.comuneideale.it/delibera/283
284,Determinazione dirigenziale n. 63 - Liquidazione fattura n.1449 per manutenzione strade,Pubblicazione obbligatoria,Provvedimenti,si,Art. 23 D.Lgs. 33/2013,Comune Ideale,c_ideal,2023,https://albopretorio.comuneideale.it/delibera/284
285,Giunta n. 339 - Modifica regolamento sicurezza urbana,Pubblicazione obbligatoria,Provvedimenti,si,Art. 23 D.Lgs. 33/2013,Comune Ideale,c_ideal,2023,https://albopretorio.comuneideale.it/delibera/285
286,Giunta n. 68 - Variazione di bilancio relativa a illuminazione pubblica,Pubblicazione obbligatoria,Provvedimenti,si,Art. 23 D.Lgs. 33/2013,Comune Ideale,c_ideal,2023,https://albopretorio.comuneideale.it/delibera/286
287,Giunta n. 193 - Liquidazione fattura n.4396 per consulenze legali,Pubblicazione obbligatoria,Provvedimenti,si,Art. 23 D.Lgs. 33/2013,Comune Ideale,c_ideal,2023,https://albopretorio.comuneideale.it/delibera/287
288,Giunta n. 141 - Concessione contributo a illuminazione pubblica,Pubblicazione obbligatoria,Provvedimenti,si,Art. 23 D.Lgs. 33/2013,Comune Ideale,c_ideal,2023,https://albopretorio.comuneideale.it/delibera/288
289,Consiglio n. 47 - Nomina commissione giudicatrice verde pubblico,Pubblicazione obbligatoria,Provvedimenti,si,Art. 23 D.Lgs. 33/2013,Comune Ideale,c_ideal,2023,https://albopretorio.comuneideale.it/delibera/289
290,Determinazione dirigenziale n. 277 - Variazione di bilancio relativa a asili nido comunali,Pubblicazione obbligatoria,Provvedimenti,si,Art. 23 D.Lgs. 33/2013,Comune Ideale,c_ideal,2023,https://albopretorio.comuneideale.it/delibera/290
291,Giunta n. 122 - Nomina commissione giudicatrice trasporto scolastico,Pubblicazione obbligatoria,Provvedimenti,si,Art. 23 D.Lgs. 33/2013,Comune Ideale,c_ideal,2023,https://albopretorio.comuneideale.it/delibera/291
292,Determinazione dirigenziale n. 126 - Liquidazione fattura n.4566 per sicurezza urbana,Pubblicazione obbligatoria,Provvedimenti,si,Art. 23 D.Lgs. 33/2013,Comune Ideale,c_ideal,2023,https://albopretorio.comuneideale.it/delibera/292
293,Determinazione dirigenziale n. 318 - Indizione gara per consulenze legali,Pubblicazione obbligatoria,Provvedimenti,si,Art. 23 D.Lgs. 33/2013,Comune Ideale,c_ideal,2023,https://albopretorio.comuneideale.it/delibera/293
294,Consiglio n. 130 - Liquidazione fattura n.4793 per verde pubblico,Pubblicazione obbligatoria,Provvedimenti,si,Art. 23 D.Lgs. 33/2013,Comune Ideale,c_ideal,2023,https://albopretorio.comuneideale.it/delibera/294
295,Giunta n. 121 - Aggiudicazione servizio di sicurezza urbana,Pubblicazione obbligatoria,Provvedimenti,si,Art. 23 D.Lgs. 33/2013,Comune Ideale,c_ideal,2023,https://albopretorio.comuneideale.it/delibera/295
296,Giunta n. 287 - Modifica regolamento servizio mensa scolastica,Pubblicazione obbligatoria,Provvedimenti,si,Art. 23 D.Lgs. 33/2013,Comune Ideale,c_ideal,2024,https://albopretorio.comuneideale.it/delibera/296
297,Consiglio n. 347 - Aggiudicazione servizio di servizio pulizie,Pubblicazione obbligatoria,Provvedimenti,si,Art. 23 D.Lgs. 33/2013,Comune Ideale,c_ideal,2024,https://albopretorio.comuneideale.it/delibera/297
298,Determinazione dirigenziale n. 238 - Affidamento incarico per eventi natalizi,Pubblicazione obbligatoria,Provvedimenti,si,Art. 23 D.Lgs. 33/2013,Comune Ideale,c_ideal,2024,https://albopretorio.comuneideale.it/delibera/298
299,Giunta n. 221 - Variazione di bilancio relativa a trasporto scolastico,Pubblicazione obbligatoria,Provvedimenti,si,Art. 23 D.Lgs. 33/2013,Comune Ideale,c_ideal,2024,https://albopretorio.comuneideale.it/delibera/299
300,Determinazione dirigenziale n. 239 - Affidamento incarico per noleggio fotocopiatrici,Pubblicazione obbligatoria,Provvedimenti,si,Art. 23 D.Lgs. 33/2013,Comune Ideale,c_ideal,2024,https://albopretorio.comuneideale.it/delibera/300
301,Determinazione dirigenziale n. 11 - Aggiudicazione servizio di verde pubblico,Pubblicazione obbligatoria,Provvedimenti,si,Art. 23 D.Lgs. 33/2013,Comune Ideale,c_ideal,2024,https://albopretorio.comuneideale.it/delibera/301
302,Determinazione dirigenziale n. 55 - Costituzione gruppo di lavoro per progettazione opera pubblica,Pubblicazione obbligatoria,Provvedimenti,si,Art. 23 D.Lgs. 33/2013,Comune Ideale,c_ideal,2024,https://albopretorio.comuneideale.it/delibera/302
303,Determinazione dirigenziale n. 199 - Convenzione con illuminazione pubblica,Pubblicazione obbligatoria,Provvedimenti,si,Art. 23 D.Lgs. 33/2013,Comune Ideale,c_ideal,2024,https://albopretorio.comuneideale.it/delibera/303
304,Determinazione dirigenziale n. 322 - Variazione di bilancio relativa a impianti sportivi comunali,Pubblicazione obbligatoria,Provvedimenti,si,Art. 23 D.Lgs. 33/2013,Comune Ideale,c_ideal,2024,https://albopretorio.comuneideale.it/delibera/304
305,Consiglio n. 271 - Affidamento incarico per verde pubblico,Pubblicazione obbligatoria,Provvedimenti,si,Art. 23 D.Lgs. 33/2013,Comune Ideale,c_ideal,2024,https://albopretorio.comuneideale.it/delibera/305
306,Giunta n. 48 - Liquidazione fattura n.8259 per eventi natalizi,Pubblicazione obbligatoria,Provvedimenti,si,Art. 23 D.Lgs. 33/2013,Comune Ideale,c_ideal,2024,https://albopretorio.comuneideale.it/delibera/306
307,Determinazione dirigenziale n. 172 - Variazione di bilancio relativa a servizio pulizie,Pubblicazione obbligatoria,Provvedimenti,si,Art. 23 D.Lgs. 33/2013,Comune Ideale,c_ideal,2024,https://albopretorio.comuneideale.it/delibera/307
308,Determinazione dirigenziale n. 174 - Nomina commissione giudicatrice eventi natalizi,Pubblicazione obbligatoria,Provvedimenti,si,Art. 23 D.Lgs. 33/2013,Comune Ideale,c_ideal,2024,https://albopretorio.comuneideale.it/delibera/308
309,Determinazione dirigenziale n. 55 - Indizione gara per consulenze legali,Pubblicazione obbligatoria,Provvedimenti,si,Art. 23 D.Lgs. 33/2013,Comune Ideale,c_ideal,2024,https://albopretorio.comuneideale.it/delibera/309
310,Determinazione dirigenziale n. 214 - Aggiudicazione servizio di progettazione opera pubblica,Pubblicazione obbligatoria,Provvedimenti,si,Art. 23 D.Lgs. 33/2013,Comune Ideale,c_ideal,2024,https://albopretorio.comuneideale.it/delibera/310
311,Determinazione dirigenziale n. 228 - Nomina commissione giudicatrice verde pubblico,Pubblicazione obbligatoria,Provvedimenti,si,Art. 23 D.Lgs. 33/2013,Comune Ideale,c_ideal,2024,https://albopretorio.comuneideale.it/delibera/311
312,Determinazione dirigenziale n. 264 - Affidamento incarico per protezione civile,Pubblicazione obbligatoria,Provvedimenti,si,Art. 23 D.Lgs. 33/2013,Comune Ideale,c_ideal,2024,https://albopretorio.comuneideale.it/delibera/312
313,Consiglio n. 110 - Modifica regolamento eventi natalizi,Pubblicazione obbligatoria,Provvedimenti,si,Art. 23 D.Lgs. 33/2013,Comune Ideale,c_ideal,2024,https://albopretorio.comuneideale.it/delibera/313
314,Giunta n. 311 - Concessione contributo a progettazione opera pubblica,Pubblicazione obbligatoria,Provvedimenti,si,Art. 23 D.Lgs. 33/2013,Comune Ideale,c_ideal,2024,https://albopretorio.comuneideale.it/delibera/314
315,Determinazione dirigenziale n. 349 - Concessione contributo a noleggio fotocopiatrici,Pubblicazione obbligatoria,Provvedimenti,si,Art. 23 D.Lgs. 33/2013,Comune Ideale,c_ideal,2024,https://albopretorio.comuneideale.it/delibera/315
316,Determinazione dirigenziale n. 327 - Approvazione Piano triennale progettazione opera pubblica,Pubblicazione obbligatoria,Provvedimenti,si,Art. 23 D.Lgs. 33/2013,Comune Ideale,c_ideal,2024,https://albopretorio.comuneideale.it/delibera/316
317,Determinazione dirigenziale n. 229 - Nomina commissione giudicatrice asili nido comunali,Pubblicazione obbligatoria,Provvedimenti,si,Art. 23 D.Lgs. 33/2013,Comune Ideale,c_ideal,2024,https://albopretorio.comuneideale.it/delibera/317
318,Determinazione dirigenziale n. 147 - Indizione gara per illuminazione pubblica,Pubblicazione obbligatoria,Provvedimenti,si,Art. 23 D.Lgs. 33/2013,Comune Ideale,c_ideal,2024,https://albopretorio.comuneideale.it/delibera/318
319,Determinazione dirigenziale n. 207 - Modifica regolamento trasporto scolastico,Pubblicazione obbligatoria,Provvedimenti,si,Art. 23 D.Lgs. 33/2013,Comune Ideale,c_ideal,2024,https://albopretorio.comuneideale.it/delibera/319
320,Giunta n. 245 - Variazione di bilancio relativa a biblioteca civica,Pubblicazione obbligatoria,Provvedimenti,si,Art. 23 D.Lgs. 33/2013,Comune Ideale,c_ideal,2024,https://albopretorio.comuneideale.it/delibera/320
321,Consiglio n. 12 - Approvazione Piano triennale manutenzione cimiteri,Pubblicazione obbligatoria,Provvedimenti,si,Art. 23 D.Lgs. 33/2013,Comune Ideale,c_ideal,2024,https://albopretorio.comuneideale.it/delibera/321
322,Determinazione dirigenziale n. 106 - Approvazione eventi natalizi,Pubblicazione obbligatoria,Provvedimenti,si,Art. 23 D.Lgs. 33/2013,Comune Ideale,c_ideal,2024,https://albopretorio.comuneideale.it/delibera/322
323,Giunta n. 81 - Costituzione gruppo di lavoro per servizio pulizie,Pubblicazione obbligatoria,Provvedimenti,si,Art. 23 D.Lgs. 33/2013,Comune Ideale,c_ideal,2024,https://albopretorio.comuneideale.it/delibera/323
324,Consiglio n. 334 - Nomina commissione giudicatrice protezione civile,Pubblicazione obbligatoria,Provvedimenti,si,Art. 23 D.Lgs. 33/2013,Comune Ideale,c_ideal,2024,https://albopretorio.comuneideale.it/delibera/324
325,Consiglio n. 169 - Convenzione con eventi natalizi,Pubblicazione obbligatoria,Provvedimenti,si,Art. 23 D.Lgs. 33/2013,Comune Ideale,c_ideal,2024,https://albopretorio.comuneideale.it/delibera/325
326,Determinazione dirigenziale n. 207 - Convenzione con biblioteca civica,Pubblicazione obbligatoria,Provvedimenti,si,Art. 23 D.Lgs. 33/2013,Comune Ideale,c_ideal,2024,https://albopretorio.comuneideale.it/delibera/326
327,Giunta n. 64 - Modifica regolamento servizio mensa scolastica,Pubblicazione obbligatoria,Provvedimenti,si,Art. 23 D.Lgs. 33/2013,Comune Ideale,c_ideal,2024,https://albopretorio.comuneideale.it/delibera/327
328,Determinazione dirigenziale n. 279 - Nomina commissione giudicatrice illuminazione pubblica,Pubblicazione obbligatoria,Provvedimenti,si,Art. 23 D.Lgs. 33/2013,Comune Ideale,c_ideal,2024,https://albopretorio.comuneideale.it/delibera/328
329,Giunta n. 308 - Convenzione con manutenzione strade,Pubblicazione obbligatoria,Provvedimenti,si,Art. 23 D.Lgs. 33/2013,Comune Ideale,c_ideal,2024,https://albopretorio.comuneideale.it/delibera/329
330,Giunta n. 96 - Approvazione consulenze legali,Pubblicazione obbligatoria,Provvedimenti,si,Art. 23 D.Lgs. 33/2013,Comune Ideale,c_ideal,2024,https://albopretorio.comuneideale.it/delibera/330
331,Consiglio n. 119 - Concessione contributo a consulenze legali,Pubblicazione obbligatoria,Provvedimenti,si,Art. 23 D.Lgs. 33/2013,Comune Ideale,c_ideal,2024,https://albopretorio.comuneideale.it/delibera/331
332,Consiglio n. 314 - Concessione contributo a manutenzione strade,Pubblicazione obbligatoria,Provvedimenti,si,Art. 23 D.Lgs. 33/2013,Comune Ideale,c_ideal,2024,https://albopretorio.comuneideale.it/delibera/332
333,Giunta n. 224 - Aggiudicazione servizio di progettazione opera pubblica,Pubblicazione obbligatoria,Provvedimenti,si,Art. 23 D.Lgs. 33/2013,Comune Ideale,c_ideal,2024,https://albopretorio.comuneideale.it/delibera/333
334,Consiglio n. 89 - Approvazione verde pubblico,Pubblicazione obbligatoria,Provvedimenti,si,Art. 23 D.Lgs. 33/2013,Comune Ideale,c_ideal,2024,https://albopretorio.comuneideale.it/delibera/334
335,Determinazione dirigenziale n. 286 - Convenzione con biblioteca civica,Pubblicazione obbligatoria,Provvedimenti,si,Art. 23 D.Lgs. 33/2013,Comune Ideale,c_ideal,2024,https://albopretorio.comuneideale.it/delibera/335
336,Determinazione dirigenziale n. 217 - Costituzione gruppo di lavoro per fornitura cancelleria,Pubblicazione obbligatoria,Provvedimenti,si,Art. 23 D.Lgs. 33/2013,Comune Ideale,c_ideal,2024,https://albopretorio.comuneideale.it/delibera/336
337,Giunta n. 241 - Approvazione Piano triennale consulenze legali,Pubblicazione obbligatoria,Provvedimenti,si,Art. 23 D.Lgs. 33/2013,Comune Ideale,c_ideal,2024,https://albopretorio.comuneideale.it/delibera/337
338,Consiglio n. 229 - Indizione gara per asili nido comunali,Pubblicazione obbligatoria,Provvedimenti,si,Art. 23 D.Lgs. 33/2013,Comune Ideale,c_ideal,2024,https://albopretorio.comuneideale.it/delibera/338
339,Determinazione dirigenziale n. 212 - Approvazione Piano triennale impianti sportivi comunali,Pubblicazione obbligatoria,Provvedimenti,si,Art. 23 D.Lgs. 33/2013,Comune Ideale,c_ideal,2024,https://albopretorio.comuneideale.it/delibera/339
340,Giunta n. 131 - Approvazione servizio pulizie,Pubblicazione obbligatoria,Provvedimenti,si,Art. 23 D.Lgs. 33/2013,Comune Ideale,c_ideal,2024,https://albopretorio.comuneideale.it/delibera/340
341,Consiglio n. 305 - Convenzione con biblioteca civica,Pubblicazione obbligatoria,Provvedimenti,si,Art. 23 D.Lgs. 33/2013,Comune Ideale,c_ideal,2024,https://albopretorio.comuneideale.it/delibera/341
342,Consiglio n. 209 - Approvazione sicurezza urbana,Pubblicazione obbligatoria,Provvedimenti,si,Art. 23 D.Lgs. 33/2013,Comune Ideale,c_ideal,2024,https://albopretorio.comuneideale.it/delibera/342
343,Giunta n. 63 - Indizione gara per trasporto scolastico,Pubblicazione obbligatoria,Provvedimenti,si,Art. 23 D.Lgs. 33/2013,Comune Ideale,c_ideal,2024,https://albopretorio.comuneideale.it/delibera/343
344,Determinazione dirigenziale n. 299 - Nomina commissione giudicatrice protezione civile,Pubblicazione obbligatoria,Provvedimenti,si,Art. 23 D.Lgs. 33/2013,Comune Ideale,c_ideal,2024,https://albopretorio.comuneideale.it/delibera/344
345,Determinazione dirigenziale n. 160 - Concessione contributo a protezione civile,Pubblicazione obbligatoria,Provvedimenti,si,Art. 23 D.Lgs. 33/2013,Comune Ideale,c_ideal,2024,https://albopretorio.comuneideale.it/delibera/345
346,Determinazione dirigenziale n. 228 - Modifica regolamento consulenze legali,Pubblicazione obbligatoria,Provvedimenti,si,Art. 23 D.Lgs. 33/2013,Comune Ideale,c_ideal,2024,https://albopretorio.comuneideale.it/delibera/346
347,Determinazione dirigenziale n. 245 - Variazione di bilancio relativa a consulenze legali,Pubblicazione obbligatoria,Provvedimenti,si,Art. 23 D.Lgs. 33/2013,Comune Ideale,c_ideal,2024,https://albopretorio.comuneideale.it/delibera/347
348,Determinazione dirigenziale n. 296 - Nomina commissione giudicatrice ufficio anagrafe,Pubblicazione obbligatoria,Provvedimenti,si,Art. 23 D.Lgs. 33/2013,Comune Ideale,c_ideal,2024,https://albopretorio.comuneideale.it/delibera/348
349,Determinazione dirigenziale n. 225 - Approvazione Piano triennale illuminazione pubblica,Pubblicazione obbligatoria,Provvedimenti,si,Art. 23 D.Lgs. 33/2013,Comune Ideale,c_ideal,2024,https://albopretorio.comuneideale.it/delibera/349
350,Determinazione dirigenziale n. 237 - Variazione di bilancio relativa a asili nido comunali,Pubblicazione obbligatoria,Provvedimenti,si,Art. 23 D.Lgs. 33/2013,Comune Ideale,c_ideal,2024,https://albopretorio.comuneideale.it/delibera/350
351,Determinazione dirigenziale n. 17 - Approvazione Piano triennale asili nido comunali,Pubblicazione obbligatoria,Provvedimenti,si,Art. 23 D.Lgs. 33/2013,Comune Ideale,c_ideal,2024,https://albopretorio.comuneideale.it/delibera/351
352,Giunta n. 209 - Concessione contributo a illuminazione pubblica,Pubblicazione obbligatoria,Provvedimenti,si,Art. 23 D.Lgs. 33/2013,Comune Ideale,c_ideal,2024,https://albopretorio.comuneideale.it/delibera/352
353,Determinazione dirigenziale n. 21 - Nomina commissione giudicatrice protezione civile,Pubblicazione obbligatoria,Provvedimenti,si,Art. 23 D.Lgs. 33/2013,Comune Ideale,c_ideal,2024,https://albopretorio.comuneideale.it/delibera/353
354,Consiglio n. 150 - Convenzione con servizio mensa scolastica,Pubblicazione obbligatoria,Provvedimenti,si,Art. 23 D.Lgs. 33/2013,Comune Ideale,c_ideal,2024,https://albopretorio.comuneideale.it/delibera/354
355,Consiglio n. 183 - Liquidazione fattura n.7876 per protezione civile,Pubblicazione obbligatoria,Provvedimenti,si,Art. 23 D.Lgs. 33/2013,Comune Ideale,c_ideal,2024,https://albopretorio.comuneideale.it/delibera/355
356,Determinazione dirigenziale n. 238 - Approvazione Piano triennale verde pubblico,Pubblicazione obbligatoria,Provvedimenti,si,Art. 23 D.Lgs. 33/2013,Comune Ideale,c_ideal,2024,https://albopretorio.comuneideale.it/delibera/356
357,Consiglio n. 127 - Liquidazione fattura n.8141 per progettazione opera pubblica,Pubblicazione obbligatoria,Provvedimenti,si,Art. 23 D.Lgs. 33/2013,Comune Ideale,c_ideal,2024,https://albopretorio.comuneideale.it/delibera/357
358,Determinazione dirigenziale n. 289 - Costituzione gruppo di lavoro per trasporto scolastico,Pubblicazione obbligatoria,Provvedimenti,si,Art. 23 D.Lgs. 33/2013,Comune Ideale,c_ideal,2024,https://albopretorio.comuneideale.it/delibera/358
359,Giunta n. 324 - Modifica regolamento protezione civile,Pubblicazione obbligatoria,Provvedimenti,si,Art. 23 D.Lgs. 33/2013,Comune Ideale,c_ideal,2024,https://albopretorio.comuneideale.it/delibera/359
360,Giunta n. 42 - Variazione di bilancio relativa a protezione civile,Pubblicazione obbligatoria,Provvedimenti,si,Art. 23 D.Lgs. 33/2013,Comune Ideale,c_ideal,2024,https://albopretorio.comuneideale.it/delibera/360
361,Giunta n. 91 - Liquidazione fattura n.761 per illuminazione pubblica,Pubblicazione obbligatoria,Provvedimenti,si,Art. 23 D.Lgs. 33/2013,Comune Ideale,c_ideal,2024,https://albopretorio.comuneideale.it/delibera/361
362,Giunta n. 346 - Indizione gara per manutenzione strade,Pubblicazione obbligatoria,Provvedimenti,si,Art. 23 D.Lgs. 33/2013,Comune Ideale,c_ideal,2024,https://albopretorio.comuneideale.it/delibera/362
363,Giunta n. 283 - Variazione di bilancio relativa a ufficio anagrafe,Pubblicazione obbligatoria,Provvedimenti,si,Art. 23 D.Lgs. 33/2013,Comune Ideale,c_ideal,2024,https://albopretorio.comuneideale.it/delibera/363
364,Consiglio n. 318 - Nomina commissione giudicatrice progettazione opera pubblica,Pubblicazione obbligatoria,Provvedimenti,si,Art. 23 D.Lgs. 33/2013,Comune Ideale,c_ideal,2024,https://albopretorio.comuneideale.it/delibera/364
365,Determinazione dirigenziale n. 333 - Modifica regolamento sicurezza urbana,Pubblicazione obbligatoria,Provvedimenti,si,Art. 23 D.Lgs. 33/2013,Comune Ideale,c_ideal,2024,https://albopretorio.comuneideale.it/delibera/365
366,Determinazione dirigenziale n. 332 - Variazione di bilancio relativa a servizio pulizie,Pubblicazione obbligatoria,Provvedimenti,si,Art. 23 D.Lgs. 33/2013,Comune Ideale,c_ideal,2024,https://albopretorio.comuneideale.it/delibera/366
367,Determinazione dirigenziale n. 33 - Variazione di bilancio relativa a asili nido comunali,Pubblicazione obbligatoria,Provvedimenti,si,Art. 23 D.Lgs. 33/2013,Comune Ideale,c_ideal,2024,https://albopretorio.comuneideale.it/delibera/367
368,Giunta n. 79 - Costituzione gruppo di lavoro per ufficio anagrafe,Pubblicazione obbligatoria,Provvedimenti,si,Art. 23 D.Lgs. 33/2013,Comune Ideale,c_ideal,2024,https://albopretorio.comuneideale.it/delibera/368
369,Determinazione dirigenziale n. 341 - Costituzione gruppo di lavoro per trasporto scolastico,Pubblicazione obbligatoria,Provvedimenti,si,Art. 23 D.Lgs. 33/2013,Comune Ideale,c_ideal,2024,https://albopretorio.comuneideale.it/delibera/369
370,Determinazione dirigenziale n. 220 - Aggiudicazione servizio di consulenze legali,Pubblicazione obbligatoria,Provvedimenti,si,Art. 23 D.Lgs. 33/2013,Comune Ideale,c_ideal,2024,https://albopretorio.comuneideale.it/delibera/370
371,Determinazione dirigenziale n. 43 - Modifica regolamento biblioteca civica,Pubblicazione obbligatoria,Provvedimenti,si,Art. 23 D.Lgs. 33/2013,Comune Ideale,c_ideal,2024,https://albopretorio.comuneideale.it/delibera/371
372,Determinazione dirigenziale n. 57 - Approvazione ufficio anagrafe,Pubblicazione obbligatoria,Provvedimenti,si,Art. 23 D.Lgs. 33/2013,Comune Ideale,c_ideal,2024,https://albopretorio.comuneideale.it/delibera/372
373,Determinazione dirigenziale n. 153 - Variazione di bilancio relativa a biblioteca civica,Pubblicazione obbligatoria,Provvedimenti,si,Art. 23 D.Lgs. 33/2013,Comune Ideale,c_ideal,2024,https://albopretorio.comuneideale.it/delibera/373
374,Giunta n. 135 - Approvazione ufficio anagrafe,Pubblicazione obbligatoria,Provvedimenti,si,Art. 23 D.Lgs. 33/2013,Comune Ideale,c_ideal,2024,https://albopretorio.comuneideale.it/delibera/374
375,Giunta n. 111 - Modifica regolamento illuminazione pubblica,Pubblicazione obbligatoria,Provvedimenti,si,Art. 23 D.Lgs. 33/2013,Comune Ideale,c_ideal,2024,https://albopretorio.comuneideale.it/delibera/375
376,Determinazione dirigenziale n. 33 - Nomina commissione giudicatrice impianti sportivi comunali,Pubblicazione obbligatoria,Provvedimenti,si,Art. 23 D.Lgs. 33/2013,Comune Ideale,c_ideal,2024,https://albopretorio.comuneideale.it/delibera/376
377,Giunta n. 265 - Aggiudicazione servizio di manutenzione cimiteri,Pubblicazione obbligatoria,Provvedimenti,si,Art. 23 D.Lgs. 33/2013,Comune Ideale,c_ideal,2024,https://albopretorio.comuneideale.it/delibera/377
378,Determinazione dirigenziale n. 83 - Modifica regolamento eventi natalizi,Pubblicazione obbligatoria,Provvedimenti,si,Art. 23 D.Lgs. 33/2013,Comune Ideale,c_ideal,2024,https://albopretorio.comuneideale.it/delibera/378
379,Determinazione dirigenziale n. 23 - Approvazione impianti sportivi comunali,Pubblicazione obbligatoria,Provvedimenti,si,Art. 23 D.Lgs. 33/2013,Comune Ideale,c_ideal,2024,https://albopretorio.comuneideale.it/delibera/379
380,Giunta n. 199 - Convenzione con ufficio anagrafe,Pubblicazione obbligatoria,Provvedimenti,si,Art. 23 D.Lgs. 33/2013,Comune Ideale,c_ideal,2024,https://albopretorio.comuneideale.it/delibera/380
381,Giunta n. 104 - Liquidazione fattura n.3951 per verde pubblico,Pubblicazione obbligatoria,Provvedimenti,si,Art. 23 D.Lgs. 33/2013,Comune Ideale,c_ideal,2024,https://albopretorio.comuneideale.it/delibera/381
382,Determinazione dirigenziale n. 287 - Concessione contributo a impianti sportivi comunali,Pubblicazione obbligatoria,Provvedimenti,si,Art. 23 D.Lgs. 33/2013,Comune Ideale,c_ideal,2024,https://albopretorio.comuneideale.it/delibera/382
383,Consiglio n. 323 - Approvazione consulenze legali,Pubblicazione obbligatoria,Provvedimenti,si,Art. 23 D.Lgs. 33/2013,Comune Ideale,c_ideal,2024,https://albopretorio.comuneideale.it/delibera/383
384,Determinazione dirigenziale n. 182 - Convenzione con protezione civile,Pubblicazione obbligatoria,Provvedimenti,si,Art. 23 D.Lgs. 33/2013,Comune Ideale,c_ideal,2024,https://albopretorio.comuneideale.it/delibera/384
385,Determinazione dirigenziale n. 30 - Approvazione Piano triennale consulenze legali,Pubblicazione obbligatoria,Provvedimenti,si,Art. 23 D.Lgs. 33/2013,Comune Ideale,c_ideal,2024,https://albopretorio.comuneideale.it/delibera/385
386,Determinazione dirigenziale n. 219 - Variazione di bilancio relativa a servizio mensa scolastica,Pubblicazione obbligatoria,Provvedimenti,si,Art. 23 D.Lgs. 33/2013,Comune Ideale,c_ideal,2024,https://albopretorio.comuneideale.it/delibera/386
387,Determinazione dirigenziale n. 100 - Approvazione Piano triennale eventi natalizi,Pubblicazione obbligatoria,Provvedimenti,si,Art. 23 D.Lgs. 33/2013,Comune Ideale,c_ideal,2024,https://albopretorio.comuneideale.it/delibera/387
388,Determinazione dirigenziale n. 228 - Approvazione Piano triennale progettazione opera pubblica,Pubblicazione obbligatoria,Provvedimenti,si,Art. 23 D.Lgs. 33/2013,Comune Ideale,c_ideal,2024,https://albopretorio.comuneideale.it/delibera/388
389,Determinazione dirigenziale n. 205 - Affidamento incarico per noleggio fotocopiatrici,Pubblicazione obbligatoria,Provvedimenti,si,Art. 23 D.Lgs. 33/2013,Comune Ideale,c_ideal,2024,https://albopretorio.comuneideale.it/delibera/389
390,Giunta n. 75 - Concessione contributo a servizio pulizie,Pubblicazione obbligatoria,Provvedimenti,si,Art. 23 D.Lgs. 33/2013,Comune Ideale,c_ideal,2024,https://albopretorio.comuneideale.it/delibera/390
391,Determinazione dirigenziale n. 40 - Convenzione con noleggio fotocopiatrici,Pubblicazione obbligatoria,Provvedimenti,si,Art. 23 D.Lgs. 33/2013,Comune Ideale,c_ideal,2024,https://albopretorio.comuneideale.it/delibera/391
392,Giunta n. 236 - Approvazione Piano triennale manutenzione strade,Pubblicazione obbligatoria,Provvedimenti,si,Art. 23 D.Lgs. 33/2013,Comune Ideale,c_ideal,2024,https://albopretorio.comuneideale.it/delibera/392
393,Giunta n. 91 - Concessione contributo a manutenzione strade,Pubblicazione obbligatoria,Provvedimenti,si,Art. 23 D.Lgs. 33/2013,Comune Ideale,c_ideal,2024,https://albopretorio.comuneideale.it/delibera/393
394,Determinazione dirigenziale n. 57 - Liquidazione fattura n.2508 per noleggio fotocopiatrici,Pubblicazione obbligatoria,Provvedimenti,si,Art. 23 D.Lgs. 33/2013,Comune Ideale,c_ideal,2024,https://albopretorio.comuneideale.it/delibera/394
395,Determinazione dirigenziale n. 267 - Variazione di bilancio relativa a illuminazione pubblica,Pubblicazione obbligatoria,Provvedimenti,si,Art. 23 D.Lgs. 33/2013,Comune Ideale,c_ideal,2024,https://albopretorio.comuneideale.it/delibera/395
396,Giunta n. 104 - Variazione di bilancio relativa a asili nido comunali,Pubblicazione obbligatoria,Provvedimenti,si,Art. 23 D.Lgs. 33/2013,Comune Ideale,c_ideal,2024,https://albopretorio.comuneideale.it/delibera/396
397,Determinazione dirigenziale n. 316 - Aggiudicazione servizio di progettazione opera pubblica,Pubblicazione obbligatoria,Provvedimenti,si,Art. 23 D.Lgs. 33/2013,Comune Ideale,c_ideal,2024,https://albopretorio.comuneideale.it/delibera/397
398,Determinazione dirigenziale n. 213 - Aggiudicazione servizio di protezione civile,Pubblicazione obbligatoria,Provvedimenti,si,Art. 23 D.Lgs. 33/2013,Comune Ideale,c_ideal,2024,https://albopretorio.comuneideale.it/delibera/398
399,Determinazione dirigenziale n. 205 - Convenzione con manutenzione cimiteri,Pubblicazione obbligatoria,Provvedimenti,si,Art. 23 D.Lgs. 33/2013,Comune Ideale,c_ideal,2024,https://albopretorio.comuneideale.it/delibera/399
400,Giunta n. 329 - Variazione di bilancio relativa a noleggio fotocopiatrici,Pubblicazione obbligatoria,Provvedimenti,si,Art. 23 D.Lgs. 33/2013,Comune Ideale,c_ideal,2024,https://albopretorio.comuneideale.it/delibera/400
401,Giunta n. 330 - Modifica regolamento eventi natalizi,Pubblicazione obbligatoria,Provvedimenti,si,Art. 23 D.Lgs. 33/2013,Comune Ideale,c_ideal,2024,https://albopretorio.comuneideale.it/delibera/401
402,Consiglio n. 125 - Approvazione servizio pulizie,Pubblicazione obbligatoria,Provvedimenti,si,Art. 23 D.Lgs. 33/2013,Comune Ideale,c_ideal,2024,https://albopretorio.comuneideale.it/delibera/402
403,Determinazione dirigenziale n. 222 - Approvazione Piano triennale consulenze legali,Pubblicazione obbligatoria,Provvedimenti,si,Art. 23 D.Lgs. 33/2013,Comune Ideale,c_ideal,2024,https://albopretorio.comuneideale.it/delibera/403
404,Determinazione dirigenziale n. 154 - Approvazione fornitura cancelleria,Pubblicazione obbligatoria,Provvedimenti,si,Art. 23 D.Lgs. 33/2013,Comune Ideale,c_ideal,2024,https://albopretorio.comuneideale.it/delibera/404
405,Determinazione dirigenziale n. 230 - Liquidazione fattura n.1295 per impianti sportivi comunali,Pubblicazione obbligatoria,Provvedimenti,si,Art. 23 D.Lgs. 33/2013,Comune Ideale,c_ideal,2024,https://albopretorio.comuneideale.it/delibera/405
406,Determinazione dirigenziale n. 323 - Aggiudicazione servizio di illuminazione pubblica,Pubblicazione obbligatoria,Provvedimenti,si,Art. 23 D.Lgs. 33/2013,Comune Ideale,c_ideal,2024,https://albopretorio.comuneideale.it/delibera/406
407,Consiglio n. 276 - Nomina commissione giudicatrice illuminazione pubblica,Pubblicazione obbligatoria,Provvedimenti,si,Art. 23 D.Lgs. 33/2013,Comune Ideale,c_ideal,2024,https://albopretorio.comuneideale.it/delibera/407
408,Giunta n. 324 - Affidamento incarico per consulenze legali,Pubblicazione obbligatoria,Provvedimenti,si,Art. 23 D.Lgs. 33/2013,Comune Ideale,c_ideal,2024,https://albopretorio.comuneideale.it/delibera/408
409,Giunta n. 158 - Variazione di bilancio relativa a asili nido comunali,Pubblicazione obbligatoria,Provvedimenti,si,Art. 23 D.Lgs. 33/2013,Comune Ideale,c_ideal,2024,https://albopretorio.comuneideale.it/delibera/409
410,Giunta n. 329 - Nomina commissione giudicatrice biblioteca civica,Pubblicazione obbligatoria,Provvedimenti,si,Art. 23 D.Lgs. 33/2013,Comune Ideale,c_ideal,2024,https://albopretorio.comuneideale.it/delibera/410
411,Determinazione dirigenziale n. 129 - Indizione gara per servizio pulizie,Pubblicazione obbligatoria,Provvedimenti,si,Art. 23 D.Lgs. 33/2013,Comune Ideale,c_ideal,2024,https://albopretorio.comuneideale.it/delibera/411
412,Determinazione dirigenziale n. 63 - Concessione contributo a sicurezza urbana,Pubblicazione obbligatoria,Provvedimenti,si,Art. 23 D.Lgs. 33/2013,Comune Ideale,c_ideal,2024,https://albopretorio.comuneideale.it/delibera/412
413,Determinazione dirigenziale n. 21 - Concessione contributo a asili nido comunali,Pubblicazione obbligatoria,Provvedimenti,si,Art. 23 D.Lgs. 33/2013,Comune Ideale,c_ideal,2024,https://albopretorio.comuneideale.it/delibera/413
414,Consiglio n. 108 - Aggiudicazione servizio di noleggio fotocopiatrici,Pubblicazione obbligatoria,Provvedimenti,si,Art. 23 D.Lgs. 33/2013,Comune Ideale,c_ideal,2024,https://albopretorio.comuneideale.it/delibera/414
415,Determinazione dirigenziale n. 36 - Affidamento incarico per verde pubblico,Pubblicazione obbligatoria,Provvedimenti,si,Art. 23 D.Lgs. 33/2013,Comune Ideale,c_ideal,2024,https://albopretorio.comuneideale.it/delibera/415
416,Giunta n. 81 - Liquidazione fattura n.2945 per illuminazione pubblica,Pubblicazione obbligatoria,Provvedimenti,si,Art. 23 D.Lgs. 33/2013,Comune Ideale,c_ideal,2024,https://albopretorio.comuneideale.it/delibera/416
417,Determinazione dirigenziale n. 186 - Concessione contributo a biblioteca civica,Pubblicazione obbligatoria,Provvedimenti,si,Art. 23 D.Lgs. 33/2013,Comune Ideale,c_ideal,2024,https://albopretorio.comuneideale.it/delibera/417
418,Determinazione dirigenziale n. 124 - Modifica regolamento sicurezza urbana,Pubblicazione obbligatoria,Provvedimenti,si,Art. 23 D.Lgs. 33/2013,Comune Ideale,c_ideal,2024,https://albopretorio.comuneideale.it/delibera/418
419,Determinazione dirigenziale n. 49 - Affidamento incarico per ufficio anagrafe,Pubblicazione obbligatoria,Provvedimenti,si,Art. 23 D.Lgs. 33/2013,Comune Ideale,c_ideal,2024,https://albopretorio.comuneideale.it/delibera/419
420,Consiglio n. 130 - Nomina commissione giudicatrice eventi natalizi,Pubblicazione obbligatoria,Provvedimenti,si,Art. 23 D.Lgs. 33/2013,Comune Ideale,c_ideal,2024,https://albopretorio.comuneideale.it/delibera/420
421,Consiglio n. 330 - Variazione di bilancio relativa a biblioteca civica,Pubblicazione obbligatoria,Provvedimenti,si,Art. 23 D.Lgs. 33/2013,Comune Ideale,c_ideal,2024,https://albopretorio.comuneideale.it/delibera/421
422,Giunta n. 120 - Approvazione Piano triennale servizio pulizie,Pubblicazione obbligatoria,Provvedimenti,si,Art. 23 D.Lgs. 33/2013,Comune Ideale,c_ideal,2024,https://albopretorio.comuneideale.it/delibera/422
423,Giunta n. 94 - Approvazione servizio mensa scolastica,Pubblicazione obbligatoria,Provvedimenti,si,Art. 23 D.Lgs. 33/2013,Comune Ideale,c_ideal,2024,https://albopretorio.comuneideale.it/delibera/423
424,Determinazione dirigenziale n. 112 - Aggiudicazione servizio di servizio mensa scolastica,Pubblicazione obbligatoria,Provvedimenti,si,Art. 23 D.Lgs. 33/2013,Comune Ideale,c_ideal,2024,https://albopretorio.comuneideale.it/delibera/424
425,Consiglio n. 343 - Aggiudicazione servizio di noleggio fotocopiatrici,Pubblicazione obbligatoria,Provvedimenti,si,Art. 23 D.Lgs. 33/2013,Comune Ideale,c_ideal,2024,https://albopretorio.comuneideale.it/delibera/425
426,Determinazione dirigenziale n. 98 - Concessione contributo a biblioteca civica,Pubblicazione obbligatoria,Provvedimenti,si,Art. 23 D.Lgs. 33/2013,Comune Ideale,c_ideal,2024,https://albopretorio.comuneideale.it/delibera/426
427,Determinazione dirigenziale n. 247 - Convenzione con illuminazione pubblica,Pubblicazione obbligatoria,Provvedimenti,si,Art. 23 D.Lgs. 33/2013,Comune Ideale,c_ideal,2024,https://albopretorio.comuneideale.it/delibera/427
428,Determinazione dirigenziale n. 206 - Affidamento incarico per servizio mensa scolastica,Pubblicazione obbligatoria,Provvedimenti,si,Art. 23 D.Lgs. 33/2013,Comune Ideale,c_ideal,2024,https://albopretorio.comuneideale.it/delibera/428
429,Determinazione dirigenziale n. 131 - Modifica regolamento illuminazione pubblica,Pubblicazione obbligatoria,Provvedimenti,si,Art. 23 D.Lgs. 33/2013,Comune Ideale,c_ideal,2024,https://albopretorio.comuneideale.it/delibera/429
430,Consiglio n. 307 - Affidamento incarico per asili nido comunali,Pubblicazione obbligatoria,Provvedimenti,si,Art. 23 D.Lgs. 33/2013,Comune Ideale,c_ideal,2024,https://albopretorio.comuneideale.it/delibera/430
431,Consiglio n. 116 - Convenzione con sicurezza urbana,Pubblicazione obbligatoria,Provvedimenti,si,Art. 23 D.Lgs. 33/2013,Comune Ideale,c_ideal,2024,https://albopretorio.comuneideale.it/delibera/431
432,Giunta n. 282 - Aggiudicazione servizio di trasporto scolastico,Pubblicazione obbligatoria,Provvedimenti,si,Art. 23 D.Lgs. 33/2013,Comune Ideale,c_ideal,2024,https://albopretorio.comuneideale.it/delibera/432
433,Determinazione dirigenziale n. 294 - Approvazione Piano triennale consulenze legali,Pubblicazione obbligatoria,Provvedimenti,si,Art. 23 D.Lgs. 33/2013,Comune Ideale,c_ideal,2024,https://albopretorio.comuneideale.it/delibera/433
434,Determinazione dirigenziale n. 39 - Modifica regolamento consulenze legali,Pubblicazione obbligatoria,Provvedimenti,si,Art. 23 D.Lgs. 33/2013,Comune Ideale,c_ideal,2024,https://albopretorio.comuneideale.it/delibera/434
435,Giunta n. 87 - Concessione contributo a impianti sportivi comunali,Pubblicazione obbligatoria,Provvedimenti,si,Art. 23 D.Lgs. 33/2013,Comune Ideale,c_ideal,2024,https://albopretorio.comuneideale.it/delibera/435
436,Giunta n. 175 - Costituzione gruppo di lavoro per manutenzione strade,Pubblicazione obbligatoria,Provvedimenti,si,Art. 23 D.Lgs. 33/2013,Comune Ideale,c_ideal,2024,https://albopretorio.comuneideale.it/delibera/436
437,Determinazione dirigenziale n. 311 - Nomina commissione giudicatrice impianti sportivi comunali,Pubblicazione obbligatoria,Provvedimenti,si,Art. 23 D.Lgs. 33/2013,Comune Ideale,c_ideal,2024,https://albopretorio.comuneideale.it/delibera/437
438,Giunta n. 183 - Indizione gara per manutenzione cimiteri,Pubblicazione obbligatoria,Provvedimenti,si,Art. 23 D.Lgs. 33/2013,Comune Ideale,c_ideal,2024,https://albopretorio.comuneideale.it/delibera/438
439,Giunta n. 203 - Approvazione Piano triennale eventi natalizi,Pubblicazione obbligatoria,Provvedimenti,si,Art. 23 D.Lgs. 33/2013,Comune Ideale,c_ideal,2024,https://albopretorio.comuneideale.it/delibera/439
440,Giunta n. 191 - Variazione di bilancio relativa a biblioteca civica,Pubblicazione obbligatoria,Provvedimenti,si,Art. 23 D.Lgs. 33/2013,Comune Ideale,c_ideal,2024,https://albopretorio.comuneideale.it/delibera/440
441,Giunta n. 244 - Indizione gara per trasporto scolastico,Pubblicazione obbligatoria,Provvedimenti,si,Art. 23 D.Lgs. 33/2013,Comune Ideale,c_ideal,2024,https://albopretorio.comuneideale.it/delibera/441
442,Determinazione dirigenziale n. 200 - Approvazione Piano triennale eventi natalizi,Pubblicazione obbligatoria,Provvedimenti,si,Art. 23 D.Lgs. 33/2013,Comune Ideale,c_ideal,2024,https://albopretorio.comuneideale.it/delibera/442
443,Determinazione dirigenziale n. 305 - Indizione gara per consulenze legali,Pubblicazione obbligatoria,Provvedimenti,si,Art. 23 D.Lgs. 33/2013,Comune Ideale,c_ideal,2024,https://albopretorio.comuneideale.it/delibera/443
444,Determinazione dirigenziale n. 223 - Liquidazione fattura n.9692 per manutenzione strade,Pubblicazione obbligatoria,Provvedimenti,si,Art. 23 D.Lgs. 33/2013,Comune Ideale,c_ideal,2025,https://albopretorio.comuneideale.it/delibera/444
445,Consiglio n. 286 - Modifica regolamento illuminazione pubblica,Pubblicazione obbligatoria,Provvedimenti,si,Art. 23 D.Lgs. 33/2013,Comune Ideale,c_ideal,2025,https://albopretorio.comuneideale.it/delibera/445
446,Determinazione dirigenziale n. 8 - Indizione gara per consulenze legali,Pubblicazione obbligatoria,Provvedimenti,si,Art. 23 D.Lgs. 33/2013,Comune Ideale,c_ideal,2025,https://albopretorio.comuneideale.it/delibera/446
447,Determinazione dirigenziale n. 340 - Aggiudicazione servizio di manutenzione cimiteri,Pubblicazione obbligatoria,Provvedimenti,si,Art. 23 D.Lgs. 33/2013,Comune Ideale,c_ideal,2025,https://albopretorio.comuneideale.it/delibera/447
448,Determinazione dirigenziale n. 243 - Modifica regolamento trasporto scolastico,Pubblicazione obbligatoria,Provvedimenti,si,Art. 23 D.Lgs. 33/2013,Comune Ideale,c_ideal,2025,https://albopretorio.comuneideale.it/delibera/448
449,Determinazione dirigenziale n. 153 - Concessione contributo a fornitura cancelleria,Pubblicazione obbligatoria,Provvedimenti,si,Art. 23 D.Lgs. 33/2013,Comune Ideale,c_ideal,2025,https://albopretorio.comuneideale.it/delibera/449
450,Consiglio n. 319 - Modifica regolamento trasporto scolastico,Pubblicazione obbligatoria,Provvedimenti,si,Art. 23 D.Lgs. 33/2013,Comune Ideale,c_ideal,2025,https://albopretorio.comuneideale.it/delibera/450
451,Determinazione dirigenziale n. 189 - Approvazione manutenzione strade,Pubblicazione obbligatoria,Provvedimenti,si,Art. 23 D.Lgs. 33/2013,Comune Ideale,c_ideal,2025,https://albopretorio.comuneideale.it/delibera/451
452,Determinazione dirigenziale n. 319 - Approvazione Piano triennale biblioteca civica,Pubblicazione obbligatoria,Provvedimenti,si,Art. 23 D.Lgs. 33/2013,Comune Ideale,c_ideal,2025,https://albopretorio.comuneideale.it/delibera/452
453,Consiglio n. 230 - Variazione di bilancio relativa a manutenzione cimiteri,Pubblicazione obbligatoria,Provvedimenti,si,Art. 23 D.Lgs. 33/2013,Comune Ideale,c_ideal,2025,https://albopretorio.comuneideale.it/delibera/453
454,Consiglio n. 224 - Nomina commissione giudicatrice illuminazione pubblica,Pubblicazione obbligatoria,Provvedimenti,si,Art. 23 D.Lgs. 33/2013,Comune Ideale,c_ideal,2025,https://albopretorio.comuneideale.it/delibera/454
455,Determinazione dirigenziale n. 37 - Costituzione gruppo di lavoro per impianti sportivi comunali,Pubblicazione obbligatoria,Provvedimenti,si,Art. 23 D.Lgs. 33/2013,Comune Ideale,c_ideal,2025,https://albopretorio.comuneideale.it/delibera/455
456,Determinazione dirigenziale n. 15 - Approvazione trasporto scolastico,Pubblicazione obbligatoria,Provvedimenti,si,Art. 23 D.Lgs. 33/2013,Comune Ideale,c_ideal,2025,https://albopretorio.comuneideale.it/delibera/456
457,Determinazione dirigenziale n. 292 - Aggiudicazione servizio di eventi natalizi,Pubblicazione obbligatoria,Provvedimenti,si,Art. 23 D.Lgs. 33/2013,Comune Ideale,c_ideal,2025,https://albopretorio.comuneideale.it/delibera/457
458,Giunta n. 346 - Nomina commissione giudicatrice ufficio anagrafe,Pubblicazione obbligatoria,Provvedimenti,si,Art. 23 D.Lgs. 33/2013,Comune Ideale,c_ideal,2025,https://albopretorio.comuneideale.it/delibera/458
459,Determinazione dirigenziale n. 70 - Liquidazione fattura n.2163 per ufficio anagrafe,Pubblicazione obbligatoria,Provvedimenti,si,Art. 23 D.Lgs. 33/2013,Comune Ideale,c_ideal,2025,https://albopretorio.comuneideale.it/delibera/459
460,Giunta n. 257 - Variazione di bilancio relativa a eventi natalizi,Pubblicazione obbligatoria,Provvedimenti,si,Art. 23 D.Lgs. 33/2013,Comune Ideale,c_ideal,2025,https://albopretorio.comuneideale.it/delibera/460
461,Determinazione dirigenziale n. 207 - Concessione contributo a illuminazione pubblica,Pubblicazione obbligatoria,Provvedimenti,si,Art. 23 D.Lgs. 33/2013,Comune Ideale,c_ideal,2025,https://albopretorio.comuneideale.it/delibera/461
462,Determinazione dirigenziale n. 214 - Liquidazione fattura n.4207 per manutenzione cimiteri,Pubblicazione obbligatoria,Provvedimenti,si,Art. 23 D.Lgs. 33/2013,Comune Ideale,c_ideal,2025,https://albopretorio.comuneideale.it/delibera/462
463,Determinazione dirigenziale n. 204 - Convenzione con biblioteca civica,Pubblicazione obbligatoria,Provvedimenti,si,Art. 23 D.Lgs. 33/2013,Comune Ideale,c_ideal,2025,https://albopretorio.comuneideale.it/delibera/463
464,Determinazione dirigenziale n. 150 - Aggiudicazione servizio di impianti sportivi comunali,Pubblicazione obbligatoria,Provvedimenti,si,Art. 23 D.Lgs. 33/2013,Comune Ideale,c_ideal,2025,https://albopretorio.comuneideale.it/delibera/464
465,Determinazione dirigenziale n. 45 - Costituzione gruppo di lavoro per fornitura cancelleria,Pubblicazione obbligatoria,Provvedimenti,si,Art. 23 D.Lgs. 33/2013,Comune Ideale,c_ideal,2025,https://albopretorio.comuneideale.it/delibera/465
466,Giunta n. 267 - Liquidazione fattura n.5419 per noleggio fotocopiatrici,Pubblicazione obbligatoria,Provvedimenti,si,Art. 23 D.Lgs. 33/2013,Comune Ideale,c_ideal,2025,https://albopretorio.comuneideale.it/delibera/466
467,Consiglio n. 261 - Approvazione verde pubblico,Pubblicazione obbligatoria,Provvedimenti,si,Art. 23 D.Lgs. 33/2013,Comune Ideale,c_ideal,2025,https://albopretorio.comuneideale.it/delibera/467
468,Determinazione dirigenziale n. 104 - Affidamento incarico per fornitura cancelleria,Pubblicazione obbligatoria,Provvedimenti,si,Art. 23 D.Lgs. 33/2013,Comune Ideale,c_ideal,2025,https://albopretorio.comuneideale.it/delibera/468
469,Consiglio n. 220 - Convenzione con biblioteca civica,Pubblicazione obbligatoria,Provvedimenti,si,Art. 23 D.Lgs. 33/2013,Comune Ideale,c_ideal,2025,https://albopretorio.comuneideale.it/delibera/469
470,Determinazione dirigenziale n. 343 - Convenzione con servizio pulizie,Pubblicazione obbligatoria,Provvedimenti,si,Art. 23 D.Lgs. 33/2013,Comune Ideale,c_ideal,2025,https://albopretorio.comuneideale.it/delibera/470
471,Determinazione dirigenziale n. 247 - Approvazione consulenze legali,Pubblicazione obbligatoria,Provvedimenti,si,Art. 23 D.Lgs. 33/2013,Comune Ideale,c_ideal,2025,https://albopretorio.comuneideale.it/delibera/471
472,Determinazione dirigenziale n. 19 - Indizione gara per eventi natalizi,Pubblicazione obbligatoria,Provvedimenti,si,Art. 23 D.Lgs. 33/2013,Comune Ideale,c_ideal,2025,https://albopretorio.comuneideale.it/delibera/472
473,Determinazione dirigenziale n. 68 - Convenzione con fornitura cancelleria,Pubblicazione obbligatoria,Provvedimenti,si,Art. 23 D.Lgs. 33/2013,Comune Ideale,c_ideal,2025,https://albopretorio.comuneideale.it/delibera/473
474,Determinazione dirigenziale n. 104 - Modifica regolamento progettazione opera pubblica,Pubblicazione obbligatoria,Provvedimenti,si,Art. 23 D.Lgs. 33/2013,Comune Ideale,c_ideal,2025,https://albopretorio.comuneideale.it/delibera/474
475,Determinazione dirigenziale n. 37 - Nomina commissione giudicatrice ufficio anagrafe,Pubblicazione obbligatoria,Provvedimenti,si,Art. 23 D.Lgs. 33/2013,Comune Ideale,c_ideal,2025,https://albopretorio.comuneideale.it/delibera/475
476,Consiglio n. 344 - Modifica regolamento biblioteca civica,Pubblicazione obbligatoria,Provvedimenti,si,Art. 23 D.Lgs. 33/2013,Comune Ideale,c_ideal,2025,https://albopretorio.comuneideale.it/delibera/476
477,Determinazione dirigenziale n. 74 - Variazione di bilancio relativa a noleggio fotocopiatrici,Pubblicazione obbligatoria,Provvedimenti,si,Art. 23 D.Lgs. 33/2013,Comune Ideale,c_ideal,2025,https://albopretorio.comuneideale.it/delibera/477
478,Determinazione dirigenziale n. 300 - Convenzione con asili nido comunali,Pubblicazione obbligatoria,Provvedimenti,si,Art. 23 D.Lgs. 33/2013,Comune Ideale,c_ideal,2025,https://albopretorio.comuneideale.it/delibera/478
479,Determinazione dirigenziale n. 20 - Costituzione gruppo di lavoro per protezione civile,Pubblicazione obbligatoria,Provvedimenti,si,Art. 23 D.Lgs. 33/2013,Comune Ideale,c_ideal,2025,https://albopretorio.comuneideale.it/delibera/479
480,Giunta n. 312 - Approvazione impianti sportivi comunali,Pubblicazione obbligatoria,Provvedimenti,si,Art. 23 D.Lgs. 33/2013,Comune Ideale,c_ideal,2025,https://albopretorio.comuneideale.it/delibera/480
481,Giunta n. 208 - Modifica regolamento servizio pulizie,Pubblicazione obbligatoria,Provvedimenti,si,Art. 23 D.Lgs. 33/2013,Comune Ideale,c_ideal,2025,https://albopretorio.comuneideale.it/delibera/481
482,Determinazione dirigenziale n. 172 - Convenzione con asili nido comunali,Pubblicazione obbligatoria,Provvedimenti,si,Art. 23 D.Lgs. 33/2013,Comune Ideale,c_ideal,2025,https://albopretorio.comuneideale.it/delibera/482
483,Determinazione dirigenziale n. 271 - Approvazione biblioteca civica,Pubblicazione obbligatoria,Provvedimenti,si,Art. 23 D.Lgs. 33/2013,Comune Ideale,c_ideal,2025,https://albopretorio.comuneideale.it/delibera/483
484,Determinazione dirigenziale n. 118 - Modifica regolamento consulenze legali,Pubblicazione obbligatoria,Provvedimenti,si,Art. 23 D.Lgs. 33/2013,Comune Ideale,c_ideal,2025,https://albopretorio.comuneideale.it/delibera/484
485,Determinazione dirigenziale n. 330 - Variazione di bilancio relativa a manutenzione strade,Pubblicazione obbligatoria,Provvedimenti,si,Art. 23 D.Lgs. 33/2013,Comune Ideale,c_ideal,2025,https://albopretorio.comuneideale.it/delibera/485
486,Giunta n. 341 - Indizione gara per consulenze legali,Pubblicazione obbligatoria,Provvedimenti,si,Art. 23 D.Lgs. 33/2013,Comune Ideale,c_ideal,2025,https://albopretorio.comuneideale.it/delibera/486
487,Determinazione dirigenziale n. 299 - Nomina commissione giudicatrice verde pubblico,Pubblicazione obbligatoria,Provvedimenti,si,Art. 23 D.Lgs. 33/2013,Comune Ideale,c_ideal,2025,https://albopretorio.comuneideale.it/delibera/487
488,Determinazione dirigenziale n. 175 - Concessione contributo a protezione civile,Pubblicazione obbligatoria,Provvedimenti,si,Art. 23 D.Lgs. 33/2013,Comune Ideale,c_ideal,2025,https://albopretorio.comuneideale.it/delibera/488
489,Determinazione dirigenziale n. 54 - Concessione contributo a ufficio anagrafe,Pubblicazione obbligatoria,Provvedimenti,si,Art. 23 D.Lgs. 33/2013,Comune Ideale,c_ideal,2025,https://albopretorio.comuneideale.it/delibera/489
490,Determinazione dirigenziale n. 24 - Indizione gara per illuminazione pubblica,Pubblicazione obbligatoria,Provvedimenti,si,Art. 23 D.Lgs. 33/2013,Comune Ideale,c_ideal,2025,https://albopretorio.comuneideale.it/delibera/490
491,Giunta n. 53 - Nomina commissione giudicatrice consulenze legali,Pubblicazione obbligatoria,Provvedimenti,si,Art. 23 D.Lgs. 33/2013,Comune Ideale,c_ideal,2025,https://albopretorio.comuneideale.it/delibera/491
492,Determinazione dirigenziale n. 62 - Aggiudicazione servizio di manutenzione cimiteri,Pubblicazione obbligatoria,Provvedimenti,si,Art. 23 D.Lgs. 33/2013,Comune Ideale,c_ideal,2025,https://albopretorio.comuneideale.it/delibera/492
493,Consiglio n. 297 - Liquidazione fattura n.7227 per biblioteca civica,Pubblicazione obbligatoria,Provvedimenti,si,Art. 23 D.Lgs. 33/2013,Comune Ideale,c_ideal,2025,https://albopretorio.comuneideale.it/delibera/493
494,Giunta n. 329 - Convenzione con ufficio anagrafe,Pubblicazione obbligatoria,Provvedimenti,si,Art. 23 D.Lgs. 33/2013,Comune Ideale,c_ideal,2025,https://albopretorio.comuneideale.it/delibera/494
495,Giunta n. 36 - Modifica regolamento ufficio anagrafe,Pubblicazione obbligatoria,Provvedimenti,si,Art. 23 D.Lgs. 33/2013,Comune Ideale,c_ideal,2025,https://albopretorio.comuneideale.it/delibera/495
496,Giunta n. 338 - Variazione di bilancio relativa a manutenzione cimiteri,Pubblicazione obbligatoria,Provvedimenti,si,Art. 23 D.Lgs. 33/2013,Comune Ideale,c_ideal,2025,https://albopretorio.comuneideale.it/delibera/496
497,Giunta n. 60 - Approvazione Piano triennale biblioteca civica,Pubblicazione obbligatoria,Provvedimenti,si,Art. 23 D.Lgs. 33/2013,Comune Ideale,c_ideal,2025,https://albopretorio.comuneideale.it/delibera/497
498,Determinazione dirigenziale n. 153 - Liquidazione fattura n.8846 per sicurezza urbana,Pubblicazione obbligatoria,Provvedimenti,si,Art. 23 D.Lgs. 33/2013,Comune Ideale,c_ideal,2025,https://albopretorio.comuneideale.it/delibera/498
499,Consiglio n. 281 - Costituzione gruppo di lavoro per consulenze legali,Pubblicazione obbligatoria,Provvedimenti,si,Art. 23 D.Lgs. 33/2013,Comune Ideale,c_ideal,2025,https://albopretorio.comuneideale.it/delibera/499
500,Determinazione dirigenziale n. 212 - Concessione contributo a impianti sportivi comunali,Pubblicazione obbligatoria,Provvedimenti,si,Art. 23 D.Lgs. 33/2013,Comune Ideale,c_ideal,2025,https://albopretorio.comuneideale.it/delibera/500
501,Giunta n. 86 - Indizione gara per verde pubblico,Pubblicazione obbligatoria,Provvedimenti,si,Art. 23 D.Lgs. 33/2013,Comune Ideale,c_ideal,2025,https://albopretorio.comuneideale.it/delibera/501
502,Determinazione dirigenziale n. 26 - Approvazione illuminazione pubblica,Pubblicazione obbligatoria,Provvedimenti,si,Art. 23 D.Lgs. 33/2013,Comune Ideale,c_ideal,2025,https://albopretorio.comuneideale.it/delibera/502
503,Giunta n. 44 - Nomina commissione giudicatrice ufficio anagrafe,Pubblicazione obbligatoria,Provvedimenti,si,Art. 23 D.Lgs. 33/2013,Comune Ideale,c_ideal,2025,https://albopretorio.comuneideale.it/delibera/503
504,Determinazione dirigenziale n. 146 - Approvazione trasporto scolastico,Pubblicazione obbligatoria,Provvedimenti,si,Art. 23 D.Lgs. 33/2013,Comune Ideale,c_ideal,2025,https://albopretorio.comuneideale.it/delibera/504
505,Giunta n. 266 - Nomina commissione giudicatrice servizio pulizie,Pubblicazione obbligatoria,Provvedimenti,si,Art. 23 D.Lgs. 33/2013,Comune Ideale,c_ideal,2025,https://albopretorio.comuneideale.it/delibera/505
506,Giunta n. 199 - Costituzione gruppo di lavoro per manutenzione cimiteri,Pubblicazione obbligatoria,Provvedimenti,si,Art. 23 D.Lgs. 33/2013,Comune Ideale,c_ideal,2025,https://albopretorio.comuneideale.it/delibera/506
507,Giunta n. 326 - Variazione di bilancio relativa a progettazione opera pubblica,Pubblicazione obbligatoria,Provvedimenti,si,Art. 23 D.Lgs. 33/2013,Comune Ideale,c_ideal,2025,https://albopretorio.comuneideale.it/delibera/507
508,Giunta n. 146 - Indizione gara per consulenze legali,Pubblicazione obbligatoria,Provvedimenti,si,Art. 23 D.Lgs. 33/2013,Comune Ideale,c_ideal,2025,https://albopretorio.comuneideale.it/delibera/508
509,Determinazione dirigenziale n. 238 - Concessione contributo a servizio mensa scolastica,Pubblicazione obbligatoria,Provvedimenti,si,Art. 23 D.Lgs. 33/2013,Comune Ideale,c_ideal,2025,https://albopretorio.comuneideale.it/delibera/509
510,Determinazione dirigenziale n. 318 - Concessione contributo a noleggio fotocopiatrici,Pubblicazione obbligatoria,Provvedimenti,si,Art. 23 D.Lgs. 33/2013,Comune Ideale,c_ideal,2025,https://albopretorio.comuneideale.it/delibera/510
511,Giunta n. 182 - Nomina commissione giudicatrice fornitura cancelleria,Pubblicazione obbligatoria,Provvedimenti,si,Art. 23 D.Lgs. 33/2013,Comune Ideale,c_ideal,2025,https://albopretorio.comuneideale.it/delibera/511
512,Consiglio n. 173 - Affidamento incarico per verde pubblico,Pubblicazione obbligatoria,Provvedimenti,si,Art. 23 D.Lgs. 33/2013,Comune Ideale,c_ideal,2025,https://albopretorio.comuneideale.it/delibera/512
513,Consiglio n. 272 - Indizione gara per manutenzione cimiteri,Pubblicazione obbligatoria,Provvedimenti,si,Art. 23 D.Lgs. 33/2013,Comune Ideale,c_ideal,2025,https://albopretorio.comuneideale.it/delibera/513
514,Determinazione dirigenziale n. 211 - Costituzione gruppo di lavoro per progettazione opera pubblica,Pubblicazione obbligatoria,Provvedimenti,si,Art. 23 D.Lgs. 33/2013,Comune Ideale,c_ideal,2025,https://albopretorio.comuneideale.it/delibera/514
515,Giunta n. 236 - Concessione contributo a verde pubblico,Pubblicazione obbligatoria,Provvedimenti,si,Art. 23 D.Lgs. 33/2013,Comune Ideale,c_ideal,2025,https://albopretorio.comuneideale.it/delibera/515
516,Determinazione dirigenziale n. 57 - Variazione di bilancio relativa a manutenzione strade,Pubblicazione obbligatoria,Provvedimenti,si,Art. 23 D.Lgs. 33/2013,Comune Ideale,c_ideal,2025,https://albopretorio.comuneideale.it/delibera/516
517,Giunta n. 78 - Aggiudicazione servizio di progettazione opera pubblica,Pubblicazione obbligatoria,Provvedimenti,si,Art. 23 D.Lgs. 33/2013,Comune Ideale,c_ideal,2025,https://albopretorio.comuneideale.it/delibera/517
518,Giunta n. 300 - Costituzione gruppo di lavoro per progettazione opera pubblica,Pubblicazione obbligatoria,Provvedimenti,si,Art. 23 D.Lgs. 33/2013,Comune Ideale,c_ideal,2025,https://albopretorio.comuneideale.it/delibera/518
519,Giunta n. 254 - Approvazione Piano triennale servizio pulizie,Pubblicazione obbligatoria,Provvedimenti,si,Art. 23 D.Lgs. 33/2013,Comune Ideale,c_ideal,2025,https://albopretorio.comuneideale.it/delibera/519
520,Determinazione dirigenziale n. 110 - Modifica regolamento impianti sportivi comunali,Pubblicazione obbligatoria,Provvedimenti,si,Art. 23 D.Lgs. 33/2013,Comune Ideale,c_ideal,2025,https://albopretorio.comuneideale.it/delibera/520
521,Giunta n. 331 - Approvazione Piano triennale manutenzione strade,Pubblicazione obbligatoria,Provvedimenti,si,Art. 23 D.Lgs. 33/2013,Comune Ideale,c_ideal,2025,https://albopretorio.comuneideale.it/delibera/521
522,Giunta n. 122 - Approvazione Piano triennale verde pubblico,Pubblicazione obbligatoria,Provvedimenti,si,Art. 23 D.Lgs. 33/2013,Comune Ideale,c_ideal,2025,https://albopretorio.comuneideale.it/delibera/522
523,Determinazione dirigenziale n. 143 - Nomina commissione giudicatrice eventi natalizi,Pubblicazione obbligatoria,Provvedimenti,si,Art. 23 D.Lgs. 33/2013,Comune Ideale,c_ideal,2025,https://albopretorio.comuneideale.it/delibera/523
524,Giunta n. 99 - Indizione gara per protezione civile,Pubblicazione obbligatoria,Provvedimenti,si,Art. 23 D.Lgs. 33/2013,Comune Ideale,c_ideal,2025,https://albopretorio.comuneideale.it/delibera/524
525,Giunta n. 316 - Costituzione gruppo di lavoro per illuminazione pubblica,Pubblicazione obbligatoria,Provvedimenti,si,Art. 23 D.Lgs. 33/2013,Comune Ideale,c_ideal,2025,https://albopretorio.comuneideale.it/delibera/525
526,Determinazione dirigenziale n. 243 - Aggiudicazione servizio di manutenzione strade,Pubblicazione obbligatoria,Provvedimenti,si,Art. 23 D.Lgs. 33/2013,Comune Ideale,c_ideal,2025,https://albopretorio.comuneideale.it/delibera/526
527,Determinazione dirigenziale n. 186 - Nomina commissione giudicatrice ufficio anagrafe,Pubblicazione obbligatoria,Provvedimenti,si,Art. 23 D.Lgs. 33/2013,Comune Ideale,c_ideal,2025,https://albopretorio.comuneideale.it/delibera/527
528,Determinazione dirigenziale n. 323 - Concessione contributo a impianti sportivi comunali,Pubblicazione obbligatoria,Provvedimenti,si,Art. 23 D.Lgs. 33/2013,Comune Ideale,c_ideal,2025,https://albopretorio.comuneideale.it/delibera/528
529,Determinazione dirigenziale n. 94 - Approvazione servizio pulizie,Pubblicazione obbligatoria,Provvedimenti,si,Art. 23 D.Lgs. 33/2013,Comune Ideale,c_ideal,2025,https://albopretorio.comuneideale.it/delibera/529
530,Determinazione dirigenziale n. 224 - Aggiudicazione servizio di protezione civile,Pubblicazione obbligatoria,Provvedimenti,si,Art. 23 D.Lgs. 33/2013,Comune Ideale,c_ideal,2025,https://albopretorio.comuneideale.it/delibera/530
531,Giunta n. 193 - Approvazione biblioteca civica,Pubblicazione obbligatoria,Provvedimenti,si,Art. 23 D.Lgs. 33/2013,Comune Ideale,c_ideal,2025,https://albopretorio.comuneideale.it/delibera/531
532,Determinazione dirigenziale n. 317 - Approvazione Piano triennale fornitura cancelleria,Pubblicazione obbligatoria,Provvedimenti,si,Art. 23 D.Lgs. 33/2013,Comune Ideale,c_ideal,2025,https://albopretorio.comuneideale.it/delibera/532
533,Determinazione dirigenziale n. 97 - Concessione contributo a impianti sportivi comunali,Pubblicazione obbligatoria,Provvedimenti,si,Art. 23 D.Lgs. 33/2013,Comune Ideale,c_ideal,2025,https://albopretorio.comuneideale.it/delibera/533
534,Consiglio n. 294 - Nomina commissione giudicatrice illuminazione pubblica,Pubblicazione obbligatoria,Provvedimenti,si,Art. 23 D.Lgs. 33/2013,Comune Ideale,c_ideal,2025,https://albopretorio.comuneideale.it/delibera/534
535,Determinazione dirigenziale n. 42 - Convenzione con verde pubblico,Pubblicazione obbligatoria,Provvedimenti,si,Art. 23 D.Lgs. 33/2013,Comune Ideale,c_ideal,2025,https://albopretorio.comuneideale.it/delibera/535
536,Determinazione dirigenziale n. 71 - Costituzione gruppo di lavoro per fornitura cancelleria,Pubblicazione obbligatoria,Provvedimenti,si,Art. 23 D.Lgs. 33/2013,Comune Ideale,c_ideal,2025,https://albopretorio.comuneideale.it/delibera/536
537,Determinazione dirigenziale n. 24 - Modifica regolamento impianti sportivi comunali,Pubblicazione obbligatoria,Provvedimenti,si,Art. 23 D.Lgs. 33/2013,Comune Ideale,c_ideal,2025,https://albopretorio.comuneideale.it/delibera/537
538,Giunta n. 96 - Approvazione Piano triennale servizio mensa scolastica,Pubblicazione obbligatoria,Provvedimenti,si,Art. 23 D.Lgs. 33/2013,Comune Ideale,c_ideal,2025,https://albopretorio.comuneideale.it/delibera/538
539,Determinazione dirigenziale n. 219 - Modifica regolamento manutenzione strade,Pubblicazione obbligatoria,Provvedimenti,si,Art. 23 D.Lgs. 33/2013,Comune Ideale,c_ideal,2025,https://albopretorio.comuneideale.it/delibera/539
540,Giunta n. 166 - Nomina commissione giudicatrice servizio pulizie,Pubblicazione obbligatoria,Provvedimenti,si,Art. 23 D.Lgs. 33/2013,Comune Ideale,c_ideal,2025,https://albopretorio.comuneideale.it/delibera/540
541,Consiglio n. 74 - Variazione di bilancio relativa a trasporto scolastico,Pubblicazione obbligatoria,Provvedimenti,si,Art. 23 D.Lgs. 33/2013,Comune Ideale,c_ideal,2025,https://albopretorio.comuneideale.it/delibera/541
542,Determinazione dirigenziale n. 185 - Approvazione Piano triennale verde pubblico,Pubblicazione obbligatoria,Provvedimenti,si,Art. 23 D.Lgs. 33/2013,Comune Ideale,c_ideal,2025,https://albopretorio.comuneideale.it/delibera/542
543,Determinazione dirigenziale n. 226 - Modifica regolamento sicurezza urbana,Pubblicazione obbligatoria,Provvedimenti,si,Art. 23 D.Lgs. 33/2013,Comune Ideale,c_ideal,2025,https://albopretorio.comuneideale.it/delibera/543
544,Giunta n. 22 - Nomina commissione giudicatrice impianti sportivi comunali,Pubblicazione obbligatoria,Provvedimenti,si,Art. 23 D.Lgs. 33/2013,Comune Ideale,c_ideal,2025,https://albopretorio.comuneideale.it/delibera/544
545,Giunta n. 312 - Costituzione gruppo di lavoro per consulenze legali,Pubblicazione obbligatoria,Provvedimenti,si,Art. 23 D.Lgs. 33/2013,Comune Ideale,c_ideal,2025,https://albopretorio.comuneideale.it/delibera/545
546,Giunta n. 246 - Costituzione gruppo di lavoro per manutenzione cimiteri,Pubblicazione obbligatoria,Provvedimenti,si,Art. 23 D.Lgs. 33/2013,Comune Ideale,c_ideal,2025,https://albopretorio.comuneideale.it/delibera/546
547,Consiglio n. 267 - Approvazione Piano triennale progettazione opera pubblica,Pubblicazione obbligatoria,Provvedimenti,si,Art. 23 D.Lgs. 33/2013,Comune Ideale,c_ideal,2025,https://albopretorio.comuneideale.it/delibera/547
548,Determinazione dirigenziale n. 218 - Affidamento incarico per impianti sportivi comunali,Pubblicazione obbligatoria,Provvedimenti,si,Art. 23 D.Lgs. 33/2013,Comune Ideale,c_ideal,2025,https://albopretorio.comuneideale.it/delibera/548
549,Determinazione dirigenziale n. 197 - Variazione di bilancio relativa a protezione civile,Pubblicazione obbligatoria,Provvedimenti,si,Art. 23 D.Lgs. 33/2013,Comune Ideale,c_ideal,2025,https://albopretorio.comuneideale.it/delibera/549
550,Giunta n. 135 - Costituzione gruppo di lavoro per ufficio anagrafe,Pubblicazione obbligatoria,Provvedimenti,si,Art. 23 D.Lgs. 33/2013,Comune Ideale,c_ideal,2025,https://albopretorio.comuneideale.it/delibera/550
551,Determinazione dirigenziale n. 120 - Nomina commissione giudicatrice consulenze legali,Pubblicazione obbligatoria,Provvedimenti,si,Art. 23 D.Lgs. 33/2013,Comune Ideale,c_ideal,2025,https://albopretorio.comuneideale.it/delibera/551
552,Determinazione dirigenziale n. 219 - Approvazione Piano triennale trasporto scolastico,Pubblicazione obbligatoria,Provvedimenti,si,Art. 23 D.Lgs. 33/2013,Comune Ideale,c_ideal,2025,https://albopretorio.comuneideale.it/delibera/552
553,Giunta n. 274 - Concessione contributo a eventi natalizi,Pubblicazione obbligatoria,Provvedimenti,si,Art. 23 D.Lgs. 33/2013,Comune Ideale,c_ideal,2025,https://albopretorio.comuneideale.it/delibera/553
554,Consiglio n. 107 - Indizione gara per consulenze legali,Pubblicazione obbligatoria,Provvedimenti,si,Art. 23 D.Lgs. 33/2013,Comune Ideale,c_ideal,2025,https://albopretorio.comuneideale.it/delibera/554
555,Determinazione dirigenziale n. 184 - Variazione di bilancio relativa a trasporto scolastico,Pubblicazione obbligatoria,Provvedimenti,si,Art. 23 D.Lgs. 33/2013,Comune Ideale,c_ideal,2025,https://albopretorio.comuneideale.it/delibera/555
556,Determinazione dirigenziale n. 231 - Nomina commissione giudicatrice progettazione opera pubblica,Pubblicazione obbligatoria,Provvedimenti,si,Art. 23 D.Lgs. 33/2013,Comune Ideale,c_ideal,2025,https://albopretorio.comuneideale.it/delibera/556
557,Giunta n. 136 - Concessione contributo a verde pubblico,Pubblicazione obbligatoria,Provvedimenti,si,Art. 23 D.Lgs. 33/2013,Comune Ideale,c_ideal,2025,https://albopretorio.comuneideale.it/delibera/557
558,Giunta n. 160 - Indizione gara per manutenzione cimiteri,Pubblicazione obbligatoria,Provvedimenti,si,Art. 23 D.Lgs. 33/2013,Comune Ideale,c_ideal,2025,https://albopretorio.comuneideale.it/delibera/558
559,Determinazione dirigenziale n. 146 - Approvazione Piano triennale fornitura cancelleria,Pubblicazione obbligatoria,Provvedimenti,si,Art. 23 D.Lgs. 33/2013,Comune Ideale,c_ideal,2025,https://albopretorio.comuneideale.it/delibera/559
560,Determinazione dirigenziale n. 22 - Concessione contributo a biblioteca civica,Pubblicazione obbligatoria,Provvedimenti,si,Art. 23 D.Lgs. 33/2013,Comune Ideale,c_ideal,2025,https://albopretorio.comuneideale.it/delibera/560
561,Determinazione dirigenziale n. 332 - Liquidazione fattura n.3079 per protezione civile,Pubblicazione obbligatoria,Provvedimenti,si,Art. 23 D.Lgs. 33/2013,Comune Ideale,c_ideal,2025,https://albopretorio.comuneideale.it/delibera/561
562,Giunta n. 293 - Approvazione Piano triennale illuminazione pubblica,Pubblicazione obbligatoria,Provvedimenti,si,Art. 23 D.Lgs. 33/2013,Comune Ideale,c_ideal,2025,https://albopretorio.comuneideale.it/delibera/562
563,Determinazione dirigenziale n. 243 - Indizione gara per consulenze legali,Pubblicazione obbligatoria,Provvedimenti,si,Art. 23 D.Lgs. 33/2013,Comune Ideale,c_ideal,2025,https://albopretorio.comuneideale.it/delibera/563
564,Determinazione dirigenziale n. 221 - Variazione di bilancio relativa a biblioteca civica,Pubblicazione obbligatoria,Provvedimenti,si,Art. 23 D.Lgs. 33/2013,Comune Ideale,c_ideal,2025,https://albopretorio.comuneideale.it/delibera/564
565,Determinazione dirigenziale n. 265 - Approvazione noleggio fotocopiatrici,Pubblicazione obbligatoria,Provvedimenti,si,Art. 23 D.Lgs. 33/2013,Comune Ideale,c_ideal,2025,https://albopretorio.comuneideale.it/delibera/565
566,Determinazione dirigenziale n. 302 - Approvazione Piano triennale biblioteca civica,Pubblicazione obbligatoria,Provvedimenti,si,Art. 23 D.Lgs. 33/2013,Comune Ideale,c_ideal,2025,https://albopretorio.comuneideale.it/delibera/566
567,Determinazione dirigenziale n. 174 - Variazione di bilancio relativa a consulenze legali,Pubblicazione obbligatoria,Provvedimenti,si,Art. 23 D.Lgs. 33/2013,Comune Ideale,c_ideal,2025,https://albopretorio.comuneideale.it/delibera/567
568,Determinazione dirigenziale n. 123 - Approvazione Piano triennale eventi natalizi,Pubblicazione obbligatoria,Provvedimenti,si,Art. 23 D.Lgs. 33/2013,Comune Ideale,c_ideal,2025,https://albopretorio.comuneideale.it/delibera/568
569,Determinazione dirigenziale n. 176 - Indizione gara per asili nido comunali,Pubblicazione obbligatoria,Provvedimenti,si,Art. 23 D.Lgs. 33/2013,Comune Ideale,c_ideal,2025,https://albopretorio.comuneideale.it/delibera/569
570,Determinazione dirigenziale n. 316 - Variazione di bilancio relativa a servizio pulizie,Pubblicazione obbligatoria,Provvedimenti,si,Art. 23 D.Lgs. 33/2013,Comune Ideale,c_ideal,2025,https://albopretorio.comuneideale.it/delibera/570
571,Determinazione dirigenziale n. 181 - Approvazione Piano triennale fornitura cancelleria,Pubblicazione obbligatoria,Provvedimenti,si,Art. 23 D.Lgs. 33/2013,Comune Ideale,c_ideal,2025,https://albopretorio.comuneideale.it/delibera/571
572,Determinazione dirigenziale n. 81 - Approvazione servizio pulizie,Pubblicazione obbligatoria,Provvedimenti,si,Art. 23 D.Lgs. 33/2013,Comune Ideale,c_ideal,2025,https://albopretorio.comuneideale.it/delibera/572
573,Giunta n. 20 - Approvazione Piano triennale eventi natalizi,Pubblicazione obbligatoria,Provvedimenti,si,Art. 23 D.Lgs. 33/2013,Comune Ideale,c_ideal,2025,https://albopretorio.comuneideale.it/delibera/573
574,Consiglio n. 68 - Affidamento incarico per illuminazione pubblica,Pubblicazione obbligatoria,Provvedimenti,si,Art. 23 D.Lgs. 33/2013,Comune Ideale,c_ideal,2025,https://albopretorio.comuneideale.it/delibera/574
575,Consiglio n. 91 - Approvazione protezione civile,Pubblicazione obbligatoria,Provvedimenti,si,Art. 23 D.Lgs. 33/2013,Comune Ideale,c_ideal,2025,https://albopretorio.comuneideale.it/delibera/575
576,Consiglio n. 270 - Aggiudicazione servizio di protezione civile,Pubblicazione obbligatoria,Provvedimenti,si,Art. 23 D.Lgs. 33/2013,Comune Ideale,c_ideal,2025,https://albopretorio.comuneideale.it/delibera/576
577,Consiglio n. 105 - Approvazione eventi natalizi,Pubblicazione obbligatoria,Provvedimenti,si,Art. 23 D.Lgs. 33/2013,Comune Ideale,c_ideal,2025,https://albopretorio.comuneideale.it/delibera/577
578,Determinazione dirigenziale n. 265 - Modifica regolamento trasporto scolastico,Pubblicazione obbligatoria,Provvedimenti,si,Art. 23 D.Lgs. 33/2013,Comune Ideale,c_ideal,2025,https://albopretorio.comuneideale.it/delibera/578
579,Giunta n. 315 - Liquidazione fattura n.8688 per sicurezza urbana,Pubblicazione obbligatoria,Provvedimenti,si,Art. 23 D.Lgs. 33/2013,Comune Ideale,c_ideal,2025,https://albopretorio.comuneideale.it/delibera/579
580,Determinazione dirigenziale n. 238 - Variazione di bilancio relativa a ufficio anagrafe,Pubblicazione obbligatoria,Provvedimenti,si,Art. 23 D.Lgs. 33/2013,Comune Ideale,c_ideal,2025,https://albopretorio.comuneideale.it/delibera/580
581,Determinazione dirigenziale n. 279 - Affidamento incarico per progettazione opera pubblica,Pubblicazione obbligatoria,Provvedimenti,si,Art. 23 D.Lgs. 33/2013,Comune Ideale,c_ideal,2025,https://albopretorio.comuneideale.it/delibera/581
582,Determinazione dirigenziale n. 189 - Aggiudicazione servizio di fornitura cancelleria,Pubblicazione obbligatoria,Provvedimenti,si,Art. 23 D.Lgs. 33/2013,Comune Ideale,c_ideal,2025,https://albopretorio.comuneideale.it/delibera/582
583,Giunta n. 31 - Concessione contributo a fornitura cancelleria,Pubblicazione obbligatoria,Provvedimenti,si,Art. 23 D.Lgs. 33/2013,Comune Ideale,c_ideal,2025,https://albopretorio.comuneideale.it/delibera/583
584,Giunta n. 201 - Affidamento incarico per servizio mensa scolastica,Pubblicazione obbligatoria,Provvedimenti,si,Art. 23 D.Lgs. 33/2013,Comune Ideale,c_ideal,2025,https://albopretorio.comuneideale.it/delibera/584
585,Determinazione dirigenziale n. 139 - Nomina commissione giudicatrice eventi natalizi,Pubblicazione obbligatoria,Provvedimenti,si,Art. 23 D.Lgs. 33/2013,Comune Ideale,c_ideal,2025,https://albopretorio.comuneideale.it/delibera/585
586,Consiglio n. 227 - Approvazione eventi natalizi,Pubblicazione obbligatoria,Provvedimenti,si,Art. 23 D.Lgs. 33/2013,Comune Ideale,c_ideal,2025,https://albopretorio.comuneideale.it/delibera/586
587,Determinazione dirigenziale n. 253 - Approvazione Piano triennale sicurezza urbana,Pubblicazione obbligatoria,Provvedimenti,si,Art. 23 D.Lgs. 33/2013,Comune Ideale,c_ideal,2025,https://albopretorio.comuneideale.it/delibera/587
588,Consiglio n. 179 - Nomina commissione giudicatrice progettazione opera pubblica,Pubblicazione obbligatoria,Provvedimenti,si,Art. 23 D.Lgs. 33/2013,Comune Ideale,c_ideal,2025,https://albopretorio.comuneideale.it/delibera/588
589,Giunta n. 55 - Affidamento incarico per noleggio fotocopiatrici,Pubblicazione obbligatoria,Provvedimenti,si,Art. 23 D.Lgs. 33/2013,Comune Ideale,c_ideal,2025,https://albopretorio.comuneideale.it/delibera/589
590,Determinazione dirigenziale n. 113 - Affidamento incarico per asili nido comunali,Pubblicazione obbligatoria,Provvedimenti,si,Art. 23 D.Lgs. 33/2013,Comune Ideale,c_ideal,2025,https://albopretorio.comuneideale.it/delibera/590
591,Determinazione dirigenziale n. 26 - Approvazione Piano triennale sicurezza urbana,Pubblicazione obbligatoria,Provvedimenti,si,Art. 23 D.Lgs. 33/2013,Comune Ideale,c_ideal,2025,https://albopretorio.comuneideale.it/delibera/591
